--
-- PostgreSQL database dump
--

-- Dumped from database version 14.11 (Ubuntu 14.11-0ubuntu0.22.04.1)
-- Dumped by pg_dump version 14.11 (Ubuntu 14.11-0ubuntu0.22.04.1)

SET statement_timeout = 0;
SET lock_timeout = 0;
SET idle_in_transaction_session_timeout = 0;
SET client_encoding = 'UTF8';
SET standard_conforming_strings = on;
SELECT pg_catalog.set_config('search_path', '', false);
SET check_function_bodies = false;
SET xmloption = content;
SET client_min_messages = warning;
SET row_security = off;

SET default_tablespace = '';

SET default_table_access_method = heap;

--
-- Name: auth_group; Type: TABLE; Schema: public; Owner: postgres
--

CREATE TABLE public.auth_group (
    id integer NOT NULL,
    name character varying(150) NOT NULL
);


ALTER TABLE public.auth_group OWNER TO postgres;

--
-- Name: auth_group_id_seq; Type: SEQUENCE; Schema: public; Owner: postgres
--

ALTER TABLE public.auth_group ALTER COLUMN id ADD GENERATED BY DEFAULT AS IDENTITY (
    SEQUENCE NAME public.auth_group_id_seq
    START WITH 1
    INCREMENT BY 1
    NO MINVALUE
    NO MAXVALUE
    CACHE 1
);


--
-- Name: auth_group_permissions; Type: TABLE; Schema: public; Owner: postgres
--

CREATE TABLE public.auth_group_permissions (
    id bigint NOT NULL,
    group_id integer NOT NULL,
    permission_id integer NOT NULL
);


ALTER TABLE public.auth_group_permissions OWNER TO postgres;

--
-- Name: auth_group_permissions_id_seq; Type: SEQUENCE; Schema: public; Owner: postgres
--

ALTER TABLE public.auth_group_permissions ALTER COLUMN id ADD GENERATED BY DEFAULT AS IDENTITY (
    SEQUENCE NAME public.auth_group_permissions_id_seq
    START WITH 1
    INCREMENT BY 1
    NO MINVALUE
    NO MAXVALUE
    CACHE 1
);


--
-- Name: auth_permission; Type: TABLE; Schema: public; Owner: postgres
--

CREATE TABLE public.auth_permission (
    id integer NOT NULL,
    name character varying(255) NOT NULL,
    content_type_id integer NOT NULL,
    codename character varying(100) NOT NULL
);


ALTER TABLE public.auth_permission OWNER TO postgres;

--
-- Name: auth_permission_id_seq; Type: SEQUENCE; Schema: public; Owner: postgres
--

ALTER TABLE public.auth_permission ALTER COLUMN id ADD GENERATED BY DEFAULT AS IDENTITY (
    SEQUENCE NAME public.auth_permission_id_seq
    START WITH 1
    INCREMENT BY 1
    NO MINVALUE
    NO MAXVALUE
    CACHE 1
);


--
-- Name: cuenta_estadoregistro; Type: TABLE; Schema: public; Owner: postgres
--

CREATE TABLE public.cuenta_estadoregistro (
    estado character varying(1) NOT NULL,
    nombre character varying(50)
);


ALTER TABLE public.cuenta_estadoregistro OWNER TO postgres;

--
-- Name: cuenta_modulo; Type: TABLE; Schema: public; Owner: postgres
--

CREATE TABLE public.cuenta_modulo (
    id bigint NOT NULL,
    nombre character varying(100),
    url character varying(50),
    "contentType_id" integer,
    estado_id character varying(1)
);


ALTER TABLE public.cuenta_modulo OWNER TO postgres;

--
-- Name: cuenta_modulo_id_seq; Type: SEQUENCE; Schema: public; Owner: postgres
--

ALTER TABLE public.cuenta_modulo ALTER COLUMN id ADD GENERATED BY DEFAULT AS IDENTITY (
    SEQUENCE NAME public.cuenta_modulo_id_seq
    START WITH 1
    INCREMENT BY 1
    NO MINVALUE
    NO MAXVALUE
    CACHE 1
);


--
-- Name: cuenta_user; Type: TABLE; Schema: public; Owner: postgres
--

CREATE TABLE public.cuenta_user (
    id bigint NOT NULL,
    password character varying(128) NOT NULL,
    last_login timestamp with time zone,
    is_superuser boolean NOT NULL,
    username character varying(150) NOT NULL,
    first_name character varying(150) NOT NULL,
    last_name character varying(150) NOT NULL,
    email character varying(254) NOT NULL,
    is_staff boolean NOT NULL,
    is_active boolean NOT NULL,
    date_joined timestamp with time zone NOT NULL,
    "codigoAsesor" character varying(100),
    "isAdmin" boolean NOT NULL,
    estado_id character varying(1)
);


ALTER TABLE public.cuenta_user OWNER TO postgres;

--
-- Name: cuenta_user_groups; Type: TABLE; Schema: public; Owner: postgres
--

CREATE TABLE public.cuenta_user_groups (
    id bigint NOT NULL,
    user_id bigint NOT NULL,
    group_id integer NOT NULL
);


ALTER TABLE public.cuenta_user_groups OWNER TO postgres;

--
-- Name: cuenta_user_groups_id_seq; Type: SEQUENCE; Schema: public; Owner: postgres
--

ALTER TABLE public.cuenta_user_groups ALTER COLUMN id ADD GENERATED BY DEFAULT AS IDENTITY (
    SEQUENCE NAME public.cuenta_user_groups_id_seq
    START WITH 1
    INCREMENT BY 1
    NO MINVALUE
    NO MAXVALUE
    CACHE 1
);


--
-- Name: cuenta_user_id_seq; Type: SEQUENCE; Schema: public; Owner: postgres
--

ALTER TABLE public.cuenta_user ALTER COLUMN id ADD GENERATED BY DEFAULT AS IDENTITY (
    SEQUENCE NAME public.cuenta_user_id_seq
    START WITH 1
    INCREMENT BY 1
    NO MINVALUE
    NO MAXVALUE
    CACHE 1
);


--
-- Name: cuenta_user_user_permissions; Type: TABLE; Schema: public; Owner: postgres
--

CREATE TABLE public.cuenta_user_user_permissions (
    id bigint NOT NULL,
    user_id bigint NOT NULL,
    permission_id integer NOT NULL
);


ALTER TABLE public.cuenta_user_user_permissions OWNER TO postgres;

--
-- Name: cuenta_user_user_permissions_id_seq; Type: SEQUENCE; Schema: public; Owner: postgres
--

ALTER TABLE public.cuenta_user_user_permissions ALTER COLUMN id ADD GENERATED BY DEFAULT AS IDENTITY (
    SEQUENCE NAME public.cuenta_user_user_permissions_id_seq
    START WITH 1
    INCREMENT BY 1
    NO MINVALUE
    NO MAXVALUE
    CACHE 1
);


--
-- Name: django_admin_log; Type: TABLE; Schema: public; Owner: postgres
--

CREATE TABLE public.django_admin_log (
    id integer NOT NULL,
    action_time timestamp with time zone NOT NULL,
    object_id text,
    object_repr character varying(200) NOT NULL,
    action_flag smallint NOT NULL,
    change_message text NOT NULL,
    content_type_id integer,
    user_id bigint NOT NULL,
    CONSTRAINT django_admin_log_action_flag_check CHECK ((action_flag >= 0))
);


ALTER TABLE public.django_admin_log OWNER TO postgres;

--
-- Name: django_admin_log_id_seq; Type: SEQUENCE; Schema: public; Owner: postgres
--

ALTER TABLE public.django_admin_log ALTER COLUMN id ADD GENERATED BY DEFAULT AS IDENTITY (
    SEQUENCE NAME public.django_admin_log_id_seq
    START WITH 1
    INCREMENT BY 1
    NO MINVALUE
    NO MAXVALUE
    CACHE 1
);


--
-- Name: django_celery_beat_clockedschedule; Type: TABLE; Schema: public; Owner: postgres
--

CREATE TABLE public.django_celery_beat_clockedschedule (
    id integer NOT NULL,
    clocked_time timestamp with time zone NOT NULL
);


ALTER TABLE public.django_celery_beat_clockedschedule OWNER TO postgres;

--
-- Name: django_celery_beat_clockedschedule_id_seq; Type: SEQUENCE; Schema: public; Owner: postgres
--

ALTER TABLE public.django_celery_beat_clockedschedule ALTER COLUMN id ADD GENERATED BY DEFAULT AS IDENTITY (
    SEQUENCE NAME public.django_celery_beat_clockedschedule_id_seq
    START WITH 1
    INCREMENT BY 1
    NO MINVALUE
    NO MAXVALUE
    CACHE 1
);


--
-- Name: django_celery_beat_crontabschedule; Type: TABLE; Schema: public; Owner: postgres
--

CREATE TABLE public.django_celery_beat_crontabschedule (
    id integer NOT NULL,
    minute character varying(240) NOT NULL,
    hour character varying(96) NOT NULL,
    day_of_week character varying(64) NOT NULL,
    day_of_month character varying(124) NOT NULL,
    month_of_year character varying(64) NOT NULL,
    timezone character varying(63) NOT NULL
);


ALTER TABLE public.django_celery_beat_crontabschedule OWNER TO postgres;

--
-- Name: django_celery_beat_crontabschedule_id_seq; Type: SEQUENCE; Schema: public; Owner: postgres
--

ALTER TABLE public.django_celery_beat_crontabschedule ALTER COLUMN id ADD GENERATED BY DEFAULT AS IDENTITY (
    SEQUENCE NAME public.django_celery_beat_crontabschedule_id_seq
    START WITH 1
    INCREMENT BY 1
    NO MINVALUE
    NO MAXVALUE
    CACHE 1
);


--
-- Name: django_celery_beat_intervalschedule; Type: TABLE; Schema: public; Owner: postgres
--

CREATE TABLE public.django_celery_beat_intervalschedule (
    id integer NOT NULL,
    every integer NOT NULL,
    period character varying(24) NOT NULL
);


ALTER TABLE public.django_celery_beat_intervalschedule OWNER TO postgres;

--
-- Name: django_celery_beat_intervalschedule_id_seq; Type: SEQUENCE; Schema: public; Owner: postgres
--

ALTER TABLE public.django_celery_beat_intervalschedule ALTER COLUMN id ADD GENERATED BY DEFAULT AS IDENTITY (
    SEQUENCE NAME public.django_celery_beat_intervalschedule_id_seq
    START WITH 1
    INCREMENT BY 1
    NO MINVALUE
    NO MAXVALUE
    CACHE 1
);


--
-- Name: django_celery_beat_periodictask; Type: TABLE; Schema: public; Owner: postgres
--

CREATE TABLE public.django_celery_beat_periodictask (
    id integer NOT NULL,
    name character varying(200) NOT NULL,
    task character varying(200) NOT NULL,
    args text NOT NULL,
    kwargs text NOT NULL,
    queue character varying(200),
    exchange character varying(200),
    routing_key character varying(200),
    expires timestamp with time zone,
    enabled boolean NOT NULL,
    last_run_at timestamp with time zone,
    total_run_count integer NOT NULL,
    date_changed timestamp with time zone NOT NULL,
    description text NOT NULL,
    crontab_id integer,
    interval_id integer,
    solar_id integer,
    one_off boolean NOT NULL,
    start_time timestamp with time zone,
    priority integer,
    headers text NOT NULL,
    clocked_id integer,
    expire_seconds integer,
    CONSTRAINT django_celery_beat_periodictask_expire_seconds_check CHECK ((expire_seconds >= 0)),
    CONSTRAINT django_celery_beat_periodictask_priority_check CHECK ((priority >= 0)),
    CONSTRAINT django_celery_beat_periodictask_total_run_count_check CHECK ((total_run_count >= 0))
);


ALTER TABLE public.django_celery_beat_periodictask OWNER TO postgres;

--
-- Name: django_celery_beat_periodictask_id_seq; Type: SEQUENCE; Schema: public; Owner: postgres
--

ALTER TABLE public.django_celery_beat_periodictask ALTER COLUMN id ADD GENERATED BY DEFAULT AS IDENTITY (
    SEQUENCE NAME public.django_celery_beat_periodictask_id_seq
    START WITH 1
    INCREMENT BY 1
    NO MINVALUE
    NO MAXVALUE
    CACHE 1
);


--
-- Name: django_celery_beat_periodictasks; Type: TABLE; Schema: public; Owner: postgres
--

CREATE TABLE public.django_celery_beat_periodictasks (
    ident smallint NOT NULL,
    last_update timestamp with time zone NOT NULL
);


ALTER TABLE public.django_celery_beat_periodictasks OWNER TO postgres;

--
-- Name: django_celery_beat_solarschedule; Type: TABLE; Schema: public; Owner: postgres
--

CREATE TABLE public.django_celery_beat_solarschedule (
    id integer NOT NULL,
    event character varying(24) NOT NULL,
    latitude numeric(9,6) NOT NULL,
    longitude numeric(9,6) NOT NULL
);


ALTER TABLE public.django_celery_beat_solarschedule OWNER TO postgres;

--
-- Name: django_celery_beat_solarschedule_id_seq; Type: SEQUENCE; Schema: public; Owner: postgres
--

ALTER TABLE public.django_celery_beat_solarschedule ALTER COLUMN id ADD GENERATED BY DEFAULT AS IDENTITY (
    SEQUENCE NAME public.django_celery_beat_solarschedule_id_seq
    START WITH 1
    INCREMENT BY 1
    NO MINVALUE
    NO MAXVALUE
    CACHE 1
);


--
-- Name: django_content_type; Type: TABLE; Schema: public; Owner: postgres
--

CREATE TABLE public.django_content_type (
    id integer NOT NULL,
    app_label character varying(100) NOT NULL,
    model character varying(100) NOT NULL
);


ALTER TABLE public.django_content_type OWNER TO postgres;

--
-- Name: django_content_type_id_seq; Type: SEQUENCE; Schema: public; Owner: postgres
--

ALTER TABLE public.django_content_type ALTER COLUMN id ADD GENERATED BY DEFAULT AS IDENTITY (
    SEQUENCE NAME public.django_content_type_id_seq
    START WITH 1
    INCREMENT BY 1
    NO MINVALUE
    NO MAXVALUE
    CACHE 1
);


--
-- Name: django_migrations; Type: TABLE; Schema: public; Owner: postgres
--

CREATE TABLE public.django_migrations (
    id bigint NOT NULL,
    app character varying(255) NOT NULL,
    name character varying(255) NOT NULL,
    applied timestamp with time zone NOT NULL
);


ALTER TABLE public.django_migrations OWNER TO postgres;

--
-- Name: django_migrations_id_seq; Type: SEQUENCE; Schema: public; Owner: postgres
--

ALTER TABLE public.django_migrations ALTER COLUMN id ADD GENERATED BY DEFAULT AS IDENTITY (
    SEQUENCE NAME public.django_migrations_id_seq
    START WITH 1
    INCREMENT BY 1
    NO MINVALUE
    NO MAXVALUE
    CACHE 1
);


--
-- Name: django_session; Type: TABLE; Schema: public; Owner: postgres
--

CREATE TABLE public.django_session (
    session_key character varying(40) NOT NULL,
    session_data text NOT NULL,
    expire_date timestamp with time zone NOT NULL
);


ALTER TABLE public.django_session OWNER TO postgres;

--
-- Name: marketing_banco; Type: TABLE; Schema: public; Owner: postgres
--

CREATE TABLE public.marketing_banco (
    id bigint NOT NULL,
    nombre character varying(100) NOT NULL,
    codigo character varying(100) NOT NULL,
    estado_id character varying(1)
);


ALTER TABLE public.marketing_banco OWNER TO postgres;

--
-- Name: marketing_banco_id_seq; Type: SEQUENCE; Schema: public; Owner: postgres
--

ALTER TABLE public.marketing_banco ALTER COLUMN id ADD GENERATED BY DEFAULT AS IDENTITY (
    SEQUENCE NAME public.marketing_banco_id_seq
    START WITH 1
    INCREMENT BY 1
    NO MINVALUE
    NO MAXVALUE
    CACHE 1
);


--
-- Name: marketing_campania; Type: TABLE; Schema: public; Owner: postgres
--

CREATE TABLE public.marketing_campania (
    id bigint NOT NULL,
    nombre character varying(100),
    organico boolean NOT NULL,
    codigo character varying(100),
    fecha_estimada date,
    fecha_cierre date,
    "coste_realSoles" double precision NOT NULL,
    "coste_realDolares" double precision NOT NULL,
    descripcion text,
    fecha_creacion timestamp with time zone NOT NULL,
    fecha_actualizacion timestamp with time zone NOT NULL,
    categoria_id bigint NOT NULL,
    estado_id character varying(1),
    proyecto_id bigint NOT NULL,
    "usuarioActualizador_id" bigint,
    "usuarioCreador_id" bigint
);


ALTER TABLE public.marketing_campania OWNER TO postgres;

--
-- Name: marketing_campania_id_seq; Type: SEQUENCE; Schema: public; Owner: postgres
--

ALTER TABLE public.marketing_campania ALTER COLUMN id ADD GENERATED BY DEFAULT AS IDENTITY (
    SEQUENCE NAME public.marketing_campania_id_seq
    START WITH 1
    INCREMENT BY 1
    NO MINVALUE
    NO MAXVALUE
    CACHE 1
);


--
-- Name: marketing_categoria; Type: TABLE; Schema: public; Owner: postgres
--

CREATE TABLE public.marketing_categoria (
    id bigint NOT NULL,
    nombre character varying(100) NOT NULL,
    codigo character varying(100) NOT NULL,
    estado_id character varying(1)
);


ALTER TABLE public.marketing_categoria OWNER TO postgres;

--
-- Name: marketing_categoria_id_seq; Type: SEQUENCE; Schema: public; Owner: postgres
--

ALTER TABLE public.marketing_categoria ALTER COLUMN id ADD GENERATED BY DEFAULT AS IDENTITY (
    SEQUENCE NAME public.marketing_categoria_id_seq
    START WITH 1
    INCREMENT BY 1
    NO MINVALUE
    NO MAXVALUE
    CACHE 1
);


--
-- Name: marketing_gastocampania; Type: TABLE; Schema: public; Owner: postgres
--

CREATE TABLE public.marketing_gastocampania (
    id bigint NOT NULL,
    "gastoSoles" double precision NOT NULL,
    "gastoDolares" double precision NOT NULL,
    "tipoCambioSoles" double precision NOT NULL,
    "fechaGasto" date NOT NULL,
    fecha_creacion timestamp with time zone NOT NULL,
    fecha_actualizacion timestamp with time zone NOT NULL,
    campania_id bigint NOT NULL,
    estado_id character varying(1),
    "presupuestoProyecto_id" bigint NOT NULL,
    "usuarioActualizador_id" bigint,
    "usuarioCreador_id" bigint
);


ALTER TABLE public.marketing_gastocampania OWNER TO postgres;

--
-- Name: marketing_gastocampania_id_seq; Type: SEQUENCE; Schema: public; Owner: postgres
--

ALTER TABLE public.marketing_gastocampania ALTER COLUMN id ADD GENERATED BY DEFAULT AS IDENTITY (
    SEQUENCE NAME public.marketing_gastocampania_id_seq
    START WITH 1
    INCREMENT BY 1
    NO MINVALUE
    NO MAXVALUE
    CACHE 1
);


--
-- Name: marketing_presupuestoproyecto; Type: TABLE; Schema: public; Owner: postgres
--

CREATE TABLE public.marketing_presupuestoproyecto (
    id bigint NOT NULL,
    "presupuestoSoles" double precision NOT NULL,
    "gastoTotalCampaniasSoles" double precision NOT NULL,
    "presupuestoDolares" double precision NOT NULL,
    "gastoTotalCampaniasDolares" double precision NOT NULL,
    "tipoCambioSoles" double precision NOT NULL,
    "fechaPresupuesto" date NOT NULL,
    fecha_creacion timestamp with time zone NOT NULL,
    fecha_actualizacion timestamp with time zone NOT NULL,
    estado_id character varying(1),
    proyecto_id bigint NOT NULL,
    "usuarioActualizador_id" bigint,
    "usuarioCreador_id" bigint,
    tarjeta character varying(100),
    banco_id bigint
);


ALTER TABLE public.marketing_presupuestoproyecto OWNER TO postgres;

--
-- Name: marketing_presupuestoproyecto_id_seq; Type: SEQUENCE; Schema: public; Owner: postgres
--

ALTER TABLE public.marketing_presupuestoproyecto ALTER COLUMN id ADD GENERATED BY DEFAULT AS IDENTITY (
    SEQUENCE NAME public.marketing_presupuestoproyecto_id_seq
    START WITH 1
    INCREMENT BY 1
    NO MINVALUE
    NO MAXVALUE
    CACHE 1
);


--
-- Name: marketing_proyecto; Type: TABLE; Schema: public; Owner: postgres
--

CREATE TABLE public.marketing_proyecto (
    id bigint NOT NULL,
    nombre character varying(100),
    ubicacion character varying(100),
    codigo character varying(10) NOT NULL,
    descripcion text,
    fecha_creacion timestamp with time zone NOT NULL,
    fecha_actualizacion timestamp with time zone NOT NULL,
    estado_id character varying(1),
    "usuarioActualizador_id" bigint,
    "usuarioCreador_id" bigint
);


ALTER TABLE public.marketing_proyecto OWNER TO postgres;

--
-- Name: marketing_proyecto_id_seq; Type: SEQUENCE; Schema: public; Owner: postgres
--

ALTER TABLE public.marketing_proyecto ALTER COLUMN id ADD GENERATED BY DEFAULT AS IDENTITY (
    SEQUENCE NAME public.marketing_proyecto_id_seq
    START WITH 1
    INCREMENT BY 1
    NO MINVALUE
    NO MAXVALUE
    CACHE 1
);


--
-- Name: multimedia_imagenproducto; Type: TABLE; Schema: public; Owner: postgres
--

CREATE TABLE public.multimedia_imagenproducto (
    id bigint NOT NULL,
    imagen character varying(100),
    producto_id bigint NOT NULL
);


ALTER TABLE public.multimedia_imagenproducto OWNER TO postgres;

--
-- Name: multimedia_imagenproducto_id_seq; Type: SEQUENCE; Schema: public; Owner: postgres
--

ALTER TABLE public.multimedia_imagenproducto ALTER COLUMN id ADD GENERATED BY DEFAULT AS IDENTITY (
    SEQUENCE NAME public.multimedia_imagenproducto_id_seq
    START WITH 1
    INCREMENT BY 1
    NO MINVALUE
    NO MAXVALUE
    CACHE 1
);


--
-- Name: multimedia_imagenproyecto; Type: TABLE; Schema: public; Owner: postgres
--

CREATE TABLE public.multimedia_imagenproyecto (
    id bigint NOT NULL,
    imagen character varying(100),
    proyecto_id bigint NOT NULL
);


ALTER TABLE public.multimedia_imagenproyecto OWNER TO postgres;

--
-- Name: multimedia_imagenproyecto_id_seq; Type: SEQUENCE; Schema: public; Owner: postgres
--

ALTER TABLE public.multimedia_imagenproyecto ALTER COLUMN id ADD GENERATED BY DEFAULT AS IDENTITY (
    SEQUENCE NAME public.multimedia_imagenproyecto_id_seq
    START WITH 1
    INCREMENT BY 1
    NO MINVALUE
    NO MAXVALUE
    CACHE 1
);


--
-- Name: multimedia_videoproducto; Type: TABLE; Schema: public; Owner: postgres
--

CREATE TABLE public.multimedia_videoproducto (
    id bigint NOT NULL,
    video character varying(100),
    producto_id bigint NOT NULL
);


ALTER TABLE public.multimedia_videoproducto OWNER TO postgres;

--
-- Name: multimedia_videoproducto_id_seq; Type: SEQUENCE; Schema: public; Owner: postgres
--

ALTER TABLE public.multimedia_videoproducto ALTER COLUMN id ADD GENERATED BY DEFAULT AS IDENTITY (
    SEQUENCE NAME public.multimedia_videoproducto_id_seq
    START WITH 1
    INCREMENT BY 1
    NO MINVALUE
    NO MAXVALUE
    CACHE 1
);


--
-- Name: multimedia_videoproyecto; Type: TABLE; Schema: public; Owner: postgres
--

CREATE TABLE public.multimedia_videoproyecto (
    id bigint NOT NULL,
    video character varying(100),
    proyecto_id bigint NOT NULL
);


ALTER TABLE public.multimedia_videoproyecto OWNER TO postgres;

--
-- Name: multimedia_videoproyecto_id_seq; Type: SEQUENCE; Schema: public; Owner: postgres
--

ALTER TABLE public.multimedia_videoproyecto ALTER COLUMN id ADD GENERATED BY DEFAULT AS IDENTITY (
    SEQUENCE NAME public.multimedia_videoproyecto_id_seq
    START WITH 1
    INCREMENT BY 1
    NO MINVALUE
    NO MAXVALUE
    CACHE 1
);


--
-- Name: token_blacklist_blacklistedtoken; Type: TABLE; Schema: public; Owner: postgres
--

CREATE TABLE public.token_blacklist_blacklistedtoken (
    id bigint NOT NULL,
    blacklisted_at timestamp with time zone NOT NULL,
    token_id bigint NOT NULL
);


ALTER TABLE public.token_blacklist_blacklistedtoken OWNER TO postgres;

--
-- Name: token_blacklist_blacklistedtoken_id_seq; Type: SEQUENCE; Schema: public; Owner: postgres
--

ALTER TABLE public.token_blacklist_blacklistedtoken ALTER COLUMN id ADD GENERATED BY DEFAULT AS IDENTITY (
    SEQUENCE NAME public.token_blacklist_blacklistedtoken_id_seq
    START WITH 1
    INCREMENT BY 1
    NO MINVALUE
    NO MAXVALUE
    CACHE 1
);


--
-- Name: token_blacklist_outstandingtoken; Type: TABLE; Schema: public; Owner: postgres
--

CREATE TABLE public.token_blacklist_outstandingtoken (
    id bigint NOT NULL,
    token text NOT NULL,
    created_at timestamp with time zone,
    expires_at timestamp with time zone NOT NULL,
    user_id bigint,
    jti character varying(255) NOT NULL
);


ALTER TABLE public.token_blacklist_outstandingtoken OWNER TO postgres;

--
-- Name: token_blacklist_outstandingtoken_id_seq; Type: SEQUENCE; Schema: public; Owner: postgres
--

ALTER TABLE public.token_blacklist_outstandingtoken ALTER COLUMN id ADD GENERATED BY DEFAULT AS IDENTITY (
    SEQUENCE NAME public.token_blacklist_outstandingtoken_id_seq
    START WITH 1
    INCREMENT BY 1
    NO MINVALUE
    NO MAXVALUE
    CACHE 1
);


--
-- Name: ventas_cotizacion; Type: TABLE; Schema: public; Owner: postgres
--

CREATE TABLE public.ventas_cotizacion (
    id bigint NOT NULL,
    nombre character varying(100) NOT NULL,
    fecha timestamp with time zone,
    duracion integer,
    estado_id character varying(1),
    proyecto_id bigint,
    tipo_id bigint
);


ALTER TABLE public.ventas_cotizacion OWNER TO postgres;

--
-- Name: ventas_cotizacion_id_seq; Type: SEQUENCE; Schema: public; Owner: postgres
--

ALTER TABLE public.ventas_cotizacion ALTER COLUMN id ADD GENERATED BY DEFAULT AS IDENTITY (
    SEQUENCE NAME public.ventas_cotizacion_id_seq
    START WITH 1
    INCREMENT BY 1
    NO MINVALUE
    NO MAXVALUE
    CACHE 1
);


--
-- Name: ventas_cuota; Type: TABLE; Schema: public; Owner: postgres
--

CREATE TABLE public.ventas_cuota (
    id bigint NOT NULL,
    numero integer,
    tiempo integer,
    porcentaje double precision,
    fecha timestamp with time zone,
    cotizacion_id bigint,
    estado_id character varying(1),
    tipo_id bigint
);


ALTER TABLE public.ventas_cuota OWNER TO postgres;

--
-- Name: ventas_cuota_id_seq; Type: SEQUENCE; Schema: public; Owner: postgres
--

ALTER TABLE public.ventas_cuota ALTER COLUMN id ADD GENERATED BY DEFAULT AS IDENTITY (
    SEQUENCE NAME public.ventas_cuota_id_seq
    START WITH 1
    INCREMENT BY 1
    NO MINVALUE
    NO MAXVALUE
    CACHE 1
);


--
-- Name: ventas_desasignacionconfiguracion; Type: TABLE; Schema: public; Owner: postgres
--

CREATE TABLE public.ventas_desasignacionconfiguracion (
    id bigint NOT NULL,
    rango integer NOT NULL
);


ALTER TABLE public.ventas_desasignacionconfiguracion OWNER TO postgres;

--
-- Name: ventas_desasignacionconfiguracion_id_seq; Type: SEQUENCE; Schema: public; Owner: postgres
--

ALTER TABLE public.ventas_desasignacionconfiguracion ALTER COLUMN id ADD GENERATED BY DEFAULT AS IDENTITY (
    SEQUENCE NAME public.ventas_desasignacionconfiguracion_id_seq
    START WITH 1
    INCREMENT BY 1
    NO MINVALUE
    NO MAXVALUE
    CACHE 1
);


--
-- Name: ventas_desasignacionleadasesor; Type: TABLE; Schema: public; Owner: postgres
--

CREATE TABLE public.ventas_desasignacionleadasesor (
    id bigint NOT NULL,
    fecha timestamp with time zone NOT NULL,
    lead_id bigint,
    usuario_id bigint
);


ALTER TABLE public.ventas_desasignacionleadasesor OWNER TO postgres;

--
-- Name: ventas_desasignacionleadasesor_id_seq; Type: SEQUENCE; Schema: public; Owner: postgres
--

ALTER TABLE public.ventas_desasignacionleadasesor ALTER COLUMN id ADD GENERATED BY DEFAULT AS IDENTITY (
    SEQUENCE NAME public.ventas_desasignacionleadasesor_id_seq
    START WITH 1
    INCREMENT BY 1
    NO MINVALUE
    NO MAXVALUE
    CACHE 1
);


--
-- Name: ventas_estadoevento; Type: TABLE; Schema: public; Owner: postgres
--

CREATE TABLE public.ventas_estadoevento (
    id bigint NOT NULL,
    nombre character varying(20),
    estado_id character varying(1)
);


ALTER TABLE public.ventas_estadoevento OWNER TO postgres;

--
-- Name: ventas_estadoevento_id_seq; Type: SEQUENCE; Schema: public; Owner: postgres
--

ALTER TABLE public.ventas_estadoevento ALTER COLUMN id ADD GENERATED BY DEFAULT AS IDENTITY (
    SEQUENCE NAME public.ventas_estadoevento_id_seq
    START WITH 1
    INCREMENT BY 1
    NO MINVALUE
    NO MAXVALUE
    CACHE 1
);


--
-- Name: ventas_estadolead; Type: TABLE; Schema: public; Owner: postgres
--

CREATE TABLE public.ventas_estadolead (
    nombre character varying(2) NOT NULL,
    descripcion character varying(50),
    color character varying(10) NOT NULL,
    estado_id character varying(1)
);


ALTER TABLE public.ventas_estadolead OWNER TO postgres;

--
-- Name: ventas_estadoseparacionlead; Type: TABLE; Schema: public; Owner: postgres
--

CREATE TABLE public.ventas_estadoseparacionlead (
    id bigint NOT NULL,
    nombre character varying(20) NOT NULL,
    color character varying(10) NOT NULL,
    estado_id character varying(1)
);


ALTER TABLE public.ventas_estadoseparacionlead OWNER TO postgres;

--
-- Name: ventas_estadoseparacionlead_id_seq; Type: SEQUENCE; Schema: public; Owner: postgres
--

ALTER TABLE public.ventas_estadoseparacionlead ALTER COLUMN id ADD GENERATED BY DEFAULT AS IDENTITY (
    SEQUENCE NAME public.ventas_estadoseparacionlead_id_seq
    START WITH 1
    INCREMENT BY 1
    NO MINVALUE
    NO MAXVALUE
    CACHE 1
);


--
-- Name: ventas_evento; Type: TABLE; Schema: public; Owner: postgres
--

CREATE TABLE public.ventas_evento (
    id bigint NOT NULL,
    titulo character varying(100),
    duracion integer NOT NULL,
    fecha_visita timestamp with time zone NOT NULL,
    observacion text,
    fecha_creacion timestamp with time zone NOT NULL,
    fecha_actualizacion timestamp with time zone NOT NULL,
    separado boolean NOT NULL,
    asesor_id bigint NOT NULL,
    estado_id character varying(1),
    "estadoEvento_id" bigint,
    lead_id bigint,
    objecion_id bigint,
    tipo_id bigint,
    "usuarioActualizador_id" bigint,
    "usuarioCreador_id" bigint
);


ALTER TABLE public.ventas_evento OWNER TO postgres;

--
-- Name: ventas_evento_id_seq; Type: SEQUENCE; Schema: public; Owner: postgres
--

ALTER TABLE public.ventas_evento ALTER COLUMN id ADD GENERATED BY DEFAULT AS IDENTITY (
    SEQUENCE NAME public.ventas_evento_id_seq
    START WITH 1
    INCREMENT BY 1
    NO MINVALUE
    NO MAXVALUE
    CACHE 1
);


--
-- Name: ventas_historicoleadasesor; Type: TABLE; Schema: public; Owner: postgres
--

CREATE TABLE public.ventas_historicoleadasesor (
    id bigint NOT NULL,
    fecha_creacion timestamp with time zone NOT NULL,
    lead_id bigint,
    usuario_id bigint
);


ALTER TABLE public.ventas_historicoleadasesor OWNER TO postgres;

--
-- Name: ventas_historicoleadasesor_id_seq; Type: SEQUENCE; Schema: public; Owner: postgres
--

ALTER TABLE public.ventas_historicoleadasesor ALTER COLUMN id ADD GENERATED BY DEFAULT AS IDENTITY (
    SEQUENCE NAME public.ventas_historicoleadasesor_id_seq
    START WITH 1
    INCREMENT BY 1
    NO MINVALUE
    NO MAXVALUE
    CACHE 1
);


--
-- Name: ventas_lead; Type: TABLE; Schema: public; Owner: postgres
--

CREATE TABLE public.ventas_lead (
    id bigint NOT NULL,
    nombre character varying(100) NOT NULL,
    apellido character varying(100) NOT NULL,
    asignado boolean NOT NULL,
    celular character varying(100) NOT NULL,
    celular2 character varying,
    comentario text NOT NULL,
    "horaRecepcion" timestamp with time zone,
    llamar boolean NOT NULL,
    importante boolean NOT NULL,
    fecha_asignacion timestamp with time zone,
    fecha_desasignacion timestamp with time zone,
    "recienCreado" boolean NOT NULL,
    fecha_creacion timestamp with time zone NOT NULL,
    fecha_actualizacion timestamp with time zone NOT NULL,
    asesor_id bigint,
    campania_id bigint NOT NULL,
    estado_id character varying(1),
    "estadoLead_id" character varying(2),
    objecion_id bigint,
    "usuarioActualizador_id" bigint,
    "usuarioCreador_id" bigint,
    "estadoSeparacionLead_id" bigint,
    producto_id bigint
);


ALTER TABLE public.ventas_lead OWNER TO postgres;

--
-- Name: ventas_lead_id_seq; Type: SEQUENCE; Schema: public; Owner: postgres
--

ALTER TABLE public.ventas_lead ALTER COLUMN id ADD GENERATED BY DEFAULT AS IDENTITY (
    SEQUENCE NAME public.ventas_lead_id_seq
    START WITH 1
    INCREMENT BY 1
    NO MINVALUE
    NO MAXVALUE
    CACHE 1
);


--
-- Name: ventas_llamada; Type: TABLE; Schema: public; Owner: postgres
--

CREATE TABLE public.ventas_llamada (
    id bigint NOT NULL,
    detalle text,
    contesto boolean NOT NULL,
    fecha_creacion timestamp with time zone NOT NULL,
    fecha_actualizacion timestamp with time zone NOT NULL,
    asesor_id bigint,
    estado_id character varying(1),
    lead_id bigint,
    objecion_id bigint,
    "usuarioActualizador_id" bigint,
    "usuarioCreador_id" bigint
);


ALTER TABLE public.ventas_llamada OWNER TO postgres;

--
-- Name: ventas_llamada_id_seq; Type: SEQUENCE; Schema: public; Owner: postgres
--

ALTER TABLE public.ventas_llamada ALTER COLUMN id ADD GENERATED BY DEFAULT AS IDENTITY (
    SEQUENCE NAME public.ventas_llamada_id_seq
    START WITH 1
    INCREMENT BY 1
    NO MINVALUE
    NO MAXVALUE
    CACHE 1
);


--
-- Name: ventas_objecion; Type: TABLE; Schema: public; Owner: postgres
--

CREATE TABLE public.ventas_objecion (
    id bigint NOT NULL,
    nombre character varying(100),
    estado_id character varying(1)
);


ALTER TABLE public.ventas_objecion OWNER TO postgres;

--
-- Name: ventas_objecion_id_seq; Type: SEQUENCE; Schema: public; Owner: postgres
--

ALTER TABLE public.ventas_objecion ALTER COLUMN id ADD GENERATED BY DEFAULT AS IDENTITY (
    SEQUENCE NAME public.ventas_objecion_id_seq
    START WITH 1
    INCREMENT BY 1
    NO MINVALUE
    NO MAXVALUE
    CACHE 1
);


--
-- Name: ventas_precio; Type: TABLE; Schema: public; Owner: postgres
--

CREATE TABLE public.ventas_precio (
    id bigint NOT NULL,
    precio double precision,
    cotizacion_id bigint,
    estado_id character varying(1),
    "tipoProducto_id" bigint
);


ALTER TABLE public.ventas_precio OWNER TO postgres;

--
-- Name: ventas_precio_id_seq; Type: SEQUENCE; Schema: public; Owner: postgres
--

ALTER TABLE public.ventas_precio ALTER COLUMN id ADD GENERATED BY DEFAULT AS IDENTITY (
    SEQUENCE NAME public.ventas_precio_id_seq
    START WITH 1
    INCREMENT BY 1
    NO MINVALUE
    NO MAXVALUE
    CACHE 1
);


--
-- Name: ventas_producto; Type: TABLE; Schema: public; Owner: postgres
--

CREATE TABLE public.ventas_producto (
    id bigint NOT NULL,
    nombre character varying(100) NOT NULL,
    codigo character varying(100) NOT NULL,
    reservado boolean NOT NULL,
    numero integer,
    area double precision,
    fecha_creacion timestamp with time zone NOT NULL,
    fecha_actualizacion timestamp with time zone NOT NULL,
    estado_id character varying(1),
    proyecto_id bigint NOT NULL,
    tipo_id bigint NOT NULL,
    "usuarioActualizador_id" bigint,
    "usuarioCreador_id" bigint
);


ALTER TABLE public.ventas_producto OWNER TO postgres;

--
-- Name: ventas_producto_id_seq; Type: SEQUENCE; Schema: public; Owner: postgres
--

ALTER TABLE public.ventas_producto ALTER COLUMN id ADD GENERATED BY DEFAULT AS IDENTITY (
    SEQUENCE NAME public.ventas_producto_id_seq
    START WITH 1
    INCREMENT BY 1
    NO MINVALUE
    NO MAXVALUE
    CACHE 1
);


--
-- Name: ventas_proyectotipoproducto; Type: TABLE; Schema: public; Owner: postgres
--

CREATE TABLE public.ventas_proyectotipoproducto (
    id bigint NOT NULL,
    proyecto_id bigint,
    tipo_producto_id bigint
);


ALTER TABLE public.ventas_proyectotipoproducto OWNER TO postgres;

--
-- Name: ventas_proyectotipoproducto_id_seq; Type: SEQUENCE; Schema: public; Owner: postgres
--

ALTER TABLE public.ventas_proyectotipoproducto ALTER COLUMN id ADD GENERATED BY DEFAULT AS IDENTITY (
    SEQUENCE NAME public.ventas_proyectotipoproducto_id_seq
    START WITH 1
    INCREMENT BY 1
    NO MINVALUE
    NO MAXVALUE
    CACHE 1
);


--
-- Name: ventas_tipocotizacion; Type: TABLE; Schema: public; Owner: postgres
--

CREATE TABLE public.ventas_tipocotizacion (
    id bigint NOT NULL,
    nombre character varying(100) NOT NULL,
    estado_id character varying(1)
);


ALTER TABLE public.ventas_tipocotizacion OWNER TO postgres;

--
-- Name: ventas_tipocotizacion_id_seq; Type: SEQUENCE; Schema: public; Owner: postgres
--

ALTER TABLE public.ventas_tipocotizacion ALTER COLUMN id ADD GENERATED BY DEFAULT AS IDENTITY (
    SEQUENCE NAME public.ventas_tipocotizacion_id_seq
    START WITH 1
    INCREMENT BY 1
    NO MINVALUE
    NO MAXVALUE
    CACHE 1
);


--
-- Name: ventas_tipocuota; Type: TABLE; Schema: public; Owner: postgres
--

CREATE TABLE public.ventas_tipocuota (
    id bigint NOT NULL,
    nombre character varying(100) NOT NULL,
    estado_id character varying(1)
);


ALTER TABLE public.ventas_tipocuota OWNER TO postgres;

--
-- Name: ventas_tipocuota_id_seq; Type: SEQUENCE; Schema: public; Owner: postgres
--

ALTER TABLE public.ventas_tipocuota ALTER COLUMN id ADD GENERATED BY DEFAULT AS IDENTITY (
    SEQUENCE NAME public.ventas_tipocuota_id_seq
    START WITH 1
    INCREMENT BY 1
    NO MINVALUE
    NO MAXVALUE
    CACHE 1
);


--
-- Name: ventas_tipoevento; Type: TABLE; Schema: public; Owner: postgres
--

CREATE TABLE public.ventas_tipoevento (
    id bigint NOT NULL,
    nombre character varying(100),
    estado_id character varying(1),
    color character varying(100)
);


ALTER TABLE public.ventas_tipoevento OWNER TO postgres;

--
-- Name: ventas_tipoevento_id_seq; Type: SEQUENCE; Schema: public; Owner: postgres
--

ALTER TABLE public.ventas_tipoevento ALTER COLUMN id ADD GENERATED BY DEFAULT AS IDENTITY (
    SEQUENCE NAME public.ventas_tipoevento_id_seq
    START WITH 1
    INCREMENT BY 1
    NO MINVALUE
    NO MAXVALUE
    CACHE 1
);


--
-- Name: ventas_tipoproducto; Type: TABLE; Schema: public; Owner: postgres
--

CREATE TABLE public.ventas_tipoproducto (
    id bigint NOT NULL,
    nombre character varying(100) NOT NULL,
    estado_id character varying(1)
);


ALTER TABLE public.ventas_tipoproducto OWNER TO postgres;

--
-- Name: ventas_tipoproducto_id_seq; Type: SEQUENCE; Schema: public; Owner: postgres
--

ALTER TABLE public.ventas_tipoproducto ALTER COLUMN id ADD GENERATED BY DEFAULT AS IDENTITY (
    SEQUENCE NAME public.ventas_tipoproducto_id_seq
    START WITH 1
    INCREMENT BY 1
    NO MINVALUE
    NO MAXVALUE
    CACHE 1
);


--
-- Name: ventas_whatsapp; Type: TABLE; Schema: public; Owner: postgres
--

CREATE TABLE public.ventas_whatsapp (
    id bigint NOT NULL,
    detalle text,
    respondio boolean NOT NULL,
    fecha_creacion timestamp with time zone NOT NULL,
    fecha_actualizacion timestamp with time zone NOT NULL,
    asesor_id bigint,
    estado_id character varying(1),
    lead_id bigint,
    objecion_id bigint,
    "usuarioActualizador_id" bigint,
    "usuarioCreador_id" bigint
);


ALTER TABLE public.ventas_whatsapp OWNER TO postgres;

--
-- Name: ventas_whatsapp_id_seq; Type: SEQUENCE; Schema: public; Owner: postgres
--

ALTER TABLE public.ventas_whatsapp ALTER COLUMN id ADD GENERATED BY DEFAULT AS IDENTITY (
    SEQUENCE NAME public.ventas_whatsapp_id_seq
    START WITH 1
    INCREMENT BY 1
    NO MINVALUE
    NO MAXVALUE
    CACHE 1
);


--
-- Data for Name: auth_group; Type: TABLE DATA; Schema: public; Owner: postgres
--

COPY public.auth_group (id, name) FROM stdin;
1	administrador
2	asesor
3	marketing
\.


--
-- Data for Name: auth_group_permissions; Type: TABLE DATA; Schema: public; Owner: postgres
--

COPY public.auth_group_permissions (id, group_id, permission_id) FROM stdin;
1	1	9
2	1	10
3	1	11
4	1	12
5	1	25
6	1	26
7	1	27
8	1	28
9	1	33
10	1	34
11	1	35
12	1	36
13	1	45
14	1	46
15	1	47
16	1	48
17	1	65
18	1	66
19	1	67
20	1	68
21	1	85
22	1	86
23	1	87
24	1	88
25	1	93
26	1	94
27	1	95
28	1	96
29	2	65
30	2	66
31	2	67
32	2	68
33	2	85
34	2	86
35	2	87
36	2	88
37	3	65
38	3	66
39	3	67
40	3	68
41	3	45
42	3	46
43	3	47
44	3	48
\.


--
-- Data for Name: auth_permission; Type: TABLE DATA; Schema: public; Owner: postgres
--

COPY public.auth_permission (id, name, content_type_id, codename) FROM stdin;
1	Can add log entry	1	add_logentry
2	Can change log entry	1	change_logentry
3	Can delete log entry	1	delete_logentry
4	Can view log entry	1	view_logentry
5	Can add permission	2	add_permission
6	Can change permission	2	change_permission
7	Can delete permission	2	delete_permission
8	Can view permission	2	view_permission
9	Can add group	3	add_group
10	Can change group	3	change_group
11	Can delete group	3	delete_group
12	Can view group	3	view_group
13	Can add content type	4	add_contenttype
14	Can change content type	4	change_contenttype
15	Can delete content type	4	delete_contenttype
16	Can view content type	4	view_contenttype
17	Can add session	5	add_session
18	Can change session	5	change_session
19	Can delete session	5	delete_session
20	Can view session	5	view_session
21	Can add estado registro	6	add_estadoregistro
22	Can change estado registro	6	change_estadoregistro
23	Can delete estado registro	6	delete_estadoregistro
24	Can view estado registro	6	view_estadoregistro
25	Can add user	7	add_user
26	Can change user	7	change_user
27	Can delete user	7	delete_user
28	Can view user	7	view_user
29	Can add modulo	8	add_modulo
30	Can change modulo	8	change_modulo
31	Can delete modulo	8	delete_modulo
32	Can view modulo	8	view_modulo
33	Can add proyecto	9	add_proyecto
34	Can change proyecto	9	change_proyecto
35	Can delete proyecto	9	delete_proyecto
36	Can view proyecto	9	view_proyecto
37	Can add presupuesto proyecto	10	add_presupuestoproyecto
38	Can change presupuesto proyecto	10	change_presupuestoproyecto
39	Can delete presupuesto proyecto	10	delete_presupuestoproyecto
40	Can view presupuesto proyecto	10	view_presupuestoproyecto
41	Can add categoria	11	add_categoria
42	Can change categoria	11	change_categoria
43	Can delete categoria	11	delete_categoria
44	Can view categoria	11	view_categoria
45	Can add campania	12	add_campania
46	Can change campania	12	change_campania
47	Can delete campania	12	delete_campania
48	Can view campania	12	view_campania
49	Can add gasto campania	13	add_gastocampania
50	Can change gasto campania	13	change_gastocampania
51	Can delete gasto campania	13	delete_gastocampania
52	Can view gasto campania	13	view_gastocampania
53	Can add tipo evento	14	add_tipoevento
54	Can change tipo evento	14	change_tipoevento
55	Can delete tipo evento	14	delete_tipoevento
56	Can view tipo evento	14	view_tipoevento
57	Can add objecion	15	add_objecion
58	Can change objecion	15	change_objecion
59	Can delete objecion	15	delete_objecion
60	Can view objecion	15	view_objecion
61	Can add estado lead	16	add_estadolead
62	Can change estado lead	16	change_estadolead
63	Can delete estado lead	16	delete_estadolead
64	Can view estado lead	16	view_estadolead
65	Can add lead	17	add_lead
66	Can change lead	17	change_lead
67	Can delete lead	17	delete_lead
68	Can view lead	17	view_lead
69	Can add whats app	18	add_whatsapp
70	Can change whats app	18	change_whatsapp
71	Can delete whats app	18	delete_whatsapp
72	Can view whats app	18	view_whatsapp
73	Can add historico lead asesor	19	add_historicoleadasesor
74	Can change historico lead asesor	19	change_historicoleadasesor
75	Can delete historico lead asesor	19	delete_historicoleadasesor
76	Can view historico lead asesor	19	view_historicoleadasesor
77	Can add llamada	20	add_llamada
78	Can change llamada	20	change_llamada
79	Can delete llamada	20	delete_llamada
80	Can view llamada	20	view_llamada
81	Can add estado evento	21	add_estadoevento
82	Can change estado evento	21	change_estadoevento
83	Can delete estado evento	21	delete_estadoevento
84	Can view estado evento	21	view_estadoevento
85	Can add evento	22	add_evento
86	Can change evento	22	change_evento
87	Can delete evento	22	delete_evento
88	Can view evento	22	view_evento
89	Can add tipo producto	23	add_tipoproducto
90	Can change tipo producto	23	change_tipoproducto
91	Can delete tipo producto	23	delete_tipoproducto
92	Can view tipo producto	23	view_tipoproducto
93	Can add producto	24	add_producto
94	Can change producto	24	change_producto
95	Can delete producto	24	delete_producto
96	Can view producto	24	view_producto
97	Can add tipo cotizacion	25	add_tipocotizacion
98	Can change tipo cotizacion	25	change_tipocotizacion
99	Can delete tipo cotizacion	25	delete_tipocotizacion
100	Can view tipo cotizacion	25	view_tipocotizacion
101	Can add cotizacion	26	add_cotizacion
102	Can change cotizacion	26	change_cotizacion
103	Can delete cotizacion	26	delete_cotizacion
104	Can view cotizacion	26	view_cotizacion
105	Can add tipo cuota	27	add_tipocuota
106	Can change tipo cuota	27	change_tipocuota
107	Can delete tipo cuota	27	delete_tipocuota
108	Can view tipo cuota	27	view_tipocuota
109	Can add cuota	28	add_cuota
110	Can change cuota	28	change_cuota
111	Can delete cuota	28	delete_cuota
112	Can view cuota	28	view_cuota
113	Can add precio	29	add_precio
114	Can change precio	29	change_precio
115	Can delete precio	29	delete_precio
116	Can view precio	29	view_precio
117	Can add proyecto tipo producto	30	add_proyectotipoproducto
118	Can change proyecto tipo producto	30	change_proyectotipoproducto
119	Can delete proyecto tipo producto	30	delete_proyectotipoproducto
120	Can view proyecto tipo producto	30	view_proyectotipoproducto
121	Can add desasignacion lead asesor	31	add_desasignacionleadasesor
122	Can change desasignacion lead asesor	31	change_desasignacionleadasesor
123	Can delete desasignacion lead asesor	31	delete_desasignacionleadasesor
124	Can view desasignacion lead asesor	31	view_desasignacionleadasesor
125	Can add desasignacion configuracion	32	add_desasignacionconfiguracion
126	Can change desasignacion configuracion	32	change_desasignacionconfiguracion
127	Can delete desasignacion configuracion	32	delete_desasignacionconfiguracion
128	Can view desasignacion configuracion	32	view_desasignacionconfiguracion
129	Can add video proyecto	33	add_videoproyecto
130	Can change video proyecto	33	change_videoproyecto
131	Can delete video proyecto	33	delete_videoproyecto
132	Can view video proyecto	33	view_videoproyecto
133	Can add video producto	34	add_videoproducto
134	Can change video producto	34	change_videoproducto
135	Can delete video producto	34	delete_videoproducto
136	Can view video producto	34	view_videoproducto
137	Can add imagen proyecto	35	add_imagenproyecto
138	Can change imagen proyecto	35	change_imagenproyecto
139	Can delete imagen proyecto	35	delete_imagenproyecto
140	Can view imagen proyecto	35	view_imagenproyecto
141	Can add imagen producto	36	add_imagenproducto
142	Can change imagen producto	36	change_imagenproducto
143	Can delete imagen producto	36	delete_imagenproducto
144	Can view imagen producto	36	view_imagenproducto
145	Can add outstanding token	37	add_outstandingtoken
146	Can change outstanding token	37	change_outstandingtoken
147	Can delete outstanding token	37	delete_outstandingtoken
148	Can view outstanding token	37	view_outstandingtoken
149	Can add blacklisted token	38	add_blacklistedtoken
150	Can change blacklisted token	38	change_blacklistedtoken
151	Can delete blacklisted token	38	delete_blacklistedtoken
152	Can view blacklisted token	38	view_blacklistedtoken
153	Can add solar event	39	add_solarschedule
154	Can change solar event	39	change_solarschedule
155	Can delete solar event	39	delete_solarschedule
156	Can view solar event	39	view_solarschedule
157	Can add interval	40	add_intervalschedule
158	Can change interval	40	change_intervalschedule
159	Can delete interval	40	delete_intervalschedule
160	Can view interval	40	view_intervalschedule
161	Can add clocked	41	add_clockedschedule
162	Can change clocked	41	change_clockedschedule
163	Can delete clocked	41	delete_clockedschedule
164	Can view clocked	41	view_clockedschedule
165	Can add crontab	42	add_crontabschedule
166	Can change crontab	42	change_crontabschedule
167	Can delete crontab	42	delete_crontabschedule
168	Can view crontab	42	view_crontabschedule
169	Can add periodic tasks	43	add_periodictasks
170	Can change periodic tasks	43	change_periodictasks
171	Can delete periodic tasks	43	delete_periodictasks
172	Can view periodic tasks	43	view_periodictasks
173	Can add periodic task	44	add_periodictask
174	Can change periodic task	44	change_periodictask
175	Can delete periodic task	44	delete_periodictask
176	Can view periodic task	44	view_periodictask
177	Can add estado separacion lead	45	add_estadoseparacionlead
178	Can change estado separacion lead	45	change_estadoseparacionlead
179	Can delete estado separacion lead	45	delete_estadoseparacionlead
180	Can view estado separacion lead	45	view_estadoseparacionlead
181	Can add banco	46	add_banco
182	Can change banco	46	change_banco
183	Can delete banco	46	delete_banco
184	Can view banco	46	view_banco
\.


--
-- Data for Name: cuenta_estadoregistro; Type: TABLE DATA; Schema: public; Owner: postgres
--

COPY public.cuenta_estadoregistro (estado, nombre) FROM stdin;
A	Activo
I	Inactivo
\.


--
-- Data for Name: cuenta_modulo; Type: TABLE DATA; Schema: public; Owner: postgres
--

COPY public.cuenta_modulo (id, nombre, url, "contentType_id", estado_id) FROM stdin;
1	Gestion de campa침as	campania	12	A
2	Gesti칩n de proyectos	proyecto	9	A
3	Gestion de roles	rol	3	A
4	Gesti칩n de productos	producto	24	A
5	Gesti칩n de leads	lead	17	A
6	Gestion de eventos	evento	22	A
7	Gestion de usuarios	usuario	7	A
\.


--
-- Data for Name: cuenta_user; Type: TABLE DATA; Schema: public; Owner: postgres
--

COPY public.cuenta_user (id, password, last_login, is_superuser, username, first_name, last_name, email, is_staff, is_active, date_joined, "codigoAsesor", "isAdmin", estado_id) FROM stdin;
15	pbkdf2_sha256$600000$hPlu0JAXKWLg7K76Hjim23$7IZX4Zp38G2OzU7FnVH1Dr54iATQoWIpF9dqAU7B8aQ=	\N	f	Asesor2	asesor	dos	bgomezv@unsa.edu.pe	f	t	2024-03-17 18:55:37.481999-05	asesor_b	f	A
17	pbkdf2_sha256$600000$oKqllJnzQfp5A23docKPp1$Nw3VIEt0D9hg1VJ05WXJ+zgnS2P+/SxMIPGB+DzzL0g=	\N	f	Asesor4	asesor	admin	bgomezv@unsa.edu.pe	f	t	2024-03-17 18:57:41.430455-05	asesor_d	t	A
14	pbkdf2_sha256$600000$sD8HxA8ryZKgP3IQGgM1gZ$svH2YEdZouxzK0sJTn6LefzzuY3gD9eycHLobD6dPgA=	\N	f	Asesor1	asesor	juan	josephgvalfa@gmail.com	f	t	2024-03-17 18:54:45.831635-05	asesor_a	f	A
1	pbkdf2_sha256$600000$lpiHqh7MMfv2Kq54oIsMCp$JzjEsJJUZmGoq6aFcQu9iH2QwjBuGviyk2/yffRwBsE=	2024-03-18 18:52:29.497102-05	t	portilloAdmin	BRIAN	VELASCO	bgomezv@unsa.edu.pe	t	t	2024-03-17 17:49:39.532587-05	\N	f	A
19	pbkdf2_sha256$600000$S0mMlEjIpA1qcQuB4AXkBS$kCpLmvjg/AE1tqau2IzWa0D0UPBKn1cS0pIkA7fzppQ=	\N	f	bgomezv	Briaaaaaan	Gomezz	bgomezv@unsa.edu.pe	f	f	2024-03-20 21:08:26.133589-05	\N	t	A
18	pbkdf2_sha256$600000$DOxxgX2GekjbqiENi8rako$WyqfwZPFXQffamj/+LbTAR+8nJifBrP4gRS+Xy6i5Lo=	2024-03-21 21:19:51-05	f	Marketing1	marketing	uno	bgomezv@unsa.edu.pe	f	t	2024-03-17 18:58:17-05	\N	t	A
16	pbkdf2_sha256$600000$3XHbKUAzx8Rs8Wnc85dvxs$IOmdstORFJQMxraXsVAKV6eZUuCuw7+drkHAc9QdIYw=	\N	f	Asesor3	asesor	tres	josephgvalfa@gmail.com	f	t	2024-03-17 18:56:48.564697-05	asesor_c	f	A
\.


--
-- Data for Name: cuenta_user_groups; Type: TABLE DATA; Schema: public; Owner: postgres
--

COPY public.cuenta_user_groups (id, user_id, group_id) FROM stdin;
1	1	1
7	14	2
8	15	2
9	16	2
10	17	2
11	18	3
12	19	1
\.


--
-- Data for Name: cuenta_user_user_permissions; Type: TABLE DATA; Schema: public; Owner: postgres
--

COPY public.cuenta_user_user_permissions (id, user_id, permission_id) FROM stdin;
\.


--
-- Data for Name: django_admin_log; Type: TABLE DATA; Schema: public; Owner: postgres
--

COPY public.django_admin_log (id, action_time, object_id, object_repr, action_flag, change_message, content_type_id, user_id) FROM stdin;
1	2024-03-17 18:52:37.115337-05	7	asesor1	3		7	1
2	2024-03-17 18:52:37.121325-05	3	Asesor1	3		7	1
3	2024-03-17 18:52:37.122714-05	13	asesor11	3		7	1
4	2024-03-17 18:52:37.124187-05	11	asesor2	3		7	1
5	2024-03-17 18:52:37.125476-05	5	Asesor2	3		7	1
6	2024-03-17 18:52:37.126716-05	12	marketing1	3		7	1
7	2024-03-18 10:24:16.557363-05	SE	Separado	1	[{"added": {}}]	45	1
8	2024-03-18 10:24:32.048722-05	VE	Vendido	1	[{"added": {}}]	45	1
9	2024-03-18 10:24:46.296736-05	DE	Desistio	1	[{"added": {}}]	45	1
10	2024-03-18 10:25:17.32909-05	14	943702641	2	[{"changed": {"fields": ["EstadoSeparacionLead"]}}]	17	1
11	2024-03-18 10:28:52.49374-05	11	Samuel-913949511	2	[{"changed": {"fields": ["EstadoSeparacionLead"]}}]	17	1
12	2024-03-18 10:28:52.629136-05	11	Samuel-913949511	2	[]	17	1
13	2024-03-18 11:04:32.059922-05	16	Asesor3	2	[{"changed": {"fields": ["password"]}}]	7	1
14	2024-03-18 14:48:04.312307-05	2	Proyecto Socabaya-696969.0	1	[{"added": {}}]	10	1
15	2024-03-18 14:54:03.685198-05	6	Solange-969685859	2	[{"changed": {"fields": ["Fecha creacion"]}}]	17	1
16	2024-03-18 14:55:03.526498-05	17	888888888	2	[{"changed": {"fields": ["Fecha asignacion"]}}]	17	1
17	2024-03-18 16:33:18.371613-05	SE	Separaciones	2	[{"changed": {"fields": ["Color"]}}]	16	1
18	2024-03-18 16:35:50.050369-05	CI	Cierre	2	[{"changed": {"fields": ["Color"]}}]	16	1
19	2024-03-18 16:57:48.475863-05	22	51 969 696 969	3		17	1
20	2024-03-18 16:57:48.485132-05	21	+51 963 256 896	3		17	1
21	2024-03-18 16:57:48.487045-05	20	+51 963 258 696	3		17	1
22	2024-03-18 16:57:48.489615-05	19	+51 963 696 666	3		17	1
23	2024-03-18 16:57:48.490908-05	18	+51 999 999 999	3		17	1
24	2024-03-18 17:20:50.161694-05	VE	Vendido	3		45	1
25	2024-03-18 17:20:50.167724-05	SE	Separado	3		45	1
26	2024-03-18 17:20:50.169322-05	DE	Desistio	3		45	1
27	2024-03-18 17:27:35.120036-05	3	Socabaya	1	[{"added": {}}]	45	1
28	2024-03-18 17:27:41.055736-05	3	Separo	2	[{"changed": {"fields": ["Nombre"]}}]	45	1
29	2024-03-18 17:27:49.654766-05	4	Vendido	1	[{"added": {}}]	45	1
30	2024-03-18 17:28:01.48722-05	5	Desistio	1	[{"added": {}}]	45	1
31	2024-03-18 18:11:05.073891-05	26	51963256984	3		17	1
32	2024-03-18 18:11:15.826076-05	25	+9	3		17	1
33	2024-03-18 18:11:15.835263-05	24	+54 9 696 969 696	3		17	1
34	2024-03-18 18:11:15.837761-05	23	51969696969	3		17	1
35	2024-03-18 18:11:15.839776-05	17	888888888	3		17	1
36	2024-03-18 18:11:15.84129-05	16	999999999	3		17	1
37	2024-03-18 18:11:15.842663-05	15	944857396	3		17	1
38	2024-03-18 18:11:15.844282-05	14	943702641	3		17	1
39	2024-03-18 18:11:15.845635-05	13	Maria-952784659	3		17	1
40	2024-03-18 18:11:15.846977-05	12	Luis-921840124	3		17	1
41	2024-03-18 18:11:15.847892-05	11	Samuel-913949511	3		17	1
42	2024-03-18 18:11:15.849093-05	10	Percy-911249144	3		17	1
43	2024-03-18 18:11:15.850311-05	9	Miguel-911393941	3		17	1
44	2024-03-18 18:11:15.851588-05	8	983123832	3		17	1
45	2024-03-18 18:11:15.85303-05	7	Juan-45151541	3		17	1
46	2024-03-18 18:11:15.855443-05	6	Solange-969685859	3		17	1
47	2024-03-18 18:11:15.856738-05	5	Carlos-363636339	3		17	1
48	2024-03-18 18:11:15.857997-05	4	Andrew-9595959595	3		17	1
49	2024-03-18 18:11:15.859307-05	3	Jose-969685859	3		17	1
50	2024-03-18 18:11:15.860429-05	2	Lead2-+51 963 256 894	3		17	1
51	2024-03-18 18:11:15.861718-05	1	fffffff-51963852147	3		17	1
52	2024-03-18 18:47:48.525805-05	2	Proyecto Socabaya-696969.0	3		10	1
53	2024-03-18 18:52:43.542418-05	469	Fernando-948047343	2	[{"changed": {"fields": ["HoraRecepcion"]}}]	17	1
54	2024-03-18 23:00:53.538592-05	69	Sayda-915341146	3		17	1
55	2024-03-18 23:00:53.547765-05	68	Gabriel-997704330	3		17	1
56	2024-03-18 23:00:53.54925-05	67	Ang칠lica-950896072	3		17	1
57	2024-03-18 23:00:53.550443-05	66	Edgar-956201668	3		17	1
58	2024-03-18 23:00:53.551651-05	65	Rosa-959041757	3		17	1
59	2024-03-18 23:00:53.552995-05	64	Luz-973056264	3		17	1
60	2024-03-18 23:00:53.554108-05	63	Enrique-974879680	3		17	1
61	2024-03-18 23:00:53.555194-05	62	Celso-952658197	3		17	1
62	2024-03-18 23:00:53.55612-05	61	Miguel-995952972	3		17	1
63	2024-03-18 23:00:53.557234-05	60	Eduardo-973291346	3		17	1
64	2024-03-18 23:00:53.558457-05	59	Brayan-978513524	3		17	1
65	2024-03-18 23:00:53.559573-05	58	Marco-977136217	3		17	1
66	2024-03-18 23:00:53.560944-05	57	Julio-957201702	3		17	1
67	2024-03-18 23:00:53.56206-05	56	Eilleen-997478920	3		17	1
68	2024-03-18 23:00:53.56336-05	55	Cesar-995685498	3		17	1
69	2024-03-18 23:00:53.564408-05	54	Gonzalo-976955066	3		17	1
70	2024-03-18 23:00:53.565386-05	53	Angelica-942057171	3		17	1
71	2024-03-18 23:00:53.566592-05	52	Elizabeth-978668946	3		17	1
72	2024-03-18 23:00:53.567889-05	51	Everson-915157824	3		17	1
73	2024-03-18 23:00:53.568964-05	50	Alonso-971871471	3		17	1
74	2024-03-18 23:00:53.570079-05	49	Efrain-986748444	3		17	1
75	2024-03-18 23:00:53.57115-05	48	Edgar-959140324	3		17	1
76	2024-03-18 23:00:53.572248-05	47	Mar칤a-972680009	3		17	1
77	2024-03-18 23:00:53.573536-05	46	Felipe-999408855	3		17	1
78	2024-03-18 23:00:53.575041-05	45	Roberto-941284195	3		17	1
79	2024-03-18 23:00:53.576618-05	44	Annie-954683337	3		17	1
80	2024-03-18 23:00:53.577955-05	43	Manuel-997812463	3		17	1
81	2024-03-18 23:00:53.578946-05	42	Francklin-974786475	3		17	1
82	2024-03-18 23:00:53.579985-05	41	Mariluz-985990402	3		17	1
83	2024-03-18 23:00:53.581332-05	40	Francisca-959833996	3		17	1
84	2024-03-18 23:00:53.582695-05	39	Julissa-992241833	3		17	1
85	2024-03-18 23:00:53.583978-05	38	Omar-957829995	3		17	1
86	2024-03-18 23:00:53.584941-05	37	Jose-989754536	3		17	1
87	2024-03-18 23:00:53.585939-05	36	Manuel-956682642	3		17	1
88	2024-03-18 23:00:53.587067-05	35	Lupita-997003247	3		17	1
89	2024-03-18 23:00:53.58826-05	34	Ysabel-949788489	3		17	1
90	2024-03-18 23:00:53.589707-05	33	944205595	3		17	1
91	2024-03-18 23:00:53.591313-05	32	941036327	3		17	1
92	2024-03-18 23:00:53.592955-05	31	969758306	3		17	1
93	2024-03-18 23:00:53.594243-05	30	937334123	3		17	1
94	2024-03-18 23:00:53.595395-05	29	941679269	3		17	1
95	2024-03-18 23:00:53.596422-05	28	958227562	3		17	1
96	2024-03-18 23:00:53.598387-05	27	920422911	3		17	1
97	2024-03-18 23:01:01.860176-05	469	Fernando-948047343	3		17	1
98	2024-03-18 23:01:01.86607-05	468	S/N-983627310	3		17	1
99	2024-03-18 23:01:01.867727-05	467	S/N-956567174	3		17	1
100	2024-03-18 23:01:01.869117-05	466	Rous-998770441	3		17	1
101	2024-03-18 23:01:01.870439-05	465	Felix-949202117	3		17	1
102	2024-03-18 23:01:01.871593-05	464	S/N-958240134	3		17	1
103	2024-03-18 23:01:01.872997-05	463	S/N-900999492	3		17	1
104	2024-03-18 23:01:01.874198-05	462	S/N-978669762	3		17	1
105	2024-03-18 23:01:01.875638-05	461	S/N-999993882	3		17	1
106	2024-03-18 23:01:01.877442-05	460	Alejandro-953024428	3		17	1
107	2024-03-18 23:01:01.878786-05	459	S/N-939375312	3		17	1
108	2024-03-18 23:01:01.880299-05	458	Carlor-976669579	3		17	1
109	2024-03-18 23:01:01.881657-05	457	Paula-959691853	3		17	1
110	2024-03-18 23:01:01.882845-05	456	Romulo-904630153	3		17	1
111	2024-03-18 23:01:01.883963-05	455	Wiber-969729815	3		17	1
112	2024-03-18 23:01:01.885078-05	454	S/N-971088953	3		17	1
113	2024-03-18 23:01:01.886576-05	453	Gabriela-914453213	3		17	1
114	2024-03-18 23:01:01.887866-05	452	Oscar-937723373	3		17	1
115	2024-03-18 23:01:01.888991-05	451	Kelly-931489693	3		17	1
116	2024-03-18 23:01:01.890176-05	450	Yanina-958647281	3		17	1
117	2024-03-18 23:01:01.891489-05	449	Arthur-976340861	3		17	1
118	2024-03-18 23:01:01.892598-05	448	Mayra-930275306	3		17	1
119	2024-03-18 23:01:01.894004-05	447	Jesus-977135782	3		17	1
120	2024-03-18 23:01:01.895083-05	446	Gonzalo-959457194	3		17	1
121	2024-03-18 23:01:01.896345-05	445	S/N-900581040	3		17	1
122	2024-03-18 23:01:01.897466-05	444	Marlene-976757405	3		17	1
123	2024-03-18 23:01:01.898601-05	443	Cesar-992576900	3		17	1
124	2024-03-18 23:01:01.89979-05	442	Kevin-974721243	3		17	1
125	2024-03-18 23:01:01.901128-05	441	Carlos-940612853	3		17	1
126	2024-03-18 23:01:01.902367-05	440	Carmen-979001454	3		17	1
127	2024-03-18 23:01:01.903579-05	439	Jhonatan-976658191	3		17	1
128	2024-03-18 23:01:01.904729-05	438	Rosa-958672572	3		17	1
129	2024-03-18 23:01:01.905968-05	437	S/N-927063332	3		17	1
130	2024-03-18 23:01:01.907501-05	436	Jorge-963957101	3		17	1
131	2024-03-18 23:01:01.909091-05	435	Victor-959096596	3		17	1
132	2024-03-18 23:01:01.910315-05	434	Franco-953284204	3		17	1
133	2024-03-18 23:01:01.911524-05	433	Maria-980028226	3		17	1
134	2024-03-18 23:01:01.912584-05	432	Fernando-959628128	3		17	1
135	2024-03-18 23:01:01.91363-05	431	Hector-993152687	3		17	1
136	2024-03-18 23:01:01.914682-05	430	Braulio-955921915	3		17	1
137	2024-03-18 23:01:01.916089-05	429	S/N-966633463	3		17	1
138	2024-03-18 23:01:01.917659-05	428	Sandro-962888664	3		17	1
139	2024-03-18 23:01:01.918804-05	427	Juan Carlos-963714463	3		17	1
140	2024-03-18 23:01:01.920035-05	426	Taipe-959249013	3		17	1
141	2024-03-18 23:01:01.921198-05	425	Nelly-981977307	3		17	1
142	2024-03-18 23:01:01.922366-05	424	Angel-963583382	3		17	1
143	2024-03-18 23:01:01.923708-05	423	Mariela-966361186	3		17	1
144	2024-03-18 23:01:01.924898-05	422	Norah-981070404	3		17	1
145	2024-03-18 23:01:01.926292-05	421	Miguel-990313791	3		17	1
146	2024-03-18 23:01:01.927701-05	420	Maria Milagro-978360056	3		17	1
147	2024-03-18 23:01:01.928909-05	419	Omar-989871625	3		17	1
148	2024-03-18 23:01:01.930144-05	418	Vicente-955272257	3		17	1
149	2024-03-18 23:01:01.931468-05	417	S/N-939147481	3		17	1
150	2024-03-18 23:01:01.932649-05	416	Renzo-921198336	3		17	1
151	2024-03-18 23:01:01.933948-05	415	S/N-916507207	3		17	1
152	2024-03-18 23:01:01.935165-05	414	Jorge-944083470	3		17	1
153	2024-03-18 23:01:01.936488-05	413	Roel-993529657	3		17	1
154	2024-03-18 23:01:01.937654-05	412	Gilber-930322554	3		17	1
155	2024-03-18 23:01:01.938807-05	411	S/N-954052671	3		17	1
156	2024-03-18 23:01:01.94029-05	410	Juan-918215954	3		17	1
157	2024-03-18 23:01:01.941708-05	409	Nadia-932368246	3		17	1
158	2024-03-18 23:01:01.943035-05	408	Yessica-988582978	3		17	1
159	2024-03-18 23:01:01.944248-05	407	Grimaldo-989661177	3		17	1
160	2024-03-18 23:01:01.945251-05	406	Sergio-951848821	3		17	1
161	2024-03-18 23:01:01.946604-05	405	Hugo-957865510	3		17	1
162	2024-03-18 23:01:01.947673-05	404	Samuel-958242542	3		17	1
163	2024-03-18 23:01:01.948719-05	403	Alfredo-942761268	3		17	1
164	2024-03-18 23:01:01.949853-05	402	Juan-960973458	3		17	1
165	2024-03-18 23:01:01.950913-05	401	Victor-982691593	3		17	1
166	2024-03-18 23:01:01.95208-05	400	Luc칤a-985138245	3		17	1
167	2024-03-18 23:01:01.953214-05	399	S/N-952643301	3		17	1
168	2024-03-18 23:01:01.954415-05	398	Mariela-959386200	3		17	1
169	2024-03-18 23:01:01.955658-05	397	Bernardo-957946578	3		17	1
170	2024-03-18 23:01:01.956852-05	396	Jarif-943820054	3		17	1
171	2024-03-18 23:01:01.958093-05	395	Mily-986580844	3		17	1
172	2024-03-18 23:01:01.959641-05	394	S/N-977719785	3		17	1
173	2024-03-18 23:01:01.961076-05	393	Gerardo-980682822	3		17	1
174	2024-03-18 23:01:01.96225-05	392	Jacinto-946633824	3		17	1
175	2024-03-18 23:01:01.963523-05	391	Omar-984399647	3		17	1
176	2024-03-18 23:01:01.964583-05	390	S/N-951640026	3		17	1
177	2024-03-18 23:01:01.965889-05	389	Alfredo-950856669	3		17	1
178	2024-03-18 23:01:01.967187-05	388	S/N-998740161	3		17	1
179	2024-03-18 23:01:01.968261-05	387	S/N-954615401	3		17	1
180	2024-03-18 23:01:01.969381-05	386	Elena-932698686	3		17	1
181	2024-03-18 23:01:01.970556-05	385	S/N-982539027	3		17	1
182	2024-03-18 23:01:01.971647-05	384	S/N-956284503	3		17	1
183	2024-03-18 23:01:01.972683-05	383	Dayana-966873523	3		17	1
184	2024-03-18 23:01:01.974062-05	382	S/N-950748037	3		17	1
185	2024-03-18 23:01:01.975756-05	381	Elena-958745256	3		17	1
186	2024-03-18 23:01:01.97705-05	380	Jorge-997801346	3		17	1
187	2024-03-18 23:01:01.978274-05	379	S/N-943045084	3		17	1
188	2024-03-18 23:01:01.979353-05	378	Nilton-917459728	3		17	1
189	2024-03-18 23:01:01.980552-05	377	Eleana-988802810	3		17	1
190	2024-03-18 23:01:01.981645-05	376	Paola-974394322	3		17	1
191	2024-03-18 23:01:01.983046-05	375	Katy-982178579	3		17	1
192	2024-03-18 23:01:01.984766-05	374	Luzmarina-959585651	3		17	1
193	2024-03-18 23:01:01.986251-05	373	Maria-951325550	3		17	1
194	2024-03-18 23:01:01.987559-05	372	Genaro-965328780	3		17	1
195	2024-03-18 23:01:01.988671-05	371	Jorge-926252392	3		17	1
196	2024-03-18 23:01:01.990169-05	370	Sol-914642675	3		17	1
197	2024-03-18 23:01:10.119933-05	369	Myriam-959997208	3		17	1
198	2024-03-18 23:01:10.130488-05	368	Yvan-924216494	3		17	1
199	2024-03-18 23:01:10.133538-05	367	Lidia-983347539	3		17	1
200	2024-03-18 23:01:10.134822-05	366	S/N-918500582	3		17	1
201	2024-03-18 23:01:10.136653-05	365	Sebasti치n-915390284	3		17	1
202	2024-03-18 23:01:10.138039-05	364	Felipe-990408855	3		17	1
203	2024-03-18 23:01:10.139395-05	363	Rodrigo-939558992	3		17	1
204	2024-03-18 23:01:10.140642-05	362	Martin-944915252	3		17	1
205	2024-03-18 23:01:10.142103-05	361	Juan Carlos-940067298	3		17	1
206	2024-03-18 23:01:10.14344-05	360	Maria del Carmen-981381322	3		17	1
207	2024-03-18 23:01:10.144678-05	359	Nilda-957077316	3		17	1
208	2024-03-18 23:01:10.145794-05	358	S/N-904729555	3		17	1
209	2024-03-18 23:01:10.147234-05	357	Jose-928856293	3		17	1
210	2024-03-18 23:01:10.148636-05	356	Nico-923454514	3		17	1
211	2024-03-18 23:01:10.149854-05	355	Juan-940420445	3		17	1
212	2024-03-18 23:01:10.151103-05	354	Mauge-974578292	3		17	1
213	2024-03-18 23:01:10.152408-05	353	Jose-955427297	3		17	1
214	2024-03-18 23:01:10.153591-05	352	S/N-996111171	3		17	1
215	2024-03-18 23:01:10.154702-05	351	S/N-901689693	3		17	1
216	2024-03-18 23:01:10.156431-05	350	Flor-912948031	3		17	1
217	2024-03-18 23:01:10.158128-05	349	Carlos-987822333	3		17	1
218	2024-03-18 23:01:10.159937-05	348	Osmar-962273042	3		17	1
219	2024-03-18 23:01:10.161234-05	347	Lucero-967073768	3		17	1
220	2024-03-18 23:01:10.162289-05	346	Herber-990905055	3		17	1
221	2024-03-18 23:01:10.163563-05	345	Roque-967280854	3		17	1
222	2024-03-18 23:01:10.164842-05	344	Yoselyn-939087730	3		17	1
223	2024-03-18 23:01:10.166137-05	343	Arturo-924385669	3		17	1
224	2024-03-18 23:01:10.167281-05	342	Jhunior-940728181	3		17	1
225	2024-03-18 23:01:10.168321-05	341	S/N-978034765	3		17	1
226	2024-03-18 23:01:10.169213-05	340	Kathy-932367660	3		17	1
227	2024-03-18 23:01:10.170155-05	339	Edison-935202287	3		17	1
228	2024-03-18 23:01:10.171218-05	338	S/N-958240187	3		17	1
229	2024-03-18 23:01:10.172225-05	337	Wil-973181993	3		17	1
230	2024-03-18 23:01:10.173366-05	336	Fred-951729897	3		17	1
231	2024-03-18 23:01:10.174911-05	335	Jonathan-952099885	3		17	1
232	2024-03-18 23:01:10.176371-05	334	Julio-976390040	3		17	1
233	2024-03-18 23:01:10.177957-05	333	Sandy-974235998	3		17	1
234	2024-03-18 23:01:10.179062-05	332	S/N-962722605	3		17	1
235	2024-03-18 23:01:10.180105-05	331	Luis Fernando-901523501	3		17	1
236	2024-03-18 23:01:10.181104-05	330	S/N-918319659	3		17	1
237	2024-03-18 23:01:10.182227-05	329	S/N-953674294	3		17	1
238	2024-03-18 23:01:10.183778-05	328	Andr칠-989511985	3		17	1
239	2024-03-18 23:01:10.185029-05	327	S/N-954116072	3		17	1
240	2024-03-18 23:01:10.186598-05	326	Alisson-983350154	3		17	1
241	2024-03-18 23:01:10.187818-05	325	Mia-958964259	3		17	1
242	2024-03-18 23:01:10.188782-05	324	S/N-920427304	3		17	1
243	2024-03-18 23:01:10.190164-05	323	S/N-980423138	3		17	1
244	2024-03-18 23:01:10.191497-05	322	Lizeth-941036327	3		17	1
245	2024-03-18 23:01:10.192489-05	321	Benilda-990564619	3		17	1
246	2024-03-18 23:01:10.193412-05	320	S/N-951756829	3		17	1
247	2024-03-18 23:01:10.194434-05	319	Roxana-994975946	3		17	1
248	2024-03-18 23:01:10.195463-05	318	Angelito-970913719	3		17	1
249	2024-03-18 23:01:10.196689-05	317	GianCarlos-943832925	3		17	1
250	2024-03-18 23:01:10.197788-05	316	Jady-925487858	3		17	1
251	2024-03-18 23:01:10.199017-05	315	S/N-950336859	3		17	1
252	2024-03-18 23:01:10.200154-05	314	Ivan-953335254	3		17	1
253	2024-03-18 23:01:10.201517-05	313	S/N-982653742	3		17	1
254	2024-03-18 23:01:10.202721-05	312	S/N-973615410	3		17	1
255	2024-03-18 23:01:10.204176-05	311	Luz-985084600	3		17	1
256	2024-03-18 23:01:10.205451-05	310	Eva-976628321	3		17	1
257	2024-03-18 23:01:10.206816-05	309	S/N-957494128	3		17	1
258	2024-03-18 23:01:10.208319-05	308	William-910068896	3		17	1
259	2024-03-18 23:01:10.209574-05	307	Sonia-914238475	3		17	1
260	2024-03-18 23:01:10.211174-05	306	Freddy-957751003	3		17	1
261	2024-03-18 23:01:10.212229-05	305	S/N-957993993	3		17	1
262	2024-03-18 23:01:10.213173-05	304	S/N-924446651	3		17	1
263	2024-03-18 23:01:10.21423-05	303	Liz-991721126	3		17	1
264	2024-03-18 23:01:10.215363-05	302	S/N-989382478	3		17	1
265	2024-03-18 23:01:10.216594-05	301	Susana-959287821	3		17	1
266	2024-03-18 23:01:10.217861-05	300	S/N-967722611	3		17	1
267	2024-03-18 23:01:10.219024-05	299	Beto-953769359	3		17	1
268	2024-03-18 23:01:10.220245-05	298	Antuaneth-922210337	3		17	1
269	2024-03-18 23:01:10.221719-05	297	S/N-951139996	3		17	1
270	2024-03-18 23:01:10.223027-05	296	Alan-992868456	3		17	1
271	2024-03-18 23:01:10.224533-05	295	Mar칤a-972480132	3		17	1
272	2024-03-18 23:01:10.225671-05	294	Ximena-994331831	3		17	1
273	2024-03-18 23:01:10.226782-05	293	Andr칠s-993460796	3		17	1
274	2024-03-18 23:01:10.227952-05	292	Viviana-991477382	3		17	1
275	2024-03-18 23:01:10.229108-05	291	Yane-972735027	3		17	1
276	2024-03-18 23:01:10.230187-05	290	S/N-931724622	3		17	1
277	2024-03-18 23:01:10.231515-05	289	S/N-928130120	3		17	1
278	2024-03-18 23:01:10.23274-05	288	Ruben-913558382	3		17	1
279	2024-03-18 23:01:10.233861-05	287	Verito-934417086	3		17	1
280	2024-03-18 23:01:10.234924-05	286	Jessica-958961214	3		17	1
281	2024-03-18 23:01:10.236479-05	285	S/N-993827761	3		17	1
282	2024-03-18 23:01:10.237718-05	284	Roger-968237076	3		17	1
283	2024-03-18 23:01:10.238801-05	283	Walter-951133227	3		17	1
284	2024-03-18 23:01:10.239887-05	282	S/N-982749383	3		17	1
285	2024-03-18 23:01:10.241416-05	281	S/N-971417312	3		17	1
286	2024-03-18 23:01:10.242601-05	280	Victor-995761872	3		17	1
287	2024-03-18 23:01:10.244129-05	279	S/N-967755897	3		17	1
288	2024-03-18 23:01:10.245375-05	278	S/N-953517551	3		17	1
289	2024-03-18 23:01:10.2468-05	277	Alfonso-968810505	3		17	1
290	2024-03-18 23:01:10.248195-05	276	Rosario-958728887	3		17	1
291	2024-03-18 23:01:10.249183-05	275	Rosaly-940114995	3		17	1
292	2024-03-18 23:01:10.250339-05	274	Vilma-958707561	3		17	1
293	2024-03-18 23:01:10.251436-05	273	Yony-992981227	3		17	1
294	2024-03-18 23:01:10.252523-05	272	Miguel-986837813	3		17	1
295	2024-03-18 23:01:10.253542-05	271	Vilma-936546580	3		17	1
296	2024-03-18 23:01:10.254614-05	270	Yony-929207916	3		17	1
297	2024-03-18 23:01:22.137359-05	269	S/N-986755046	3		17	1
298	2024-03-18 23:01:22.146841-05	268	Axel-987233206	3		17	1
299	2024-03-18 23:01:22.148495-05	267	S/N-970959404	3		17	1
300	2024-03-18 23:01:22.14984-05	266	Luis-974783781	3		17	1
301	2024-03-18 23:01:22.151315-05	265	Joan-930303901	3		17	1
302	2024-03-18 23:01:22.152761-05	264	S/N-957828971	3		17	1
303	2024-03-18 23:01:22.154144-05	263	Carmen-959146093	3		17	1
304	2024-03-18 23:01:22.155439-05	262	Ang칠lica-987017937	3		17	1
305	2024-03-18 23:01:22.157036-05	261	Luis-991754071	3		17	1
306	2024-03-18 23:01:22.158245-05	260	Edith-957574888	3		17	1
307	2024-03-18 23:01:22.15973-05	259	S/N-947439672	3		17	1
308	2024-03-18 23:01:22.160882-05	258	Silver-953940742	3		17	1
309	2024-03-18 23:01:22.161934-05	257	Deysi-970601356	3		17	1
310	2024-03-18 23:01:22.162975-05	256	Walter-953663620	3		17	1
311	2024-03-18 23:01:22.164477-05	255	S/N-943834566	3		17	1
312	2024-03-18 23:01:22.165885-05	254	Elvis-949252869	3		17	1
313	2024-03-18 23:01:22.167366-05	253	Liliana-954637831	3		17	1
314	2024-03-18 23:01:22.1685-05	252	Wilbert-978658600	3		17	1
315	2024-03-18 23:01:22.169787-05	251	Celso-932263492	3		17	1
316	2024-03-18 23:01:22.171121-05	250	Paulita-967642581	3		17	1
317	2024-03-18 23:01:22.172654-05	249	Mary-981320508	3		17	1
318	2024-03-18 23:01:22.174302-05	248	Gloria-965722704	3		17	1
319	2024-03-18 23:01:22.175498-05	247	Jeremy-963289833	3		17	1
320	2024-03-18 23:01:22.176766-05	246	Danny-984002497	3		17	1
321	2024-03-18 23:01:22.177975-05	245	Ivan-977137930	3		17	1
322	2024-03-18 23:01:22.179234-05	244	Kath-907107850	3		17	1
323	2024-03-18 23:01:22.180349-05	243	Naty-976357399	3		17	1
324	2024-03-18 23:01:22.181698-05	242	Ed-928208900	3		17	1
325	2024-03-18 23:01:22.182987-05	241	Daniel-920611765	3		17	1
326	2024-03-18 23:01:22.184768-05	240	Jesus-984819410	3		17	1
327	2024-03-18 23:01:22.185943-05	239	S/N-969719407	3		17	1
328	2024-03-18 23:01:22.187154-05	238	Rosa-958977886	3		17	1
329	2024-03-18 23:01:22.188579-05	237	Fernando-957628200	3		17	1
330	2024-03-18 23:01:22.190308-05	236	Graciela-940399583	3		17	1
331	2024-03-18 23:01:22.191574-05	235	Richard-940240054	3		17	1
332	2024-03-18 23:01:22.19284-05	234	Cesar-987845618	3		17	1
333	2024-03-18 23:01:22.193927-05	233	Juan Carlos-959322335	3		17	1
334	2024-03-18 23:01:22.195008-05	232	S/N-966711287	3		17	1
335	2024-03-18 23:01:22.196214-05	231	Armando-973260534	3		17	1
336	2024-03-18 23:01:22.197457-05	230	S/N-987486725	3		17	1
337	2024-03-18 23:01:22.198774-05	229	Loreni-983469987	3		17	1
338	2024-03-18 23:01:22.199938-05	228	Jean-958110041	3		17	1
339	2024-03-18 23:01:22.201175-05	227	Giovanny-959622008	3		17	1
340	2024-03-18 23:01:22.202611-05	226	Juancho-956274171	3		17	1
341	2024-03-18 23:01:22.2042-05	225	S/N-984238175	3		17	1
342	2024-03-18 23:01:22.205396-05	224	Andy-973196982	3		17	1
343	2024-03-18 23:01:22.207026-05	223	Jenny-931207251	3		17	1
344	2024-03-18 23:01:22.208475-05	222	Kamila-992894807	3		17	1
345	2024-03-18 23:01:22.20992-05	221	Allison-932574275	3		17	1
346	2024-03-18 23:01:22.211354-05	220	Isabel-959963966	3		17	1
347	2024-03-18 23:01:22.212638-05	219	Franklin-932116508	3		17	1
348	2024-03-18 23:01:22.213782-05	218	Carmen-958782012	3		17	1
349	2024-03-18 23:01:22.215053-05	217	Anibal-994924546	3		17	1
350	2024-03-18 23:01:22.21626-05	216	Heydi-976631832	3		17	1
351	2024-03-18 23:01:22.217538-05	215	Tania-900031389	3		17	1
352	2024-03-18 23:01:22.218851-05	214	Ricardo-976684216	3		17	1
353	2024-03-18 23:01:22.220087-05	213	Nereyda-958615392	3		17	1
354	2024-03-18 23:01:22.221373-05	212	Fabiola-980166373	3		17	1
355	2024-03-18 23:01:22.222982-05	211	Raquel-959374465	3		17	1
356	2024-03-18 23:01:22.224842-05	210	Gustavo-958754243	3		17	1
357	2024-03-18 23:01:22.226312-05	209	Lucio-953521145	3		17	1
358	2024-03-18 23:01:22.228013-05	208	Elizabeth-959185191	3		17	1
359	2024-03-18 23:01:22.229316-05	207	Vane-999470032	3		17	1
360	2024-03-18 23:01:22.231214-05	206	Bonifacio-992277740	3		17	1
361	2024-03-18 23:01:22.232849-05	205	Enrique-958001647	3		17	1
362	2024-03-18 23:01:22.234028-05	204	Alejandra-998189222	3		17	1
363	2024-03-18 23:01:22.235099-05	203	S/N-958339276	3		17	1
364	2024-03-18 23:01:22.236457-05	202	Edwin-945470100	3		17	1
365	2024-03-18 23:01:22.23752-05	201	S/N-958686885	3		17	1
366	2024-03-18 23:01:22.238759-05	200	S/N-930423374	3		17	1
367	2024-03-18 23:01:22.240367-05	199	S/N-928269028	3		17	1
368	2024-03-18 23:01:22.242097-05	198	Luz-963775409	3		17	1
369	2024-03-18 23:01:22.243784-05	197	S/N-969056849	3		17	1
370	2024-03-18 23:01:22.245096-05	196	Deybi-970545228	3		17	1
371	2024-03-18 23:01:22.246774-05	195	Guadalupe-960720879	3		17	1
372	2024-03-18 23:01:22.248115-05	194	Flavio-959563196	3		17	1
373	2024-03-18 23:01:22.24948-05	193	S/N-954867887	3		17	1
374	2024-03-18 23:01:22.250683-05	192	Sonia-982386820	3		17	1
375	2024-03-18 23:01:22.252142-05	191	S/N-943581484	3		17	1
376	2024-03-18 23:01:22.253405-05	190	Carolina-949835351	3		17	1
377	2024-03-18 23:01:22.254605-05	189	Nicole-914692387	3		17	1
378	2024-03-18 23:01:22.25612-05	188	Ana Mar칤a-938428237	3		17	1
379	2024-03-18 23:01:22.257948-05	187	S/N-987899100	3		17	1
380	2024-03-18 23:01:22.259636-05	186	S/N-993041346	3		17	1
381	2024-03-18 23:01:22.261107-05	185	S/N-5.21669E+12	3		17	1
382	2024-03-18 23:01:22.26253-05	184	Nohely-916565263	3		17	1
383	2024-03-18 23:01:22.264006-05	183	Daniel-952617271	3		17	1
384	2024-03-18 23:01:22.265216-05	182	Leo-932913365	3		17	1
385	2024-03-18 23:01:22.266479-05	181	Katy-990970832	3		17	1
386	2024-03-18 23:01:22.267816-05	180	S/N-982986820	3		17	1
387	2024-03-18 23:01:22.268958-05	179	Sonia-983899384	3		17	1
388	2024-03-18 23:01:22.270143-05	178	Deyvis-993213669	3		17	1
389	2024-03-18 23:01:22.271203-05	177	Iv치n-951968824	3		17	1
390	2024-03-18 23:01:22.27275-05	176	S/N-936364901	3		17	1
391	2024-03-18 23:01:22.274141-05	175	Jose-991912655	3		17	1
392	2024-03-18 23:01:22.275681-05	174	Irma-959903073	3		17	1
393	2024-03-18 23:01:22.277446-05	173	Franco-930340205	3		17	1
394	2024-03-18 23:01:22.279007-05	172	Juan-928160294	3		17	1
395	2024-03-18 23:01:22.280493-05	171	Adrian-966734467	3		17	1
396	2024-03-18 23:01:22.281851-05	170	Luis-983114382	3		17	1
397	2024-03-18 23:02:10.687496-05	169	Reina-985824334	3		17	1
398	2024-03-18 23:02:10.693753-05	168	Berly-959940147	3		17	1
399	2024-03-18 23:02:10.695879-05	167	Armando-941163582	3		17	1
400	2024-03-18 23:02:10.697496-05	166	Ysela-981811593	3		17	1
401	2024-03-18 23:02:10.698893-05	165	Daniel-929974951	3		17	1
402	2024-03-18 23:02:10.700338-05	164	Diego-959223796	3		17	1
403	2024-03-18 23:02:10.701837-05	163	Hern치n-953050726	3		17	1
404	2024-03-18 23:02:10.704324-05	162	S/N-978888016	3		17	1
405	2024-03-18 23:02:10.705949-05	161	S/N-975638420	3		17	1
406	2024-03-18 23:02:10.707184-05	160	S/N-999917058	3		17	1
407	2024-03-18 23:02:10.708547-05	159	S/N-974267343	3		17	1
408	2024-03-18 23:02:10.709747-05	158	Victor-958358516	3		17	1
409	2024-03-18 23:02:10.711494-05	157	Roberto-900759410	3		17	1
410	2024-03-18 23:02:10.713103-05	156	Luz-940456210	3		17	1
411	2024-03-18 23:02:10.714382-05	155	Edilberto-996593018	3		17	1
412	2024-03-18 23:02:10.715534-05	154	Juan-958646839	3		17	1
413	2024-03-18 23:02:10.716638-05	153	Evelyn-912004467	3		17	1
414	2024-03-18 23:02:10.718379-05	152	Cahuide-993435258	3		17	1
415	2024-03-18 23:02:10.72006-05	151	Julia-947679784	3		17	1
416	2024-03-18 23:02:10.721278-05	150	Julia-992227372	3		17	1
417	2024-03-18 23:02:10.72243-05	149	Fredy-952250940	3		17	1
418	2024-03-18 23:02:10.724092-05	148	GianCarlo-958090703	3		17	1
419	2024-03-18 23:02:10.725559-05	147	Lino-997520506	3		17	1
420	2024-03-18 23:02:10.726808-05	146	Jhoel-943570617	3		17	1
421	2024-03-18 23:02:10.728222-05	145	Flor-999001263	3		17	1
422	2024-03-18 23:02:10.72952-05	144	Giuliano-993943900	3		17	1
423	2024-03-18 23:02:10.730739-05	143	Luciana-964962901	3		17	1
424	2024-03-18 23:02:10.732011-05	142	Brigitte-981778367	3		17	1
425	2024-03-18 23:02:10.733523-05	141	Victor-958425260	3		17	1
426	2024-03-18 23:02:10.735379-05	140	Miguel-916412224	3		17	1
427	2024-03-18 23:02:10.73694-05	139	Carlos-933674716	3		17	1
428	2024-03-18 23:02:10.738068-05	138	James-927258559	3		17	1
429	2024-03-18 23:02:10.739362-05	137	S/N-936063187	3		17	1
430	2024-03-18 23:02:10.741344-05	136	Angel-958748758	3		17	1
431	2024-03-18 23:02:10.742663-05	135	Job-975575204	3		17	1
432	2024-03-18 23:02:10.743938-05	134	Alvaro-947774804	3		17	1
433	2024-03-18 23:02:10.745461-05	133	Henry-940854694	3		17	1
434	2024-03-18 23:02:10.746877-05	132	Luis-943662383	3		17	1
435	2024-03-18 23:02:10.7484-05	131	Isabel-989040042	3		17	1
436	2024-03-18 23:02:10.749777-05	130	Margot-974936309	3		17	1
437	2024-03-18 23:02:10.751688-05	129	Jean-927437604	3		17	1
438	2024-03-18 23:02:10.753251-05	128	Hermelinda-960320390	3		17	1
439	2024-03-18 23:02:10.754648-05	127	Victor-961023100	3		17	1
440	2024-03-18 23:02:10.756266-05	126	Maria-958906068	3		17	1
441	2024-03-18 23:02:10.757712-05	125	Mariela-954738139	3		17	1
442	2024-03-18 23:02:10.758987-05	124	Eli-974224636	3		17	1
443	2024-03-18 23:02:10.760279-05	123	Sandro-983983097	3		17	1
444	2024-03-18 23:02:10.761491-05	122	Milagros-966569521	3		17	1
445	2024-03-18 23:02:10.762604-05	121	Mireille-960087686	3		17	1
446	2024-03-18 23:02:10.763859-05	120	Olga-974784006	3		17	1
447	2024-03-18 23:02:10.76549-05	119	Yanet-921139456	3		17	1
448	2024-03-18 23:02:10.767065-05	118	Lesly-944399181	3		17	1
449	2024-03-18 23:02:10.768614-05	117	Karla-946325977	3		17	1
450	2024-03-18 23:02:10.770267-05	116	Rasec-963202436	3		17	1
451	2024-03-18 23:02:10.771506-05	115	Ed Rey-928296028	3		17	1
452	2024-03-18 23:02:10.772959-05	114	Asunci칩n-985957871	3		17	1
453	2024-03-18 23:02:10.774824-05	113	Ignacio-977576707	3		17	1
454	2024-03-18 23:02:10.776131-05	112	Marianela-939897617	3		17	1
455	2024-03-18 23:02:10.777869-05	111	Lilian-959166399	3		17	1
456	2024-03-18 23:02:10.779476-05	110	Jorge-959924924	3		17	1
457	2024-03-18 23:02:10.780922-05	109	Bianca-987108487	3		17	1
458	2024-03-18 23:02:10.782376-05	108	Mario-981135947	3		17	1
459	2024-03-18 23:02:10.784002-05	107	Iris-989503160	3		17	1
460	2024-03-18 23:02:10.785562-05	106	Elvis-931853828	3		17	1
461	2024-03-18 23:02:10.787237-05	105	Javier-958756982	3		17	1
462	2024-03-18 23:02:10.78834-05	104	Luz-948639070	3		17	1
463	2024-03-18 23:02:10.789676-05	103	Shirley-958885025	3		17	1
464	2024-03-18 23:02:10.790931-05	102	Antony-940184922	3		17	1
465	2024-03-18 23:02:10.792162-05	101	Jusin-956434629	3		17	1
466	2024-03-18 23:02:10.793452-05	100	Paul-951208744	3		17	1
467	2024-03-18 23:02:10.795014-05	99	Diomi-994313718	3		17	1
468	2024-03-18 23:02:10.796327-05	98	Joel-929546267	3		17	1
469	2024-03-18 23:02:10.797757-05	97	James-970001999	3		17	1
470	2024-03-18 23:02:10.799097-05	96	Fernando-937578489	3		17	1
471	2024-03-18 23:02:10.800665-05	95	Angelica-900125384	3		17	1
472	2024-03-18 23:02:10.802415-05	94	Jose-996274482	3		17	1
473	2024-03-18 23:02:10.803595-05	93	Julio-918689510	3		17	1
474	2024-03-18 23:02:10.80481-05	92	Giuliana-987719093	3		17	1
475	2024-03-18 23:02:10.806041-05	91	Andr칠s-953268917	3		17	1
476	2024-03-18 23:02:10.807456-05	90	Javier-938272501	3		17	1
477	2024-03-18 23:02:10.808709-05	89	Cristhian-924525419	3		17	1
478	2024-03-18 23:02:10.810241-05	88	Maria-989874260	3		17	1
479	2024-03-18 23:02:10.811479-05	87	Daniela-994895558	3		17	1
480	2024-03-18 23:02:10.812773-05	86	S/N-997625067	3		17	1
481	2024-03-18 23:02:10.814389-05	85	Dayana-964503873	3		17	1
482	2024-03-18 23:02:10.815761-05	84	Marilia-976156409	3		17	1
483	2024-03-18 23:02:10.817272-05	83	Ketty-966677580	3		17	1
484	2024-03-18 23:02:10.818837-05	82	Reldy-941289117	3		17	1
485	2024-03-18 23:02:10.820341-05	81	Ronaldo-962172806	3		17	1
486	2024-03-18 23:02:10.821958-05	80	Hildo-986888555	3		17	1
487	2024-03-18 23:02:10.823207-05	79	Miguel-958705011	3		17	1
488	2024-03-18 23:02:10.82444-05	78	Francisco-952348768	3		17	1
489	2024-03-18 23:02:10.825586-05	77	Ang칠lica-959896430	3		17	1
490	2024-03-18 23:02:10.826756-05	76	Diego-943395816	3		17	1
491	2024-03-18 23:02:52.749188-05	75	Danitza-989759496	2	[{"changed": {"fields": ["UsuarioCreador", "UsuarioActualizador"]}}]	17	1
492	2024-03-18 23:25:49.490908-05	4	Otro evento	2	[{"changed": {"fields": ["UsuarioCreador"]}}]	22	1
493	2024-03-19 00:01:26.861717-05	1	Visita Campo	2	[{"changed": {"fields": ["Color"]}}]	14	1
494	2024-03-19 09:04:48.155984-05	75	Danitza-51999999999	2	[{"changed": {"fields": ["EstadoSeparacionLead"]}}]	17	1
495	2024-03-19 09:15:03.020044-05	5	Desistio	2	[]	45	1
496	2024-03-19 09:20:30.353254-05	14	Asesor1	2	[{"changed": {"fields": ["password"]}}]	7	1
497	2024-03-19 09:20:47.631133-05	14	Asesor1	2	[{"changed": {"fields": ["password"]}}]	7	1
498	2024-03-19 09:45:04.754362-05	2	Visita Oficina	2	[{"changed": {"fields": ["Color"]}}]	14	1
499	2024-03-19 09:45:08.04493-05	2	Visita Oficina	2	[]	14	1
500	2024-03-19 09:45:10.436954-05	1	Visita Campo	2	[]	14	1
501	2024-03-19 09:45:12.159392-05	2	Visita Oficina	2	[]	14	1
502	2024-03-19 10:08:24.767792-05	5	Otro evento	3		22	1
503	2024-03-19 10:08:24.777825-05	4	Otro evento	3		22	1
504	2024-03-19 10:08:47.190698-05	6	Otro evento	2	[{"changed": {"fields": ["Fecha visita"]}}]	22	1
505	2024-03-19 10:09:01.882539-05	6	Otro evento	2	[{"changed": {"fields": ["Tipo"]}}]	22	1
506	2024-03-19 10:09:21.485951-05	6	Otro evento	2	[{"changed": {"fields": ["Tipo"]}}]	22	1
507	2024-03-19 10:12:28.535047-05	2	Visita Oficina	2	[{"changed": {"fields": ["Color"]}}]	14	1
508	2024-03-19 10:32:19.163217-05	6	Otro evento	2	[{"changed": {"fields": ["Fecha visita", "Tipo"]}}]	22	1
509	2024-03-19 10:32:40.384384-05	6	Otro evento	2	[{"changed": {"fields": ["Tipo"]}}]	22	1
510	2024-03-19 10:33:24.859757-05	2	Visita Oficina	2	[{"changed": {"fields": ["Color"]}}]	14	1
511	2024-03-19 10:33:27.855874-05	6	Otro evento	2	[]	22	1
512	2024-03-19 10:43:49.137122-05	6	Otro evento	2	[{"changed": {"fields": ["Fecha creacion"]}}]	22	1
513	2024-03-19 10:44:30.406887-05	6	Otro evento	2	[{"changed": {"fields": ["Asesor"]}}]	22	1
514	2024-03-19 16:39:32.99252-05	9	visita a  por ahi	2	[{"changed": {"fields": ["Titulo"]}}]	22	1
515	2024-03-19 16:39:53.480434-05	9	visita a  por ahi	2	[{"changed": {"fields": ["Asesor"]}}]	22	1
516	2024-03-21 11:18:23.560081-05	483	Roberto-941284195	3		17	1
517	2024-03-21 11:18:23.567934-05	482	Annie-954683337	3		17	1
518	2024-03-21 11:18:23.569529-05	481	Manuel-997812463	3		17	1
519	2024-03-21 11:18:23.570967-05	480	Francklin-974786475	3		17	1
520	2024-03-21 11:18:23.572577-05	479	Mariluz-985990402	3		17	1
521	2024-03-21 11:18:23.57404-05	478	Francisca-959833996	3		17	1
522	2024-03-21 11:18:23.575761-05	477	Julissa-992241833	3		17	1
523	2024-03-21 11:18:23.576985-05	476	Omar-957829995	3		17	1
524	2024-03-21 11:18:23.578317-05	475	Jose-989754536	3		17	1
525	2024-03-21 11:18:23.579863-05	474	Manuel-956682642	3		17	1
526	2024-03-21 11:18:23.581181-05	473	Lupita-997003247	3		17	1
527	2024-03-21 11:18:23.582393-05	472	958227562	3		17	1
528	2024-03-21 11:18:23.583584-05	471	Junacitoooo-920422911	3		17	1
529	2024-03-21 11:18:23.585016-05	470	51963333333	3		17	1
530	2024-03-21 11:18:23.586177-05	75	Danitza-51999999999	3		17	1
531	2024-03-21 11:18:23.58744-05	74	Guido-994608955	3		17	1
532	2024-03-21 11:18:23.588662-05	73	Concepci칩n-959037568	3		17	1
533	2024-03-21 11:18:23.589876-05	72	Jorge-959683480	3		17	1
534	2024-03-21 11:18:23.591126-05	71	Grethel-933598002	3		17	1
535	2024-03-21 11:18:23.592496-05	70	Jean Carlo-942452151	3		17	1
536	2024-03-21 11:25:48.966097-05	926	Fernando-948047343	3		17	1
537	2024-03-21 11:25:48.975563-05	925	S/N-983627310	3		17	1
538	2024-03-21 11:25:48.976743-05	924	S/N-956567174	3		17	1
539	2024-03-21 11:25:48.980164-05	923	Rous-998770441	3		17	1
540	2024-03-21 11:25:48.983156-05	922	Felix-949202117	3		17	1
541	2024-03-21 11:25:48.984806-05	921	S/N-958240134	3		17	1
542	2024-03-21 11:25:48.986579-05	920	S/N-900999492	3		17	1
543	2024-03-21 11:25:48.987912-05	919	S/N-978669762	3		17	1
544	2024-03-21 11:25:48.989171-05	918	S/N-999993882	3		17	1
545	2024-03-21 11:25:48.990751-05	917	Alejandro-953024428	3		17	1
546	2024-03-21 11:25:48.993653-05	916	S/N-939375312	3		17	1
547	2024-03-21 11:25:48.996458-05	915	Carlor-976669579	3		17	1
548	2024-03-21 11:25:48.998303-05	914	Paula-959691853	3		17	1
549	2024-03-21 11:25:49.000463-05	913	Romulo-904630153	3		17	1
550	2024-03-21 11:25:49.001917-05	912	Wiber-969729815	3		17	1
551	2024-03-21 11:25:49.003263-05	911	S/N-971088953	3		17	1
552	2024-03-21 11:25:49.004747-05	910	Gabriela-914453213	3		17	1
553	2024-03-21 11:25:49.007809-05	909	Oscar-937723373	3		17	1
554	2024-03-21 11:25:49.010403-05	908	Kelly-931489693	3		17	1
555	2024-03-21 11:25:49.011879-05	907	Yanina-958647281	3		17	1
556	2024-03-21 11:25:49.014055-05	906	Arthur-976340861	3		17	1
557	2024-03-21 11:25:49.015805-05	905	Mayra-930275306	3		17	1
558	2024-03-21 11:25:49.01721-05	904	Jesus-977135782	3		17	1
559	2024-03-21 11:25:49.01852-05	903	Gonzalo-959457194	3		17	1
560	2024-03-21 11:25:49.02131-05	902	S/N-900581040	3		17	1
561	2024-03-21 11:25:49.023943-05	901	Marlene-976757405	3		17	1
562	2024-03-21 11:25:49.025282-05	900	Cesar-992576900	3		17	1
563	2024-03-21 11:25:49.026922-05	899	Kevin-974721243	3		17	1
564	2024-03-21 11:25:49.028583-05	898	Carlos-940612853	3		17	1
565	2024-03-21 11:25:49.030822-05	897	Carmen-979001454	3		17	1
566	2024-03-21 11:25:49.032741-05	896	Jhonatan-976658191	3		17	1
567	2024-03-21 11:25:49.035721-05	895	Rosa-958672572	3		17	1
568	2024-03-21 11:25:49.038154-05	894	S/N-927063332	3		17	1
569	2024-03-21 11:25:49.039528-05	893	Jorge-963957101	3		17	1
570	2024-03-21 11:25:49.041072-05	892	Victor-959096596	3		17	1
571	2024-03-21 11:25:49.042399-05	891	Franco-953284204	3		17	1
572	2024-03-21 11:25:49.043601-05	890	Maria-980028226	3		17	1
573	2024-03-21 11:25:49.045306-05	889	Fernando-959628128	3		17	1
574	2024-03-21 11:25:49.049357-05	888	Hector-993152687	3		17	1
575	2024-03-21 11:25:49.051979-05	887	Braulio-955921915	3		17	1
576	2024-03-21 11:25:49.05325-05	886	S/N-966633463	3		17	1
577	2024-03-21 11:25:49.054744-05	885	Sandro-962888664	3		17	1
578	2024-03-21 11:25:49.055964-05	884	Juan Carlos-963714463	3		17	1
579	2024-03-21 11:25:49.057128-05	883	Taipe-959249013	3		17	1
580	2024-03-21 11:25:49.058401-05	882	Nelly-981977307	3		17	1
581	2024-03-21 11:25:49.060926-05	881	Angel-963583382	3		17	1
582	2024-03-21 11:25:49.064338-05	880	Mariela-966361186	3		17	1
583	2024-03-21 11:25:49.065706-05	879	Norah-981070404	3		17	1
584	2024-03-21 11:25:49.06726-05	878	Miguel-990313791	3		17	1
585	2024-03-21 11:25:49.068497-05	877	Maria Milagro-978360056	3		17	1
586	2024-03-21 11:25:49.069633-05	876	Omar-989871625	3		17	1
587	2024-03-21 11:25:49.07085-05	875	Vicente-955272257	3		17	1
588	2024-03-21 11:25:49.073549-05	874	S/N-939147481	3		17	1
589	2024-03-21 11:25:49.076029-05	873	Renzo-921198336	3		17	1
590	2024-03-21 11:25:49.0773-05	872	S/N-916507207	3		17	1
591	2024-03-21 11:25:49.078952-05	871	Jorge-944083470	3		17	1
592	2024-03-21 11:25:49.081152-05	870	Roel-993529657	3		17	1
593	2024-03-21 11:25:49.08305-05	869	Gilber-930322554	3		17	1
594	2024-03-21 11:25:49.084547-05	868	S/N-954052671	3		17	1
595	2024-03-21 11:25:49.087944-05	867	Juan-918215954	3		17	1
596	2024-03-21 11:25:49.090747-05	866	Nadia-932368246	3		17	1
597	2024-03-21 11:25:49.092061-05	865	Yessica-988582978	3		17	1
598	2024-03-21 11:25:49.093785-05	864	Grimaldo-989661177	3		17	1
599	2024-03-21 11:25:49.095357-05	863	Sergio-951848821	3		17	1
600	2024-03-21 11:25:49.097096-05	862	Hugo-957865510	3		17	1
601	2024-03-21 11:25:49.098415-05	861	Samuel-958242542	3		17	1
602	2024-03-21 11:25:49.101038-05	860	Alfredo-942761268	3		17	1
603	2024-03-21 11:25:49.104981-05	859	Juan-960973458	3		17	1
604	2024-03-21 11:25:49.106517-05	858	Victor-982691593	3		17	1
605	2024-03-21 11:25:49.108184-05	857	Luc칤a-985138245	3		17	1
606	2024-03-21 11:25:49.109476-05	856	S/N-952643301	3		17	1
607	2024-03-21 11:25:49.110696-05	855	Mariela-959386200	3		17	1
608	2024-03-21 11:25:49.112675-05	854	Bernardo-957946578	3		17	1
609	2024-03-21 11:25:49.116238-05	853	Jarif-943820054	3		17	1
610	2024-03-21 11:25:49.118644-05	852	Mily-986580844	3		17	1
611	2024-03-21 11:25:49.120256-05	851	S/N-977719785	3		17	1
612	2024-03-21 11:25:49.121667-05	850	Gerardo-980682822	3		17	1
613	2024-03-21 11:25:49.122948-05	849	Jacinto-946633824	3		17	1
614	2024-03-21 11:25:49.124136-05	848	Omar-984399647	3		17	1
615	2024-03-21 11:25:49.125369-05	847	S/N-951640026	3		17	1
616	2024-03-21 11:25:49.128712-05	846	Alfredo-950856669	3		17	1
617	2024-03-21 11:25:49.132649-05	845	S/N-998740161	3		17	1
618	2024-03-21 11:25:49.13411-05	844	S/N-954615401	3		17	1
619	2024-03-21 11:25:49.135866-05	843	Elena-932698686	3		17	1
620	2024-03-21 11:25:49.137302-05	842	S/N-982539027	3		17	1
621	2024-03-21 11:25:49.138499-05	841	S/N-956284503	3		17	1
622	2024-03-21 11:25:49.1398-05	840	Dayana-966873523	3		17	1
623	2024-03-21 11:25:49.142553-05	839	S/N-950748037	3		17	1
624	2024-03-21 11:25:49.145467-05	838	Elena-958745256	3		17	1
625	2024-03-21 11:25:49.147601-05	837	Jorge-997801346	3		17	1
626	2024-03-21 11:25:49.149493-05	836	S/N-943045084	3		17	1
627	2024-03-21 11:25:49.151239-05	835	Nilton-917459728	3		17	1
628	2024-03-21 11:25:49.152733-05	834	Eleana-988802810	3		17	1
629	2024-03-21 11:25:49.154008-05	833	Paola-974394322	3		17	1
630	2024-03-21 11:25:49.156782-05	832	Katy-982178579	3		17	1
631	2024-03-21 11:25:49.159324-05	831	Luzmarina-959585651	3		17	1
632	2024-03-21 11:25:49.16062-05	830	Maria-951325550	3		17	1
633	2024-03-21 11:25:49.162881-05	829	Genaro-965328780	3		17	1
634	2024-03-21 11:25:49.164215-05	828	Jorge-926252392	3		17	1
635	2024-03-21 11:25:49.165298-05	827	Sol-914642675	3		17	1
636	2024-03-21 11:25:55.573874-05	826	Myriam-959997208	3		17	1
637	2024-03-21 11:25:55.58315-05	825	Yvan-924216494	3		17	1
638	2024-03-21 11:25:55.584787-05	824	Lidia-983347539	3		17	1
639	2024-03-21 11:25:55.586293-05	823	S/N-918500582	3		17	1
640	2024-03-21 11:25:55.587778-05	822	Sebasti치n-915390284	3		17	1
641	2024-03-21 11:25:55.589199-05	821	Felipe-990408855	3		17	1
642	2024-03-21 11:25:55.590577-05	820	Rodrigo-939558992	3		17	1
643	2024-03-21 11:25:55.592191-05	819	Martin-944915252	3		17	1
644	2024-03-21 11:25:55.593674-05	818	Juan Carlos-940067298	3		17	1
645	2024-03-21 11:25:55.59495-05	817	Maria del Carmen-981381322	3		17	1
646	2024-03-21 11:25:55.596478-05	816	Nilda-957077316	3		17	1
647	2024-03-21 11:25:55.598007-05	815	S/N-904729555	3		17	1
648	2024-03-21 11:25:55.599469-05	814	Jose-928856293	3		17	1
649	2024-03-21 11:25:55.600901-05	813	Nico-923454514	3		17	1
650	2024-03-21 11:25:55.603203-05	812	Juan-940420445	3		17	1
651	2024-03-21 11:25:55.604741-05	811	Mauge-974578292	3		17	1
652	2024-03-21 11:25:55.606087-05	810	Jose-955427297	3		17	1
653	2024-03-21 11:25:55.607426-05	809	S/N-996111171	3		17	1
654	2024-03-21 11:25:55.608726-05	808	S/N-901689693	3		17	1
655	2024-03-21 11:25:55.609926-05	807	Flor-912948031	3		17	1
656	2024-03-21 11:25:55.611117-05	806	Carlos-987822333	3		17	1
657	2024-03-21 11:25:55.612475-05	805	Osmar-962273042	3		17	1
658	2024-03-21 11:25:55.614336-05	804	Lucero-967073768	3		17	1
659	2024-03-21 11:25:55.615913-05	803	Herber-990905055	3		17	1
660	2024-03-21 11:25:55.617241-05	802	Roque-967280854	3		17	1
661	2024-03-21 11:25:55.618435-05	801	Yoselyn-939087730	3		17	1
662	2024-03-21 11:25:55.619836-05	800	Arturo-924385669	3		17	1
663	2024-03-21 11:25:55.621094-05	799	Jhunior-940728181	3		17	1
664	2024-03-21 11:25:55.622339-05	798	S/N-978034765	3		17	1
665	2024-03-21 11:25:55.624254-05	797	Kathy-932367660	3		17	1
666	2024-03-21 11:25:55.6255-05	796	Edison-935202287	3		17	1
667	2024-03-21 11:25:55.626729-05	795	S/N-958240187	3		17	1
668	2024-03-21 11:25:55.628051-05	794	Wil-973181993	3		17	1
669	2024-03-21 11:25:55.629548-05	793	Fred-951729897	3		17	1
670	2024-03-21 11:25:55.630863-05	792	Jonathan-952099885	3		17	1
671	2024-03-21 11:25:55.632195-05	791	Julio-976390040	3		17	1
672	2024-03-21 11:25:55.633429-05	790	Sandy-974235998	3		17	1
673	2024-03-21 11:25:55.634778-05	789	S/N-962722605	3		17	1
674	2024-03-21 11:25:55.636036-05	788	Luis Fernando-901523501	3		17	1
675	2024-03-21 11:25:55.637193-05	787	S/N-918319659	3		17	1
676	2024-03-21 11:25:55.638299-05	786	S/N-953674294	3		17	1
677	2024-03-21 11:25:55.639787-05	785	Andr칠-989511985	3		17	1
678	2024-03-21 11:25:55.640952-05	784	S/N-954116072	3		17	1
679	2024-03-21 11:25:55.64212-05	783	Alisson-983350154	3		17	1
680	2024-03-21 11:25:55.643441-05	782	Mia-958964259	3		17	1
681	2024-03-21 11:25:55.644735-05	781	S/N-920427304	3		17	1
682	2024-03-21 11:25:55.646096-05	780	S/N-980423138	3		17	1
683	2024-03-21 11:25:55.647629-05	779	Lizeth-941036327	3		17	1
684	2024-03-21 11:25:55.648893-05	778	Benilda-990564619	3		17	1
685	2024-03-21 11:25:55.650817-05	777	S/N-951756829	3		17	1
686	2024-03-21 11:25:55.652167-05	776	Roxana-994975946	3		17	1
687	2024-03-21 11:25:55.653326-05	775	Angelito-970913719	3		17	1
688	2024-03-21 11:25:55.654695-05	774	GianCarlos-943832925	3		17	1
689	2024-03-21 11:25:55.655812-05	773	Jady-925487858	3		17	1
690	2024-03-21 11:25:55.657447-05	772	S/N-950336859	3		17	1
691	2024-03-21 11:25:55.658865-05	771	Ivan-953335254	3		17	1
692	2024-03-21 11:25:55.660384-05	770	S/N-982653742	3		17	1
693	2024-03-21 11:25:55.661783-05	769	S/N-973615410	3		17	1
694	2024-03-21 11:25:55.663249-05	768	Luz-985084600	3		17	1
695	2024-03-21 11:25:55.664492-05	767	Eva-976628321	3		17	1
696	2024-03-21 11:25:55.66582-05	766	S/N-957494128	3		17	1
697	2024-03-21 11:25:55.666898-05	765	William-910068896	3		17	1
698	2024-03-21 11:25:55.66784-05	764	Sonia-914238475	3		17	1
699	2024-03-21 11:25:55.668868-05	763	Freddy-957751003	3		17	1
700	2024-03-21 11:25:55.670075-05	762	S/N-957993993	3		17	1
701	2024-03-21 11:25:55.671196-05	761	S/N-924446651	3		17	1
702	2024-03-21 11:25:55.672311-05	760	Liz-991721126	3		17	1
703	2024-03-21 11:25:55.673395-05	759	S/N-989382478	3		17	1
704	2024-03-21 11:25:55.674652-05	758	Susana-959287821	3		17	1
705	2024-03-21 11:25:55.675804-05	757	S/N-967722611	3		17	1
706	2024-03-21 11:25:55.676885-05	756	Beto-953769359	3		17	1
707	2024-03-21 11:25:55.678293-05	755	Antuaneth-922210337	3		17	1
708	2024-03-21 11:25:55.679704-05	754	S/N-951139996	3		17	1
709	2024-03-21 11:25:55.681254-05	753	Alan-992868456	3		17	1
710	2024-03-21 11:25:55.682898-05	752	Mar칤a-972480132	3		17	1
711	2024-03-21 11:25:55.68418-05	751	Ximena-994331831	3		17	1
712	2024-03-21 11:25:55.685335-05	750	Andr칠s-993460796	3		17	1
713	2024-03-21 11:25:55.686492-05	749	Viviana-991477382	3		17	1
714	2024-03-21 11:25:55.687633-05	748	Yane-972735027	3		17	1
715	2024-03-21 11:25:55.688932-05	747	S/N-931724622	3		17	1
716	2024-03-21 11:25:55.690022-05	746	S/N-928130120	3		17	1
717	2024-03-21 11:25:55.691298-05	745	Ruben-913558382	3		17	1
718	2024-03-21 11:25:55.692425-05	744	Verito-934417086	3		17	1
719	2024-03-21 11:25:55.693634-05	743	Jessica-958961214	3		17	1
720	2024-03-21 11:25:55.694797-05	742	S/N-993827761	3		17	1
721	2024-03-21 11:25:55.696152-05	741	Roger-968237076	3		17	1
722	2024-03-21 11:25:55.697479-05	740	Walter-951133227	3		17	1
723	2024-03-21 11:25:55.698764-05	739	S/N-982749383	3		17	1
724	2024-03-21 11:25:55.699998-05	738	S/N-971417312	3		17	1
725	2024-03-21 11:25:55.701157-05	737	Victor-995761872	3		17	1
726	2024-03-21 11:25:55.702372-05	736	S/N-967755897	3		17	1
727	2024-03-21 11:25:55.703642-05	735	S/N-953517551	3		17	1
728	2024-03-21 11:25:55.705116-05	734	Alfonso-968810505	3		17	1
729	2024-03-21 11:25:55.706317-05	733	Rosario-958728887	3		17	1
730	2024-03-21 11:25:55.707754-05	732	Rosaly-940114995	3		17	1
731	2024-03-21 11:25:55.708865-05	731	Vilma-958707561	3		17	1
732	2024-03-21 11:25:55.709972-05	730	Yony-992981227	3		17	1
733	2024-03-21 11:25:55.711163-05	729	Miguel-986837813	3		17	1
734	2024-03-21 11:25:55.712703-05	728	Vilma-936546580	3		17	1
735	2024-03-21 11:25:55.714083-05	727	Yony-929207916	3		17	1
736	2024-03-21 11:26:01.579903-05	726	S/N-986755046	3		17	1
737	2024-03-21 11:26:01.58585-05	725	Axel-987233206	3		17	1
738	2024-03-21 11:26:01.587382-05	724	S/N-970959404	3		17	1
739	2024-03-21 11:26:01.58875-05	723	Luis-974783781	3		17	1
740	2024-03-21 11:26:01.589983-05	722	Joan-930303901	3		17	1
741	2024-03-21 11:26:01.591292-05	721	S/N-957828971	3		17	1
742	2024-03-21 11:26:01.592576-05	720	Carmen-959146093	3		17	1
743	2024-03-21 11:26:01.593776-05	719	Ang칠lica-987017937	3		17	1
744	2024-03-21 11:26:01.595062-05	718	Luis-991754071	3		17	1
745	2024-03-21 11:26:01.596662-05	717	Edith-957574888	3		17	1
746	2024-03-21 11:26:01.597901-05	716	S/N-947439672	3		17	1
747	2024-03-21 11:26:01.59912-05	715	Silver-953940742	3		17	1
748	2024-03-21 11:26:01.600449-05	714	Deysi-970601356	3		17	1
749	2024-03-21 11:26:01.601596-05	713	Walter-953663620	3		17	1
750	2024-03-21 11:26:01.602704-05	712	S/N-943834566	3		17	1
751	2024-03-21 11:26:01.604013-05	711	Elvis-949252869	3		17	1
752	2024-03-21 11:26:01.605162-05	710	Liliana-954637831	3		17	1
753	2024-03-21 11:26:01.606318-05	709	Wilbert-978658600	3		17	1
754	2024-03-21 11:26:01.607549-05	708	Celso-932263492	3		17	1
755	2024-03-21 11:26:01.608639-05	707	Paulita-967642581	3		17	1
756	2024-03-21 11:26:01.609781-05	706	Mary-981320508	3		17	1
757	2024-03-21 11:26:01.611028-05	705	Gloria-965722704	3		17	1
758	2024-03-21 11:26:01.612552-05	704	Jeremy-963289833	3		17	1
759	2024-03-21 11:26:01.613687-05	703	Danny-984002497	3		17	1
760	2024-03-21 11:26:01.614683-05	702	Ivan-977137930	3		17	1
761	2024-03-21 11:26:01.615769-05	701	Kath-907107850	3		17	1
762	2024-03-21 11:26:01.61701-05	700	Naty-976357399	3		17	1
763	2024-03-21 11:26:01.618373-05	699	Ed-928208900	3		17	1
764	2024-03-21 11:26:01.619585-05	698	Daniel-920611765	3		17	1
765	2024-03-21 11:26:01.62079-05	697	Jesus-984819410	3		17	1
766	2024-03-21 11:26:01.621932-05	696	S/N-969719407	3		17	1
767	2024-03-21 11:26:01.623149-05	695	Rosa-958977886	3		17	1
768	2024-03-21 11:26:01.624322-05	694	Fernando-957628200	3		17	1
769	2024-03-21 11:26:01.625465-05	693	Graciela-940399583	3		17	1
770	2024-03-21 11:26:01.626526-05	692	Richard-940240054	3		17	1
771	2024-03-21 11:26:01.627656-05	691	Cesar-987845618	3		17	1
772	2024-03-21 11:26:01.629433-05	690	Juan Carlos-959322335	3		17	1
773	2024-03-21 11:26:01.630692-05	689	S/N-966711287	3		17	1
774	2024-03-21 11:26:01.631836-05	688	Armando-973260534	3		17	1
775	2024-03-21 11:26:01.633287-05	687	S/N-987486725	3		17	1
776	2024-03-21 11:26:01.634361-05	686	Loreni-983469987	3		17	1
777	2024-03-21 11:26:01.635486-05	685	Jean-958110041	3		17	1
778	2024-03-21 11:26:01.636829-05	684	Giovanny-959622008	3		17	1
779	2024-03-21 11:26:01.637978-05	683	Juancho-956274171	3		17	1
780	2024-03-21 11:26:01.639199-05	682	S/N-984238175	3		17	1
781	2024-03-21 11:26:01.640332-05	681	Andy-973196982	3		17	1
782	2024-03-21 11:26:01.641467-05	680	Jenny-931207251	3		17	1
783	2024-03-21 11:26:01.642609-05	679	Kamila-992894807	3		17	1
784	2024-03-21 11:26:01.643764-05	678	Allison-932574275	3		17	1
785	2024-03-21 11:26:01.644953-05	677	Isabel-959963966	3		17	1
786	2024-03-21 11:26:01.646543-05	676	Franklin-932116508	3		17	1
787	2024-03-21 11:26:01.647762-05	675	Carmen-958782012	3		17	1
788	2024-03-21 11:26:01.64897-05	674	Anibal-994924546	3		17	1
789	2024-03-21 11:26:01.650254-05	673	Heydi-976631832	3		17	1
790	2024-03-21 11:26:01.651547-05	672	Tania-900031389	3		17	1
791	2024-03-21 11:26:01.652671-05	671	Ricardo-976684216	3		17	1
792	2024-03-21 11:26:01.653845-05	670	Nereyda-958615392	3		17	1
793	2024-03-21 11:26:01.654966-05	669	Fabiola-980166373	3		17	1
794	2024-03-21 11:26:01.656122-05	668	Raquel-959374465	3		17	1
795	2024-03-21 11:26:01.657291-05	667	Gustavo-958754243	3		17	1
796	2024-03-21 11:26:01.658364-05	666	Lucio-953521145	3		17	1
797	2024-03-21 11:26:01.659585-05	665	Elizabeth-959185191	3		17	1
798	2024-03-21 11:26:01.660807-05	664	Vane-999470032	3		17	1
799	2024-03-21 11:26:01.662304-05	663	Bonifacio-992277740	3		17	1
800	2024-03-21 11:26:01.663609-05	662	Enrique-958001647	3		17	1
801	2024-03-21 11:26:01.664619-05	661	Alejandra-998189222	3		17	1
802	2024-03-21 11:26:01.665872-05	660	S/N-958339276	3		17	1
803	2024-03-21 11:26:01.667069-05	659	Edwin-945470100	3		17	1
804	2024-03-21 11:26:01.668127-05	658	S/N-958686885	3		17	1
805	2024-03-21 11:26:01.669257-05	657	S/N-930423374	3		17	1
806	2024-03-21 11:26:01.670353-05	656	S/N-928269028	3		17	1
807	2024-03-21 11:26:01.671612-05	655	Luz-963775409	3		17	1
808	2024-03-21 11:26:01.672662-05	654	S/N-969056849	3		17	1
809	2024-03-21 11:26:01.673798-05	653	Deybi-970545228	3		17	1
810	2024-03-21 11:26:01.674975-05	652	Guadalupe-960720879	3		17	1
811	2024-03-21 11:26:01.676114-05	651	Flavio-959563196	3		17	1
812	2024-03-21 11:26:01.677202-05	650	S/N-954867887	3		17	1
813	2024-03-21 11:26:01.678478-05	649	Sonia-982386820	3		17	1
814	2024-03-21 11:26:01.679939-05	648	S/N-943581484	3		17	1
815	2024-03-21 11:26:01.681102-05	647	Carolina-949835351	3		17	1
816	2024-03-21 11:26:01.682362-05	646	Nicole-914692387	3		17	1
817	2024-03-21 11:26:01.683563-05	645	Ana Mar칤a-938428237	3		17	1
818	2024-03-21 11:26:01.684739-05	644	S/N-987899100	3		17	1
819	2024-03-21 11:26:01.685828-05	643	S/N-993041346	3		17	1
820	2024-03-21 11:26:01.686971-05	642	S/N-5.21669E+12	3		17	1
821	2024-03-21 11:26:01.688106-05	641	Nohely-916565263	3		17	1
822	2024-03-21 11:26:01.689237-05	640	Daniel-952617271	3		17	1
823	2024-03-21 11:26:01.690305-05	639	Leo-932913365	3		17	1
824	2024-03-21 11:26:01.691505-05	638	Katy-990970832	3		17	1
825	2024-03-21 11:26:01.692694-05	637	S/N-982986820	3		17	1
826	2024-03-21 11:26:01.693801-05	636	Sonia-983899384	3		17	1
827	2024-03-21 11:26:01.694938-05	635	Deyvis-993213669	3		17	1
828	2024-03-21 11:26:01.696495-05	634	Iv치n-951968824	3		17	1
829	2024-03-21 11:26:01.697579-05	633	S/N-936364901	3		17	1
830	2024-03-21 11:26:01.698852-05	632	Jose-991912655	3		17	1
831	2024-03-21 11:26:01.700186-05	631	Irma-959903073	3		17	1
832	2024-03-21 11:26:01.701317-05	630	Franco-930340205	3		17	1
833	2024-03-21 11:26:01.702444-05	629	Juan-928160294	3		17	1
834	2024-03-21 11:26:01.703639-05	628	Adrian-966734467	3		17	1
835	2024-03-21 11:26:01.704871-05	627	Luis-983114382	3		17	1
836	2024-03-21 11:26:07.707874-05	626	Reina-985824334	3		17	1
837	2024-03-21 11:26:07.716693-05	625	Berly-959940147	3		17	1
838	2024-03-21 11:26:07.718397-05	624	Armando-941163582	3		17	1
839	2024-03-21 11:26:07.719683-05	623	Ysela-981811593	3		17	1
840	2024-03-21 11:26:07.720952-05	622	Daniel-929974951	3		17	1
841	2024-03-21 11:26:07.722147-05	621	Diego-959223796	3		17	1
842	2024-03-21 11:26:07.723495-05	620	Hern치n-953050726	3		17	1
843	2024-03-21 11:26:07.72465-05	619	S/N-978888016	3		17	1
844	2024-03-21 11:26:07.725788-05	618	S/N-975638420	3		17	1
845	2024-03-21 11:26:07.727035-05	617	S/N-999917058	3		17	1
846	2024-03-21 11:26:07.728665-05	616	S/N-974267343	3		17	1
847	2024-03-21 11:26:07.729925-05	615	Victor-958358516	3		17	1
848	2024-03-21 11:26:07.731213-05	614	Roberto-900759410	3		17	1
849	2024-03-21 11:26:07.732602-05	613	Luz-940456210	3		17	1
850	2024-03-21 11:26:07.733869-05	612	Edilberto-996593018	3		17	1
851	2024-03-21 11:26:07.735022-05	611	Juan-958646839	3		17	1
852	2024-03-21 11:26:07.736162-05	610	Evelyn-912004467	3		17	1
853	2024-03-21 11:26:07.737222-05	609	Cahuide-993435258	3		17	1
854	2024-03-21 11:26:07.738591-05	608	Julia-947679784	3		17	1
855	2024-03-21 11:26:07.739966-05	607	Julia-992227372	3		17	1
856	2024-03-21 11:26:07.741091-05	606	Fredy-952250940	3		17	1
857	2024-03-21 11:26:07.742334-05	605	GianCarlo-958090703	3		17	1
858	2024-03-21 11:26:07.743512-05	604	Lino-997520506	3		17	1
859	2024-03-21 11:26:07.744838-05	603	Jhoel-943570617	3		17	1
860	2024-03-21 11:26:07.746341-05	602	Flor-999001263	3		17	1
861	2024-03-21 11:26:07.7477-05	601	Giuliano-993943900	3		17	1
862	2024-03-21 11:26:07.748877-05	600	Luciana-964962901	3		17	1
863	2024-03-21 11:26:07.750424-05	599	Brigitte-981778367	3		17	1
864	2024-03-21 11:26:07.751647-05	598	Victor-958425260	3		17	1
865	2024-03-21 11:26:07.752925-05	597	Miguel-916412224	3		17	1
866	2024-03-21 11:26:07.754057-05	596	Carlos-933674716	3		17	1
867	2024-03-21 11:26:07.755274-05	595	James-927258559	3		17	1
868	2024-03-21 11:26:07.7564-05	594	S/N-936063187	3		17	1
869	2024-03-21 11:26:07.757853-05	593	Angel-958748758	3		17	1
870	2024-03-21 11:26:07.759-05	592	Job-975575204	3		17	1
871	2024-03-21 11:26:07.760188-05	591	Alvaro-947774804	3		17	1
872	2024-03-21 11:26:07.761597-05	590	Henry-940854694	3		17	1
873	2024-03-21 11:26:07.763064-05	589	Luis-943662383	3		17	1
874	2024-03-21 11:26:07.764249-05	588	Isabel-989040042	3		17	1
875	2024-03-21 11:26:07.765489-05	587	Margot-974936309	3		17	1
876	2024-03-21 11:26:07.766945-05	586	Jean-927437604	3		17	1
877	2024-03-21 11:26:07.768164-05	585	Hermelinda-960320390	3		17	1
878	2024-03-21 11:26:07.769376-05	584	Victor-961023100	3		17	1
879	2024-03-21 11:26:07.770541-05	583	Maria-958906068	3		17	1
880	2024-03-21 11:26:07.771798-05	582	Mariela-954738139	3		17	1
881	2024-03-21 11:26:07.772949-05	581	Eli-974224636	3		17	1
882	2024-03-21 11:26:07.77414-05	580	Sandro-983983097	3		17	1
883	2024-03-21 11:26:07.775295-05	579	Milagros-966569521	3		17	1
884	2024-03-21 11:26:07.776724-05	578	Mireille-960087686	3		17	1
885	2024-03-21 11:26:07.778269-05	577	Olga-974784006	3		17	1
886	2024-03-21 11:26:07.779782-05	576	Yanet-921139456	3		17	1
887	2024-03-21 11:26:07.780919-05	575	Lesly-944399181	3		17	1
888	2024-03-21 11:26:07.782188-05	574	Karla-946325977	3		17	1
889	2024-03-21 11:26:07.783535-05	573	Rasec-963202436	3		17	1
890	2024-03-21 11:26:07.78487-05	572	Ed Rey-928296028	3		17	1
891	2024-03-21 11:26:07.786072-05	571	Asunci칩n-985957871	3		17	1
892	2024-03-21 11:26:07.787225-05	570	Ignacio-977576707	3		17	1
893	2024-03-21 11:26:07.788332-05	569	Marianela-939897617	3		17	1
894	2024-03-21 11:26:07.789399-05	568	Lilian-959166399	3		17	1
895	2024-03-21 11:26:07.79068-05	567	Jorge-959924924	3		17	1
896	2024-03-21 11:26:07.791994-05	566	Bianca-987108487	3		17	1
897	2024-03-21 11:26:07.793229-05	565	Mario-981135947	3		17	1
898	2024-03-21 11:26:07.794634-05	564	Iris-989503160	3		17	1
899	2024-03-21 11:26:07.796205-05	563	Elvis-931853828	3		17	1
900	2024-03-21 11:26:07.79727-05	562	Javier-958756982	3		17	1
901	2024-03-21 11:26:07.798454-05	561	Luz-948639070	3		17	1
902	2024-03-21 11:26:07.799705-05	560	Shirley-958885025	3		17	1
903	2024-03-21 11:26:07.800977-05	559	Antony-940184922	3		17	1
904	2024-03-21 11:26:07.802-05	558	Jusin-956434629	3		17	1
905	2024-03-21 11:26:07.803156-05	557	Paul-951208744	3		17	1
906	2024-03-21 11:26:07.804244-05	556	Diomi-994313718	3		17	1
907	2024-03-21 11:26:07.805449-05	555	Joel-929546267	3		17	1
908	2024-03-21 11:26:07.806616-05	554	James-970001999	3		17	1
909	2024-03-21 11:26:07.807718-05	553	Fernando-937578489	3		17	1
910	2024-03-21 11:26:07.808933-05	552	Angelica-900125384	3		17	1
911	2024-03-21 11:26:07.810187-05	551	Jose-996274482	3		17	1
912	2024-03-21 11:26:07.812081-05	550	Julio-918689510	3		17	1
913	2024-03-21 11:26:07.813526-05	549	Giuliana-987719093	3		17	1
914	2024-03-21 11:26:07.815053-05	548	Andr칠s-953268917	3		17	1
915	2024-03-21 11:26:07.816659-05	547	Javier-938272501	3		17	1
916	2024-03-21 11:26:07.81805-05	546	Cristhian-924525419	3		17	1
917	2024-03-21 11:26:07.819364-05	545	Maria-989874260	3		17	1
918	2024-03-21 11:26:07.820675-05	544	Daniela-994895558	3		17	1
919	2024-03-21 11:26:07.821911-05	543	S/N-997625067	3		17	1
920	2024-03-21 11:26:07.823174-05	542	Dayana-964503873	3		17	1
921	2024-03-21 11:26:07.824298-05	541	Marilia-976156409	3		17	1
922	2024-03-21 11:26:07.825574-05	540	Ketty-966677580	3		17	1
923	2024-03-21 11:26:07.826777-05	539	Reldy-941289117	3		17	1
924	2024-03-21 11:26:07.828181-05	538	Ronaldo-962172806	3		17	1
925	2024-03-21 11:26:07.829708-05	537	Hildo-986888555	3		17	1
926	2024-03-21 11:26:07.831079-05	536	Miguel-958705011	3		17	1
927	2024-03-21 11:26:07.832384-05	535	Francisco-952348768	3		17	1
928	2024-03-21 11:26:07.833838-05	534	Ang칠lica-959896430	3		17	1
929	2024-03-21 11:26:07.835425-05	533	Diego-943395816	3		17	1
930	2024-03-21 11:26:07.836666-05	532	Danitza-989759496	3		17	1
931	2024-03-21 11:26:07.837941-05	531	Guido-994608955	3		17	1
932	2024-03-21 11:26:07.839188-05	530	Concepci칩n-959037568	3		17	1
933	2024-03-21 11:26:07.840559-05	529	Jorge-959683480	3		17	1
934	2024-03-21 11:26:07.841725-05	528	Grethel-933598002	3		17	1
935	2024-03-21 11:26:07.842944-05	527	Jean Carlo-942452151	3		17	1
936	2024-03-21 11:26:13.082202-05	526	Sayda-915341146	3		17	1
937	2024-03-21 11:26:13.088155-05	525	Gabriel-997704330	3		17	1
938	2024-03-21 11:26:13.089783-05	524	Ang칠lica-950896072	3		17	1
939	2024-03-21 11:26:13.091294-05	523	Edgar-956201668	3		17	1
940	2024-03-21 11:26:13.092581-05	522	Rosa-959041757	3		17	1
941	2024-03-21 11:26:13.093882-05	521	Luz-973056264	3		17	1
942	2024-03-21 11:26:13.095733-05	520	Enrique-974879680	3		17	1
943	2024-03-21 11:26:13.097263-05	519	Celso-952658197	3		17	1
944	2024-03-21 11:26:13.098417-05	518	Miguel-995952972	3		17	1
945	2024-03-21 11:26:13.099605-05	517	Eduardo-973291346	3		17	1
946	2024-03-21 11:26:13.100705-05	516	Brayan-978513524	3		17	1
947	2024-03-21 11:26:13.102073-05	515	Marco-977136217	3		17	1
948	2024-03-21 11:26:13.10317-05	514	Julio-957201702	3		17	1
949	2024-03-21 11:26:13.104289-05	513	Eilleen-997478920	3		17	1
950	2024-03-21 11:26:13.10541-05	512	Cesar-995685498	3		17	1
951	2024-03-21 11:26:13.106551-05	511	Gonzalo-976955066	3		17	1
952	2024-03-21 11:26:13.107663-05	510	Angelica-942057171	3		17	1
953	2024-03-21 11:26:13.108682-05	509	Elizabeth-978668946	3		17	1
954	2024-03-21 11:26:13.10978-05	508	Everson-915157824	3		17	1
955	2024-03-21 11:26:13.110873-05	507	Alonso-971871471	3		17	1
956	2024-03-21 11:26:13.112618-05	506	Efrain-986748444	3		17	1
957	2024-03-21 11:26:13.113659-05	505	Edgar-959140324	3		17	1
958	2024-03-21 11:26:13.11471-05	504	Mar칤a-972680009	3		17	1
959	2024-03-21 11:26:13.115866-05	503	Felipe-999408855	3		17	1
960	2024-03-21 11:26:13.116954-05	502	Roberto-941284195	3		17	1
961	2024-03-21 11:26:13.118283-05	501	Annie-954683337	3		17	1
962	2024-03-21 11:26:13.119785-05	500	Manuel-997812463	3		17	1
963	2024-03-21 11:26:13.120863-05	499	Francklin-974786475	3		17	1
964	2024-03-21 11:26:13.121855-05	498	Mariluz-985990402	3		17	1
965	2024-03-21 11:26:13.122863-05	497	Francisca-959833996	3		17	1
966	2024-03-21 11:26:13.12398-05	496	Julissa-992241833	3		17	1
967	2024-03-21 11:26:13.124913-05	495	Omar-957829995	3		17	1
968	2024-03-21 11:26:13.125801-05	494	Jose-989754536	3		17	1
969	2024-03-21 11:26:13.126913-05	493	Manuel-956682642	3		17	1
970	2024-03-21 11:26:13.128394-05	492	Lupita-997003247	3		17	1
971	2024-03-21 11:26:13.129669-05	491	Ysabel-949788489	3		17	1
972	2024-03-21 11:26:13.130984-05	490	944205595	3		17	1
973	2024-03-21 11:26:13.132691-05	489	941036327	3		17	1
974	2024-03-21 11:26:13.13378-05	488	969758306	3		17	1
975	2024-03-21 11:26:13.134961-05	487	937334123	3		17	1
976	2024-03-21 11:26:13.136005-05	486	941679269	3		17	1
977	2024-03-21 11:26:13.137295-05	485	958227562	3		17	1
978	2024-03-21 11:26:13.138436-05	484	Junacitoooo-920422911	3		17	1
979	2024-03-21 21:19:30.115472-05	18	Marketing1	2	[{"changed": {"fields": ["password"]}}]	7	1
980	2024-03-21 21:19:53.253083-05	18	Marketing1	2	[{"changed": {"fields": ["Last login"]}}]	7	1
981	2024-03-21 22:10:20.948391-05	1370	Fernando-948047343	2	[{"changed": {"fields": ["Producto"]}}]	17	1
982	2024-03-22 08:50:49.598379-05	16	Asesor3	2	[{"changed": {"fields": ["password"]}}]	7	1
983	2024-03-24 11:38:55.317591-05	16	PS_CFB	3		12	1
984	2024-03-24 11:38:55.326153-05	15	PS_CFB_03077	3		12	1
985	2024-03-24 11:38:55.327786-05	14	PS_CFB_0307	3		12	1
986	2024-03-24 11:38:55.329137-05	13	ORGANICO_PS_CT_0302	3		12	1
987	2024-03-24 11:38:55.330419-05	12	aaaaa	3		12	1
988	2024-03-24 11:38:55.331734-05	11	aaaa	3		12	1
989	2024-03-24 11:38:55.332923-05	10	zzzzzzzzzzzzzzzzzzzzz	3		12	1
990	2024-03-24 11:38:55.334062-05	9	tvygbubhuhijnj	3		12	1
991	2024-03-24 11:38:55.335154-05	8	nijomokmpmpk	3		12	1
992	2024-03-24 11:38:55.336287-05	7	tvygbubhuhijn	3		12	1
993	2024-03-24 11:38:55.337341-05	6	edgvdsvdsv	3		12	1
994	2024-03-24 14:01:56.559578-05	1370	Fernando-948047343	2	[{"changed": {"fields": ["Estado"]}}]	17	1
995	2024-03-25 19:55:24.137914-05	1373	xxxx-987654321	1	[{"added": {}}]	17	1
996	2024-03-26 17:55:32.634887-05	1	Banco De Credito del Peru	1	[{"added": {}}]	46	1
997	2024-03-26 17:56:26.402063-05	2	BBVA	1	[{"added": {}}]	46	1
998	2024-03-26 17:56:34.858593-05	3	Interbank	1	[{"added": {}}]	46	1
999	2024-03-26 17:57:23.908894-05	4	Scotiabank Per칰	1	[{"added": {}}]	46	1
\.


--
-- Data for Name: django_celery_beat_clockedschedule; Type: TABLE DATA; Schema: public; Owner: postgres
--

COPY public.django_celery_beat_clockedschedule (id, clocked_time) FROM stdin;
\.


--
-- Data for Name: django_celery_beat_crontabschedule; Type: TABLE DATA; Schema: public; Owner: postgres
--

COPY public.django_celery_beat_crontabschedule (id, minute, hour, day_of_week, day_of_month, month_of_year, timezone) FROM stdin;
\.


--
-- Data for Name: django_celery_beat_intervalschedule; Type: TABLE DATA; Schema: public; Owner: postgres
--

COPY public.django_celery_beat_intervalschedule (id, every, period) FROM stdin;
\.


--
-- Data for Name: django_celery_beat_periodictask; Type: TABLE DATA; Schema: public; Owner: postgres
--

COPY public.django_celery_beat_periodictask (id, name, task, args, kwargs, queue, exchange, routing_key, expires, enabled, last_run_at, total_run_count, date_changed, description, crontab_id, interval_id, solar_id, one_off, start_time, priority, headers, clocked_id, expire_seconds) FROM stdin;
\.


--
-- Data for Name: django_celery_beat_periodictasks; Type: TABLE DATA; Schema: public; Owner: postgres
--

COPY public.django_celery_beat_periodictasks (ident, last_update) FROM stdin;
\.


--
-- Data for Name: django_celery_beat_solarschedule; Type: TABLE DATA; Schema: public; Owner: postgres
--

COPY public.django_celery_beat_solarschedule (id, event, latitude, longitude) FROM stdin;
\.


--
-- Data for Name: django_content_type; Type: TABLE DATA; Schema: public; Owner: postgres
--

COPY public.django_content_type (id, app_label, model) FROM stdin;
1	admin	logentry
2	auth	permission
3	auth	group
4	contenttypes	contenttype
5	sessions	session
6	cuenta	estadoregistro
7	cuenta	user
8	cuenta	modulo
9	marketing	proyecto
10	marketing	presupuestoproyecto
11	marketing	categoria
12	marketing	campania
13	marketing	gastocampania
14	ventas	tipoevento
15	ventas	objecion
16	ventas	estadolead
17	ventas	lead
18	ventas	whatsapp
19	ventas	historicoleadasesor
20	ventas	llamada
21	ventas	estadoevento
22	ventas	evento
23	ventas	tipoproducto
24	ventas	producto
25	ventas	tipocotizacion
26	ventas	cotizacion
27	ventas	tipocuota
28	ventas	cuota
29	ventas	precio
30	ventas	proyectotipoproducto
31	ventas	desasignacionleadasesor
32	ventas	desasignacionconfiguracion
33	multimedia	videoproyecto
34	multimedia	videoproducto
35	multimedia	imagenproyecto
36	multimedia	imagenproducto
37	token_blacklist	outstandingtoken
38	token_blacklist	blacklistedtoken
39	django_celery_beat	solarschedule
40	django_celery_beat	intervalschedule
41	django_celery_beat	clockedschedule
42	django_celery_beat	crontabschedule
43	django_celery_beat	periodictasks
44	django_celery_beat	periodictask
45	ventas	estadoseparacionlead
46	marketing	banco
\.


--
-- Data for Name: django_migrations; Type: TABLE DATA; Schema: public; Owner: postgres
--

COPY public.django_migrations (id, app, name, applied) FROM stdin;
1	contenttypes	0001_initial	2024-03-14 23:34:07.868808-05
2	contenttypes	0002_remove_content_type_name	2024-03-14 23:34:07.880787-05
3	auth	0001_initial	2024-03-14 23:34:07.930813-05
4	auth	0002_alter_permission_name_max_length	2024-03-14 23:34:07.939359-05
5	auth	0003_alter_user_email_max_length	2024-03-14 23:34:07.949292-05
6	auth	0004_alter_user_username_opts	2024-03-14 23:34:07.958554-05
7	auth	0005_alter_user_last_login_null	2024-03-14 23:34:07.966865-05
8	auth	0006_require_contenttypes_0002	2024-03-14 23:34:07.970196-05
9	auth	0007_alter_validators_add_error_messages	2024-03-14 23:34:07.980513-05
10	auth	0008_alter_user_username_max_length	2024-03-14 23:34:07.989492-05
11	auth	0009_alter_user_last_name_max_length	2024-03-14 23:34:08.00995-05
12	auth	0010_alter_group_name_max_length	2024-03-14 23:34:08.025525-05
13	auth	0011_update_proxy_permissions	2024-03-14 23:34:08.039164-05
14	auth	0012_alter_user_first_name_max_length	2024-03-14 23:34:08.049368-05
15	cuenta	0001_initial	2024-03-14 23:34:08.130912-05
16	admin	0001_initial	2024-03-14 23:34:08.156487-05
17	admin	0002_logentry_remove_auto_add	2024-03-14 23:34:08.169666-05
18	admin	0003_logentry_add_action_flag_choices	2024-03-14 23:34:08.195258-05
19	django_celery_beat	0001_initial	2024-03-14 23:34:08.245697-05
20	django_celery_beat	0002_auto_20161118_0346	2024-03-14 23:34:08.267133-05
21	django_celery_beat	0003_auto_20161209_0049	2024-03-14 23:34:08.282674-05
22	django_celery_beat	0004_auto_20170221_0000	2024-03-14 23:34:08.289874-05
23	django_celery_beat	0005_add_solarschedule_events_choices	2024-03-14 23:34:08.299718-05
24	django_celery_beat	0006_auto_20180322_0932	2024-03-14 23:34:08.34253-05
25	django_celery_beat	0007_auto_20180521_0826	2024-03-14 23:34:08.364638-05
26	django_celery_beat	0008_auto_20180914_1922	2024-03-14 23:34:08.394895-05
27	django_celery_beat	0006_auto_20180210_1226	2024-03-14 23:34:08.427685-05
28	django_celery_beat	0006_periodictask_priority	2024-03-14 23:34:08.44763-05
29	django_celery_beat	0009_periodictask_headers	2024-03-14 23:34:08.459765-05
30	django_celery_beat	0010_auto_20190429_0326	2024-03-14 23:34:08.70706-05
31	django_celery_beat	0011_auto_20190508_0153	2024-03-14 23:34:08.741033-05
32	django_celery_beat	0012_periodictask_expire_seconds	2024-03-14 23:34:08.754275-05
33	django_celery_beat	0013_auto_20200609_0727	2024-03-14 23:34:08.7666-05
34	django_celery_beat	0014_remove_clockedschedule_enabled	2024-03-14 23:34:08.772311-05
35	django_celery_beat	0015_edit_solarschedule_events_choices	2024-03-14 23:34:08.782547-05
36	django_celery_beat	0016_alter_crontabschedule_timezone	2024-03-14 23:34:08.790919-05
37	django_celery_beat	0017_alter_crontabschedule_month_of_year	2024-03-14 23:34:08.802563-05
38	django_celery_beat	0018_improve_crontab_helptext	2024-03-14 23:34:08.812466-05
39	marketing	0001_initial	2024-03-14 23:34:09.099274-05
40	ventas	0001_initial	2024-03-14 23:34:10.008586-05
41	multimedia	0001_initial	2024-03-14 23:34:10.182665-05
42	sessions	0001_initial	2024-03-14 23:34:10.196548-05
43	token_blacklist	0001_initial	2024-03-14 23:34:10.298664-05
44	token_blacklist	0002_outstandingtoken_jti_hex	2024-03-14 23:34:10.339324-05
45	token_blacklist	0003_auto_20171017_2007	2024-03-14 23:34:10.417814-05
46	token_blacklist	0004_auto_20171017_2013	2024-03-14 23:34:10.482308-05
47	token_blacklist	0005_remove_outstandingtoken_jti	2024-03-14 23:34:10.516212-05
48	token_blacklist	0006_auto_20171017_2113	2024-03-14 23:34:10.543196-05
49	token_blacklist	0007_auto_20171017_2214	2024-03-14 23:34:10.618763-05
50	token_blacklist	0008_migrate_to_bigautofield	2024-03-14 23:34:10.726995-05
51	token_blacklist	0010_fix_migrate_to_bigautofield	2024-03-14 23:34:10.774787-05
52	token_blacklist	0011_linearizes_history	2024-03-14 23:34:10.779565-05
53	token_blacklist	0012_alter_outstandingtoken_user	2024-03-14 23:34:10.828351-05
54	ventas	0002_estadoseparacionlead	2024-03-18 09:52:54.734537-05
55	ventas	0003_lead_estadoasignacionlead	2024-03-18 10:11:25.891797-05
56	ventas	0004_rename_estadoasignacionlead_lead_estadoseparacionlead	2024-03-18 10:21:41.352674-05
57	ventas	0005_tipoevento_color	2024-03-18 16:31:15.488025-05
58	ventas	0006_alter_estadoseparacionlead_nombre	2024-03-18 16:42:34.410408-05
59	ventas	0007_remove_lead_estadoseparacionlead	2024-03-18 17:09:36.375751-05
60	ventas	0008_delete_estadoseparacionlead	2024-03-18 17:22:29.739874-05
61	ventas	0009_estadoseparacionlead_lead_estadoseparacionlead	2024-03-18 17:24:35.123062-05
62	ventas	0002_lead_producto	2024-03-20 14:29:41.84268-05
63	marketing	0002_presupuestoproyecto_tarjeta_banco	2024-03-26 17:53:55.824493-05
64	marketing	0003_presupuestoproyecto_banco	2024-03-26 18:03:38.85083-05
\.


--
-- Data for Name: django_session; Type: TABLE DATA; Schema: public; Owner: postgres
--

COPY public.django_session (session_key, session_data, expire_date) FROM stdin;
tzynx9f9gkh9o62typ0fsnr4gfzk5b2t	.eJxVjE0OwiAYRO_C2hAQCsWle89Avh-QqoGktCvj3W2TLnQ1ybw38xYR1qXEtac5TiwuQovTb4dAz1R3wA-o9yap1WWeUO6KPGiXt8bpdT3cv4MCvWxrIh49sgkarc5BJwaVFZDxZJkshrClI-c5UzJI2fHgLQU3nq3KehCfLxn1OPs:1rm0XE:FDywR_FflgEGfSTdASyvmok3chjuVNtrmZ4pXKzVVYs	2024-03-31 19:07:24.493956-05
l446pofb1rbgfg9qxckgspubjb0tfwj9	.eJxVjE0OwiAYRO_C2hAQCsWle89Avh-QqoGktCvj3W2TLnQ1ybw38xYR1qXEtac5TiwuQovTb4dAz1R3wA-o9yap1WWeUO6KPGiXt8bpdT3cv4MCvWxrIh49sgkarc5BJwaVFZDxZJkshrClI-c5UzJI2fHgLQU3nq3KehCfLxn1OPs:1rmMmL:ZnfjY9lcG0LKyji_gJ9skwddcuRWDS42WBfwfy4NjU8	2024-04-01 18:52:29.500172-05
jcsayl5yf5fhkylt3u8q2hepuwus166g	.eJxVjE0OwiAYRO_C2hAQCsWle89Avh-QqoGktCvj3W2TLnQ1ybw38xYR1qXEtac5TiwuQovTb4dAz1R3wA-o9yap1WWeUO6KPGiXt8bpdT3cv4MCvWxrIh49sgkarc5BJwaVFZDxZJkshrClI-c5UzJI2fHgLQU3nq3KehCfLxn1OPs:1rnfIH:N0mE9jC5EZH3BdWZglGgPh2iHCP9HMKGeFX_C4DtcfU	2024-04-05 08:50:49.609972-05
\.


--
-- Data for Name: marketing_banco; Type: TABLE DATA; Schema: public; Owner: postgres
--

COPY public.marketing_banco (id, nombre, codigo, estado_id) FROM stdin;
1	Banco De Credito del Peru	BCP	A
2	BBVA	BBVA	A
3	Interbank	Interbank	A
4	Scotiabank Per칰	Scotiabank	A
\.


--
-- Data for Name: marketing_campania; Type: TABLE DATA; Schema: public; Owner: postgres
--

COPY public.marketing_campania (id, nombre, organico, codigo, fecha_estimada, fecha_cierre, "coste_realSoles", "coste_realDolares", descripcion, fecha_creacion, fecha_actualizacion, categoria_id, estado_id, proyecto_id, "usuarioActualizador_id", "usuarioCreador_id") FROM stdin;
2	Socabaya Facebook Abril	f	PS_CFB_0302	2024-03-16	2024-03-24	0	0		2024-03-17 19:19:33.353222-05	2024-03-17 23:08:20.56694-05	3	A	1	\N	18
3	Socabaya Tiktok	f	PS_CT_0301	2024-03-16	2024-03-31	1842	500		2024-03-17 19:20:09.878681-05	2024-03-18 11:29:06.207951-05	5	A	1	\N	18
5	Campa침a Organica Socabaya	t	ORGANICOPS_CFB_0303	2024-03-17	2024-03-23	0	0		2024-03-17 23:44:04.361058-05	2024-03-18 18:14:35.210254-05	3	I	1	\N	1
4	Campa침a Alamos instagram	f	PAL_CI_0301	2024-03-23	2024-03-31	0	0		2024-03-17 19:22:27.178032-05	2024-03-18 18:14:38.747871-05	4	I	2	\N	1
1	Socabaya Facebook	f	PS_CFB_0301	2024-03-01	2024-03-31	2925.54	761.8599999999999		2024-03-17 19:02:30.865284-05	2024-03-18 19:05:50.657226-05	3	A	1	\N	1
\.


--
-- Data for Name: marketing_categoria; Type: TABLE DATA; Schema: public; Owner: postgres
--

COPY public.marketing_categoria (id, nombre, codigo, estado_id) FROM stdin;
1	Fisico	CF	A
2	Volante	CV	A
3	Facebook	CFB	A
4	Instagram	CI	A
5	TikTok	CT	A
6	WhatsApp	CW	A
7	Desconocido	CD	A
\.


--
-- Data for Name: marketing_gastocampania; Type: TABLE DATA; Schema: public; Owner: postgres
--

COPY public.marketing_gastocampania (id, "gastoSoles", "gastoDolares", "tipoCambioSoles", "fechaGasto", fecha_creacion, fecha_actualizacion, campania_id, estado_id, "presupuestoProyecto_id", "usuarioActualizador_id", "usuarioCreador_id") FROM stdin;
5	1842	500	3.684	2024-03-18	2024-03-18 11:29:06.188815-05	2024-03-18 11:29:06.189443-05	3	A	1	\N	1
7	19.43	5.06	3.84	2024-02-03	2024-03-18 19:03:24.670423-05	2024-03-18 19:03:24.670697-05	1	A	3	\N	1
8	596.16	155.25	3.84	2024-02-10	2024-03-18 19:03:41.135508-05	2024-03-18 19:03:41.135886-05	1	A	3	\N	1
9	1082.11	281.8	3.84	2024-02-17	2024-03-18 19:03:49.53335-05	2024-03-18 19:03:49.533642-05	1	A	3	\N	1
10	1227.84	319.75	3.84	2024-02-24	2024-03-18 19:04:06.573569-05	2024-03-18 19:04:06.574244-05	1	A	3	\N	1
\.


--
-- Data for Name: marketing_presupuestoproyecto; Type: TABLE DATA; Schema: public; Owner: postgres
--

COPY public.marketing_presupuestoproyecto (id, "presupuestoSoles", "gastoTotalCampaniasSoles", "presupuestoDolares", "gastoTotalCampaniasDolares", "tipoCambioSoles", "fechaPresupuesto", fecha_creacion, fecha_actualizacion, estado_id, proyecto_id, "usuarioActualizador_id", "usuarioCreador_id", tarjeta, banco_id) FROM stdin;
1	18420	1842	5000	500	3.684	2024-03-17	2024-03-17 22:06:20.162866-05	2024-03-18 19:02:51.199812-05	A	1	\N	\N	\N	\N
3	3601.92	2925.54	938	761.8599999999999	3.84	2024-02-01	2024-03-18 18:47:09.507627-05	2024-03-18 19:05:50.647663-05	A	1	\N	\N	\N	\N
\.


--
-- Data for Name: marketing_proyecto; Type: TABLE DATA; Schema: public; Owner: postgres
--

COPY public.marketing_proyecto (id, nombre, ubicacion, codigo, descripcion, fecha_creacion, fecha_actualizacion, estado_id, "usuarioActualizador_id", "usuarioCreador_id") FROM stdin;
1	Proyecto Socabaya	socabaya	PS		2024-03-17 19:00:38.038217-05	2024-03-20 23:25:29.385754-05	A	1	1
2	Proyecto Alamos del Valle	Por ahi	PAL		2024-03-17 19:21:52.037143-05	2024-03-20 23:25:58.887476-05	A	1	1
\.


--
-- Data for Name: multimedia_imagenproducto; Type: TABLE DATA; Schema: public; Owner: postgres
--

COPY public.multimedia_imagenproducto (id, imagen, producto_id) FROM stdin;
1	imagenes/download.png	5
\.


--
-- Data for Name: multimedia_imagenproyecto; Type: TABLE DATA; Schema: public; Owner: postgres
--

COPY public.multimedia_imagenproyecto (id, imagen, proyecto_id) FROM stdin;
2	imagenes/resize_image.png	2
3	imagenes/download_WO2q2Au.png	1
4	imagenes/output-onlinepngtools.png	2
\.


--
-- Data for Name: multimedia_videoproducto; Type: TABLE DATA; Schema: public; Owner: postgres
--

COPY public.multimedia_videoproducto (id, video, producto_id) FROM stdin;
\.


--
-- Data for Name: multimedia_videoproyecto; Type: TABLE DATA; Schema: public; Owner: postgres
--

COPY public.multimedia_videoproyecto (id, video, proyecto_id) FROM stdin;
\.


--
-- Data for Name: token_blacklist_blacklistedtoken; Type: TABLE DATA; Schema: public; Owner: postgres
--

COPY public.token_blacklist_blacklistedtoken (id, blacklisted_at, token_id) FROM stdin;
\.


--
-- Data for Name: token_blacklist_outstandingtoken; Type: TABLE DATA; Schema: public; Owner: postgres
--

COPY public.token_blacklist_outstandingtoken (id, token, created_at, expires_at, user_id, jti) FROM stdin;
1	eyJhbGciOiJIUzI1NiIsInR5cCI6IkpXVCJ9.eyJ0b2tlbl90eXBlIjoicmVmcmVzaCIsImV4cCI6MTc0MjI1MTk0MSwiaWF0IjoxNzEwNzE1OTQxLCJqdGkiOiJlODAxZjdjN2Q1NWU0NzcxYjhkY2RlMGEyNTQ1YjdkMSIsInVzZXJfaWQiOjF9.J6DyJE52cUsCQbWWD6WJ5HiALoHjqRbU3fNw3Igj6ss	2024-03-17 17:52:21.840066-05	2025-03-17 17:52:21-05	1	e801f7c7d55e4771b8dcde0a2545b7d1
2	eyJhbGciOiJIUzI1NiIsInR5cCI6IkpXVCJ9.eyJ0b2tlbl90eXBlIjoicmVmcmVzaCIsImV4cCI6MTc0MjI1MTk2MywiaWF0IjoxNzEwNzE1OTYzLCJqdGkiOiI4YTNlOTYyZGZiOWU0ZTViOGUyMTlhOWVmMzVlM2VhMiIsInVzZXJfaWQiOjF9.tHtH-aWw-eFuH4-hKPpiJ49zyVSf4h9p9MtkiRngI1Q	2024-03-17 17:52:43.895739-05	2025-03-17 17:52:43-05	1	8a3e962dfb9e4e5b8e219a9ef35e3ea2
3	eyJhbGciOiJIUzI1NiIsInR5cCI6IkpXVCJ9.eyJ0b2tlbl90eXBlIjoicmVmcmVzaCIsImV4cCI6MTc0MjI1MjI3MywiaWF0IjoxNzEwNzE2MjczLCJqdGkiOiI3NTE2YmFiZDg0MmI0Yzc5ODQ1N2FlN2FlZjg1MjNiYSIsInVzZXJfaWQiOjF9.JiT9HfMUsbIN7uFXA-PBYGRp58kmctU16vCDiJldfyA	2024-03-17 17:57:53.764366-05	2025-03-17 17:57:53-05	1	7516babd842b4c798457ae7aef8523ba
4	eyJhbGciOiJIUzI1NiIsInR5cCI6IkpXVCJ9.eyJ0b2tlbl90eXBlIjoicmVmcmVzaCIsImV4cCI6MTc0MjI1NTkyNywiaWF0IjoxNzEwNzE5OTI3LCJqdGkiOiJiODAyMTkyMjQ5OTk0NmY3ODkyZTkyODBjYTUyNjE0MiIsInVzZXJfaWQiOjE0fQ.WRwk3eHZ2z-tQZJ2PO95Fg1p7dKGEc-hhrintuTVils	2024-03-17 18:58:47.471206-05	2025-03-17 18:58:47-05	14	b8021922499946f7892e9280ca526142
5	eyJhbGciOiJIUzI1NiIsInR5cCI6IkpXVCJ9.eyJ0b2tlbl90eXBlIjoicmVmcmVzaCIsImV4cCI6MTc0MjI1NTk4NCwiaWF0IjoxNzEwNzE5OTg0LCJqdGkiOiJjZGY5YzYzMTE5ZjI0MWRiYjkyODViMjU4YjNhN2YwZSIsInVzZXJfaWQiOjE4fQ.a-G0wPvhrgJnCLfN5fD7-cHZ-5dQSIvQAJuTHNVaXfM	2024-03-17 18:59:44.509235-05	2025-03-17 18:59:44-05	18	cdf9c63119f241dbb9285b258b3a7f0e
6	eyJhbGciOiJIUzI1NiIsInR5cCI6IkpXVCJ9.eyJ0b2tlbl90eXBlIjoicmVmcmVzaCIsImV4cCI6MTc0MjI1ODI4NiwiaWF0IjoxNzEwNzIyMjg2LCJqdGkiOiIxNDIwNWE0YWU0MDc0ODk4ODk4MzRlOWEyYjc2ODM0MyIsInVzZXJfaWQiOjE0fQ.oy6RtNtgYZcGv0tXdM7Mcrj6PIq7mTBsZJdlJYQM1Kg	2024-03-17 19:38:06.102999-05	2025-03-17 19:38:06-05	14	14205a4ae407489889834e9a2b768343
7	eyJhbGciOiJIUzI1NiIsInR5cCI6IkpXVCJ9.eyJ0b2tlbl90eXBlIjoicmVmcmVzaCIsImV4cCI6MTc0MjI1ODMzOSwiaWF0IjoxNzEwNzIyMzM5LCJqdGkiOiJiNTRkMzVmMmE1ZTY0Y2NmYjQ5OTNjYWNjMTMzZDVkNiIsInVzZXJfaWQiOjE1fQ.M-Li8ewXW0i7vXBhMmz9UrlE80zCUsuSHvyGz9nc3KU	2024-03-17 19:38:59.39097-05	2025-03-17 19:38:59-05	15	b54d35f2a5e64ccfb4993cacc133d5d6
8	eyJhbGciOiJIUzI1NiIsInR5cCI6IkpXVCJ9.eyJ0b2tlbl90eXBlIjoicmVmcmVzaCIsImV4cCI6MTc0MjI1ODM4MywiaWF0IjoxNzEwNzIyMzgzLCJqdGkiOiJhYWYxOTkyNjMzZTE0OTkwYWU0NGVjNDk0NzIwZmQ4ZiIsInVzZXJfaWQiOjE2fQ.TAbLaMdzVifjdHGef1cpe2JoWfaPXM5KNm1FTy786BU	2024-03-17 19:39:43.302325-05	2025-03-17 19:39:43-05	16	aaf1992633e14990ae44ec494720fd8f
9	eyJhbGciOiJIUzI1NiIsInR5cCI6IkpXVCJ9.eyJ0b2tlbl90eXBlIjoicmVmcmVzaCIsImV4cCI6MTc0MjI1ODU1OSwiaWF0IjoxNzEwNzIyNTU5LCJqdGkiOiI2ZDY0ZTA5NTQxMzA0NWFmYjZmOTdhOThmMmI5YWNlMyIsInVzZXJfaWQiOjE3fQ.KaNlvJZ3aXLKn_fFJGyPM1KARU1IANG2gPAbQynJLSY	2024-03-17 19:42:39.778274-05	2025-03-17 19:42:39-05	17	6d64e095413045afb6f97a98f2b9ace3
10	eyJhbGciOiJIUzI1NiIsInR5cCI6IkpXVCJ9.eyJ0b2tlbl90eXBlIjoicmVmcmVzaCIsImV4cCI6MTc0MjI1ODcxOCwiaWF0IjoxNzEwNzIyNzE4LCJqdGkiOiIzMDdiNTdhODBhOTA0ODYxYThkZDNhMTU0MDcwMjI1YiIsInVzZXJfaWQiOjE0fQ.oev3NVqhFfqUl8ChfgKMv2kTccvlsIkPk-ZxHdudHys	2024-03-17 19:45:18.286139-05	2025-03-17 19:45:18-05	14	307b57a80a904861a8dd3a154070225b
11	eyJhbGciOiJIUzI1NiIsInR5cCI6IkpXVCJ9.eyJ0b2tlbl90eXBlIjoicmVmcmVzaCIsImV4cCI6MTc0MjI1ODkyOSwiaWF0IjoxNzEwNzIyOTI5LCJqdGkiOiI0NDQ2MjhkMzgyNWY0OWUyYjYxMTViYTYyMDE2ZTYyOCIsInVzZXJfaWQiOjE2fQ.N_ym2KPnN1AiuoopPXpCjf-rHg2E1hRrR7KsWuB0CXQ	2024-03-17 19:48:49.076033-05	2025-03-17 19:48:49-05	16	444628d3825f49e2b6115ba62016e628
12	eyJhbGciOiJIUzI1NiIsInR5cCI6IkpXVCJ9.eyJ0b2tlbl90eXBlIjoicmVmcmVzaCIsImV4cCI6MTc0MjI1OTQxNiwiaWF0IjoxNzEwNzIzNDE2LCJqdGkiOiI2NGIyNzBhZjIzNWM0MmI5ODMyN2FkNGEwNzMyZTU3ZiIsInVzZXJfaWQiOjE3fQ.is5F2u2Oh62rkuArouGtM_0qDuOzoe48HwYHvQZ36RI	2024-03-17 19:56:56.926249-05	2025-03-17 19:56:56-05	17	64b270af235c42b98327ad4a0732e57f
13	eyJhbGciOiJIUzI1NiIsInR5cCI6IkpXVCJ9.eyJ0b2tlbl90eXBlIjoicmVmcmVzaCIsImV4cCI6MTc0MjI2MjA1NywiaWF0IjoxNzEwNzI2MDU3LCJqdGkiOiIyNWFkOTE5NjZiZTY0ZjE4OTRmMDE0MjBiYzhmZTZlYyIsInVzZXJfaWQiOjE3fQ.xT8faFJfNUoys-6Amxr2IKBIz1xnUecG1wMhMZUtFqM	2024-03-17 20:40:57.881919-05	2025-03-17 20:40:57-05	17	25ad91966be64f1894f01420bc8fe6ec
14	eyJhbGciOiJIUzI1NiIsInR5cCI6IkpXVCJ9.eyJ0b2tlbl90eXBlIjoicmVmcmVzaCIsImV4cCI6MTc0MjI2NzA4OSwiaWF0IjoxNzEwNzMxMDg5LCJqdGkiOiIyMDZiMzhlM2ZmNWE0MjEyYjA3MzYzOTY5YzgxMjY0NCIsInVzZXJfaWQiOjF9._h56UyniOqAfe0w8Mepc-6eTjIfnwZhwNbMOAGZtfDI	2024-03-17 22:04:49.092095-05	2025-03-17 22:04:49-05	1	206b38e3ff5a4212b07363969c812644
15	eyJhbGciOiJIUzI1NiIsInR5cCI6IkpXVCJ9.eyJ0b2tlbl90eXBlIjoicmVmcmVzaCIsImV4cCI6MTc0MjI2ODM3MCwiaWF0IjoxNzEwNzMyMzcwLCJqdGkiOiI3ODJhOTkzYjI3NjI0ZjI0YjI2OWMzZGQyODY0NGE0MSIsInVzZXJfaWQiOjE4fQ.O8bnVhBIKCYq3wAfypyT_g2-5TBdex4yFH82pc6waro	2024-03-17 22:26:10.7262-05	2025-03-17 22:26:10-05	18	782a993b27624f24b269c3dd28644a41
16	eyJhbGciOiJIUzI1NiIsInR5cCI6IkpXVCJ9.eyJ0b2tlbl90eXBlIjoicmVmcmVzaCIsImV4cCI6MTc0MjI3MTA1NywiaWF0IjoxNzEwNzM1MDU3LCJqdGkiOiI3MjI3NWE2NDdjYjg0NDNkOGE0OTI2NWE5Mzg0NzIyYiIsInVzZXJfaWQiOjF9.ko5yJ0_UspLnzV__VaKFrbjVeR92RGh4a3LpuxszTYQ	2024-03-17 23:10:57.81918-05	2025-03-17 23:10:57-05	1	72275a647cb8443d8a49265a9384722b
17	eyJhbGciOiJIUzI1NiIsInR5cCI6IkpXVCJ9.eyJ0b2tlbl90eXBlIjoicmVmcmVzaCIsImV4cCI6MTc0MjI3MTA2OSwiaWF0IjoxNzEwNzM1MDY5LCJqdGkiOiIzYjYyZmI3NWEzY2I0ZTMyYTA5NjZjZGRlY2Y3ZGUyZiIsInVzZXJfaWQiOjE3fQ.lgUDGEGQaCujXzr9BFfUJMiUTBACPxBTyvjtZi95Pcw	2024-03-17 23:11:09.696008-05	2025-03-17 23:11:09-05	17	3b62fb75a3cb4e32a0966cddecf7de2f
18	eyJhbGciOiJIUzI1NiIsInR5cCI6IkpXVCJ9.eyJ0b2tlbl90eXBlIjoicmVmcmVzaCIsImV4cCI6MTc0MjI3MTkyNSwiaWF0IjoxNzEwNzM1OTI1LCJqdGkiOiJjNzgzMTIxZTIyYzM0MWVlOTlkY2Y3Y2UxZGEyNTgyNCIsInVzZXJfaWQiOjE1fQ.SP5aKL3E7A-CsyhTm6u9RgNy2q9RENlJdkKIC3f5AnM	2024-03-17 23:25:25.295176-05	2025-03-17 23:25:25-05	15	c783121e22c341ee99dcf7ce1da25824
19	eyJhbGciOiJIUzI1NiIsInR5cCI6IkpXVCJ9.eyJ0b2tlbl90eXBlIjoicmVmcmVzaCIsImV4cCI6MTc0MjI3MTk4MCwiaWF0IjoxNzEwNzM1OTgwLCJqdGkiOiJkOTU0OGRlYzcwNjg0MWYyOTIwZmQzNDZhZGYzMDJlZCIsInVzZXJfaWQiOjE4fQ.PB171LQELitREdRePFCQltF75kZjhWhuraByHBJSJmY	2024-03-17 23:26:20.270998-05	2025-03-17 23:26:20-05	18	d9548dec706841f2920fd346adf302ed
20	eyJhbGciOiJIUzI1NiIsInR5cCI6IkpXVCJ9.eyJ0b2tlbl90eXBlIjoicmVmcmVzaCIsImV4cCI6MTc0MjI3MjA1OCwiaWF0IjoxNzEwNzM2MDU4LCJqdGkiOiI5Njc2OGNjNGMyMTg0MTEyOWY4Mzc5ODA3YjNiYTk1ZCIsInVzZXJfaWQiOjE3fQ.HBez57-ungaNSIzj60Z8TPvzNhczeFd-tAaL27_C-58	2024-03-17 23:27:38.780752-05	2025-03-17 23:27:38-05	17	96768cc4c21841129f8379807b3ba95d
21	eyJhbGciOiJIUzI1NiIsInR5cCI6IkpXVCJ9.eyJ0b2tlbl90eXBlIjoicmVmcmVzaCIsImV4cCI6MTc0MjI3Mjk5MiwiaWF0IjoxNzEwNzM2OTkyLCJqdGkiOiJhODUyNWIxNmU4MzE0OTUwYWY0Yzk1YWQ3MDEyMjZiYiIsInVzZXJfaWQiOjF9.gCWK9Owrjg6_cVgNvFZFhCvGJdnpAFgAT7zegnw7Va8	2024-03-17 23:43:12.020798-05	2025-03-17 23:43:12-05	1	a8525b16e8314950af4c95ad701226bb
22	eyJhbGciOiJIUzI1NiIsInR5cCI6IkpXVCJ9.eyJ0b2tlbl90eXBlIjoicmVmcmVzaCIsImV4cCI6MTc0MjMwNzkzNCwiaWF0IjoxNzEwNzcxOTM0LCJqdGkiOiJiMWQyNjMyZTMxMTM0M2NhYWIzMWRmZWVhOTkwOGE1OSIsInVzZXJfaWQiOjF9._Wr60SPGGx4Q9Cd2GJHNskPEyI8up77QlQl14hOvBuA	2024-03-18 09:25:34.515623-05	2025-03-18 09:25:34-05	1	b1d2632e311343caab31dfeea9908a59
23	eyJhbGciOiJIUzI1NiIsInR5cCI6IkpXVCJ9.eyJ0b2tlbl90eXBlIjoicmVmcmVzaCIsImV4cCI6MTc0MjMwODM3MywiaWF0IjoxNzEwNzcyMzczLCJqdGkiOiJjMDQ1NWMyYTA1NWU0OGM3ODY5YWY3MWQ5ZDU5ODIzMCIsInVzZXJfaWQiOjF9.6KnERgLIZhtVNDbl_YrLwPE6iDXew3eelKMgFmrAgrA	2024-03-18 09:32:53.837531-05	2025-03-18 09:32:53-05	1	c0455c2a055e48c7869af71d9d598230
24	eyJhbGciOiJIUzI1NiIsInR5cCI6IkpXVCJ9.eyJ0b2tlbl90eXBlIjoicmVmcmVzaCIsImV4cCI6MTc0MjMwODUyMiwiaWF0IjoxNzEwNzcyNTIyLCJqdGkiOiI0ODE1ZmIxMjhkYTk0OWJlOTY2ODhlMjJmNTQyMDI4MiIsInVzZXJfaWQiOjE0fQ.Au5sHfkO3QjCSgO_GGZ7DAublGtunMtNBRjZewq9KVE	2024-03-18 09:35:22.578222-05	2025-03-18 09:35:22-05	14	4815fb128da949be96688e22f5420282
25	eyJhbGciOiJIUzI1NiIsInR5cCI6IkpXVCJ9.eyJ0b2tlbl90eXBlIjoicmVmcmVzaCIsImV4cCI6MTc0MjMwODcxMSwiaWF0IjoxNzEwNzcyNzExLCJqdGkiOiIxNzE5ZDI3MzFmOWM0MzQ1YTU3NjFmYTEzNjFiMWY1NSIsInVzZXJfaWQiOjE0fQ.Cjz9N5R7kU33jHGOMC53b8BJeAu-lb3kERUvZTobhks	2024-03-18 09:38:31.275528-05	2025-03-18 09:38:31-05	14	1719d2731f9c4345a5761fa1361b1f55
26	eyJhbGciOiJIUzI1NiIsInR5cCI6IkpXVCJ9.eyJ0b2tlbl90eXBlIjoicmVmcmVzaCIsImV4cCI6MTc0MjMxMDAwMiwiaWF0IjoxNzEwNzc0MDAyLCJqdGkiOiI3NzYxYTA4ZjE2YjE0MjQ4YmY1NjRhODc3YjQ4YzgzOCIsInVzZXJfaWQiOjE0fQ.nH3CCBGhD_SOSOt3pl7HhXNhguy4zIhYa84z5KsqZl8	2024-03-18 10:00:02.607367-05	2025-03-18 10:00:02-05	14	7761a08f16b14248bf564a877b48c838
27	eyJhbGciOiJIUzI1NiIsInR5cCI6IkpXVCJ9.eyJ0b2tlbl90eXBlIjoicmVmcmVzaCIsImV4cCI6MTc0MjMxMTg2NCwiaWF0IjoxNzEwNzc1ODY0LCJqdGkiOiJhZjgyZTA5MDAyMDg0ZDc1OWY5MDZkM2ExODQwMGQwZiIsInVzZXJfaWQiOjE3fQ.xNRaUVjtEZarfWE7h3-6kDybP6aekL4iDYMT0NSaEWw	2024-03-18 10:31:04.210912-05	2025-03-18 10:31:04-05	17	af82e09002084d759f906d3a18400d0f
28	eyJhbGciOiJIUzI1NiIsInR5cCI6IkpXVCJ9.eyJ0b2tlbl90eXBlIjoicmVmcmVzaCIsImV4cCI6MTc0MjMxMjE0NSwiaWF0IjoxNzEwNzc2MTQ1LCJqdGkiOiJkMGYxOTgxYTY2YjE0ZWFmYTlhYWMyMDZkZmFmZTgwMyIsInVzZXJfaWQiOjE3fQ.Heg3x4NJoNkxdQu9gzwDyk6jKU_DmW5nXQ4JprqC30Q	2024-03-18 10:35:45.542948-05	2025-03-18 10:35:45-05	17	d0f1981a66b14eafa9aac206dfafe803
29	eyJhbGciOiJIUzI1NiIsInR5cCI6IkpXVCJ9.eyJ0b2tlbl90eXBlIjoicmVmcmVzaCIsImV4cCI6MTc0MjMxMjgxMSwiaWF0IjoxNzEwNzc2ODExLCJqdGkiOiI3ZjIyMTEyMjc2MjY0YzkyOTY0NDRlZGM4NjA4OWU1YyIsInVzZXJfaWQiOjE3fQ.rCCU2oKd6GuV5FoSpiunYJ3eR8XblH1zjWATc-7AhRA	2024-03-18 10:46:51.849656-05	2025-03-18 10:46:51-05	17	7f22112276264c9296444edc86089e5c
30	eyJhbGciOiJIUzI1NiIsInR5cCI6IkpXVCJ9.eyJ0b2tlbl90eXBlIjoicmVmcmVzaCIsImV4cCI6MTc0MjMxMzYyNSwiaWF0IjoxNzEwNzc3NjI1LCJqdGkiOiJkNjZhZTliNmVjNDc0YTEyYmRiMWE5YWI0MjNlZTk1ZCIsInVzZXJfaWQiOjF9.ywAJjE5Gj8mh1O8piZhp2xO7f6Ue_2aQ9p9m6GnxuuI	2024-03-18 11:00:25.975824-05	2025-03-18 11:00:25-05	1	d66ae9b6ec474a12bdb1a9ab423ee95d
31	eyJhbGciOiJIUzI1NiIsInR5cCI6IkpXVCJ9.eyJ0b2tlbl90eXBlIjoicmVmcmVzaCIsImV4cCI6MTc0MjMxNDEwMCwiaWF0IjoxNzEwNzc4MTAwLCJqdGkiOiJkZGJiYzVhODNmOWY0YWNlYTA4YmFlODE3ZTdkZWE4ZCIsInVzZXJfaWQiOjF9.IOh9ew2EJ-NZbbL5XNCuzcnbdNgqtqqh28ppB4-SSe4	2024-03-18 11:08:20.786775-05	2025-03-18 11:08:20-05	1	ddbbc5a83f9f4acea08bae817e7dea8d
32	eyJhbGciOiJIUzI1NiIsInR5cCI6IkpXVCJ9.eyJ0b2tlbl90eXBlIjoicmVmcmVzaCIsImV4cCI6MTc0MjMyNTk2MCwiaWF0IjoxNzEwNzg5OTYwLCJqdGkiOiI0OGZlNGJkNDM1ZGQ0ZTAxYmUwM2FkZGU3YTEyZDQ1MiIsInVzZXJfaWQiOjE3fQ.3HGaoJPmZo34ZcvMS-fI8Qdi6rrmU7cAQS2GlPcKMUU	2024-03-18 14:26:00.379707-05	2025-03-18 14:26:00-05	17	48fe4bd435dd4e01be03adde7a12d452
33	eyJhbGciOiJIUzI1NiIsInR5cCI6IkpXVCJ9.eyJ0b2tlbl90eXBlIjoicmVmcmVzaCIsImV4cCI6MTc0MjMyNjg4NCwiaWF0IjoxNzEwNzkwODg0LCJqdGkiOiIwODRkY2Q2NTk4NzA0ZWMzYWExZjdjMzMxZmM4OGQ5OCIsInVzZXJfaWQiOjE4fQ.yRY0d0DKJsk3XpNufGtPvrs7LbQGACn66heachKOPRY	2024-03-18 14:41:24.889316-05	2025-03-18 14:41:24-05	18	084dcd6598704ec3aa1f7c331fc88d98
34	eyJhbGciOiJIUzI1NiIsInR5cCI6IkpXVCJ9.eyJ0b2tlbl90eXBlIjoicmVmcmVzaCIsImV4cCI6MTc0MjMyNjkzMSwiaWF0IjoxNzEwNzkwOTMxLCJqdGkiOiIxZmI3MmNlNmMyYjk0NmY2OWZiNDkxMzAyM2QwNDVhMSIsInVzZXJfaWQiOjE1fQ.IVMs5h9un1ST8oZf14wXeA9EAZbNkqPEdUOFuFMtves	2024-03-18 14:42:11.738882-05	2025-03-18 14:42:11-05	15	1fb72ce6c2b946f69fb4913023d045a1
35	eyJhbGciOiJIUzI1NiIsInR5cCI6IkpXVCJ9.eyJ0b2tlbl90eXBlIjoicmVmcmVzaCIsImV4cCI6MTc0MjMyNjk2NSwiaWF0IjoxNzEwNzkwOTY1LCJqdGkiOiIzMDU2NmVmOTA4ZGM0YWM1ODc4YjkyNDVlMjIzODEyYiIsInVzZXJfaWQiOjE4fQ.sE06aQ_qsWs6rosGExyQekjuRNsZEdqFFa3wmOatSVo	2024-03-18 14:42:45.109716-05	2025-03-18 14:42:45-05	18	30566ef908dc4ac5878b9245e223812b
36	eyJhbGciOiJIUzI1NiIsInR5cCI6IkpXVCJ9.eyJ0b2tlbl90eXBlIjoicmVmcmVzaCIsImV4cCI6MTc0MjMzMzUwNywiaWF0IjoxNzEwNzk3NTA3LCJqdGkiOiIzMTc0OWVlNzc2MGI0YmE3YWQxZTg3ZTZiNDgxNzAyNyIsInVzZXJfaWQiOjE3fQ.rdOqVMcIhwB51ZxzhhUsp1KWrOpE1fyJEYHYsG3rBMc	2024-03-18 16:31:47.313352-05	2025-03-18 16:31:47-05	17	31749ee7760b4ba7ad1e87e6b4817027
37	eyJhbGciOiJIUzI1NiIsInR5cCI6IkpXVCJ9.eyJ0b2tlbl90eXBlIjoicmVmcmVzaCIsImV4cCI6MTc0MjMzMzg1MCwiaWF0IjoxNzEwNzk3ODUwLCJqdGkiOiJiZmNiZGI0ZDE4YTE0OWE3OGIyMTY5YjcyOGJiMWU0MiIsInVzZXJfaWQiOjE4fQ.bPPFGgu5QZ6vrfmWIbVa7U0pOCTEFez2FqSC0S9t1Dk	2024-03-18 16:37:30.921375-05	2025-03-18 16:37:30-05	18	bfcbdb4d18a149a78b2169b728bb1e42
38	eyJhbGciOiJIUzI1NiIsInR5cCI6IkpXVCJ9.eyJ0b2tlbl90eXBlIjoicmVmcmVzaCIsImV4cCI6MTc0MjMzNzMwNCwiaWF0IjoxNzEwODAxMzA0LCJqdGkiOiJiNmUwYjQwZmMwZWI0ZDI0OWJhZmNhZGExYTViM2Y1MiIsInVzZXJfaWQiOjF9.OWw3iTthHVU-AgK6AgDhdayPF78ZEwKCXV8KVIKHf80	2024-03-18 17:35:04.672107-05	2025-03-18 17:35:04-05	1	b6e0b40fc0eb4d249bafcada1a5b3f52
39	eyJhbGciOiJIUzI1NiIsInR5cCI6IkpXVCJ9.eyJ0b2tlbl90eXBlIjoicmVmcmVzaCIsImV4cCI6MTc0MjMzNzMxNSwiaWF0IjoxNzEwODAxMzE1LCJqdGkiOiJjNDAwZDgwOWNmYWI0ZjY3YjhiMDY5NjYzMTUyNzNkOSIsInVzZXJfaWQiOjE3fQ.y7zcUr3cR1A2lHZl0p3n3Tn9Sal5aE0yHXBbYdc9ZK0	2024-03-18 17:35:15.638489-05	2025-03-18 17:35:15-05	17	c400d809cfab4f67b8b06966315273d9
40	eyJhbGciOiJIUzI1NiIsInR5cCI6IkpXVCJ9.eyJ0b2tlbl90eXBlIjoicmVmcmVzaCIsImV4cCI6MTc0MjMzOTU3MCwiaWF0IjoxNzEwODAzNTcwLCJqdGkiOiIzYzhmYjFiNzMyNTU0NDM1YmMzNzVkNjIyMDFjOWNmOSIsInVzZXJfaWQiOjE4fQ.NaBd9q73RpRXkmyndd7L7hDWGWRvutm0oBmj5-HfHwg	2024-03-18 18:12:50.575795-05	2025-03-18 18:12:50-05	18	3c8fb1b732554435bc375d62201c9cf9
41	eyJhbGciOiJIUzI1NiIsInR5cCI6IkpXVCJ9.eyJ0b2tlbl90eXBlIjoicmVmcmVzaCIsImV4cCI6MTc0MjM0MTU0MSwiaWF0IjoxNzEwODA1NTQxLCJqdGkiOiJkZTFlZWMxMmI2MTU0OTU0ODhmY2IyN2Q3NzJkOGY2YSIsInVzZXJfaWQiOjF9._GlFprPnLMpJ5KWPAPCXKXk7e3UA_PUFMREpes0ClX0	2024-03-18 18:45:41.79384-05	2025-03-18 18:45:41-05	1	de1eec12b615495488fcb27d772d8f6a
42	eyJhbGciOiJIUzI1NiIsInR5cCI6IkpXVCJ9.eyJ0b2tlbl90eXBlIjoicmVmcmVzaCIsImV4cCI6MTc0MjM0MTgwMiwiaWF0IjoxNzEwODA1ODAyLCJqdGkiOiIwMmQyNzA5MzNhY2I0YTA1ODNjZWY1Y2RlYzYwMzJiNCIsInVzZXJfaWQiOjE0fQ.EnCuDBg4tJ3f4JRNMCDOTwSP10zajONHtdzACxEGyrE	2024-03-18 18:50:02.583312-05	2025-03-18 18:50:02-05	14	02d270933acb4a0583cef5cdec6032b4
43	eyJhbGciOiJIUzI1NiIsInR5cCI6IkpXVCJ9.eyJ0b2tlbl90eXBlIjoicmVmcmVzaCIsImV4cCI6MTc0MjM0MjMyMywiaWF0IjoxNzEwODA2MzIzLCJqdGkiOiIyNzMyMWM4MTE4YjY0ZGNiYjM2OTI2ZWQzZjBjOTU0NSIsInVzZXJfaWQiOjF9.jVRumBcOVWlRBzKtRvzp02dDc3qQL4Na76Q_dBTxaHo	2024-03-18 18:58:43.536624-05	2025-03-18 18:58:43-05	1	27321c8118b64dcbb36926ed3f0c9545
44	eyJhbGciOiJIUzI1NiIsInR5cCI6IkpXVCJ9.eyJ0b2tlbl90eXBlIjoicmVmcmVzaCIsImV4cCI6MTc0MjM0MzMyNiwiaWF0IjoxNzEwODA3MzI2LCJqdGkiOiI4MmJhYTQ5Yzc1Zjk0NDVjOGI4ZDVlZGU2YjkzM2RlYyIsInVzZXJfaWQiOjE3fQ.ltC_Z2t3zkKi-IHDbibVeQgIAjLwU1a4MQ0WnBjfGqA	2024-03-18 19:15:26.948714-05	2025-03-18 19:15:26-05	17	82baa49c75f9445c8b8d5ede6b933dec
45	eyJhbGciOiJIUzI1NiIsInR5cCI6IkpXVCJ9.eyJ0b2tlbl90eXBlIjoicmVmcmVzaCIsImV4cCI6MTc0MjM0Njk3MiwiaWF0IjoxNzEwODEwOTcyLCJqdGkiOiI4YzJkODQxYTVkNDA0ZjIxYTdjNzE5MDIxMzg4MGFjOSIsInVzZXJfaWQiOjF9.XDprl_fJbtQZKGbGJAm9WNPOdVisR3HgPPsg40WZvSo	2024-03-18 20:16:12.467485-05	2025-03-18 20:16:12-05	1	8c2d841a5d404f21a7c7190213880ac9
46	eyJhbGciOiJIUzI1NiIsInR5cCI6IkpXVCJ9.eyJ0b2tlbl90eXBlIjoicmVmcmVzaCIsImV4cCI6MTc0MjM1MjA2MywiaWF0IjoxNzEwODE2MDYzLCJqdGkiOiJmNmZhMTNhOGM1MjU0ZTI2YWQwNzA0OTliN2NkYjFmNSIsInVzZXJfaWQiOjF9.g__EWLZG5VADgsoEnQo-Ac1pP7D8X_kblIQTjaOs0Y0	2024-03-18 21:41:03.913311-05	2025-03-18 21:41:03-05	1	f6fa13a8c5254e26ad070499b7cdb1f5
47	eyJhbGciOiJIUzI1NiIsInR5cCI6IkpXVCJ9.eyJ0b2tlbl90eXBlIjoicmVmcmVzaCIsImV4cCI6MTc0MjM1MjcyNiwiaWF0IjoxNzEwODE2NzI2LCJqdGkiOiI3NGU5NDFkMTUwOWM0MjdhYWEzZjZjYTVjODM0ODRmOSIsInVzZXJfaWQiOjF9.QPVA4akOgWAYzkQ9L5PDlQeDJ4Aa7iLlrQIpGI2W0m8	2024-03-18 21:52:06.158498-05	2025-03-18 21:52:06-05	1	74e941d1509c427aaa3f6ca5c83484f9
48	eyJhbGciOiJIUzI1NiIsInR5cCI6IkpXVCJ9.eyJ0b2tlbl90eXBlIjoicmVmcmVzaCIsImV4cCI6MTc0MjM1MjgyMCwiaWF0IjoxNzEwODE2ODIwLCJqdGkiOiIxNjAxODM3MjJhZWI0NTQ1YjM2NzY5N2FjMTQwODJiYiIsInVzZXJfaWQiOjE3fQ.10xoMjzjd8NdNe_xPO01Dp7Zyo5EyqOIuCu58-0DIa8	2024-03-18 21:53:40.286944-05	2025-03-18 21:53:40-05	17	160183722aeb4545b367697ac14082bb
49	eyJhbGciOiJIUzI1NiIsInR5cCI6IkpXVCJ9.eyJ0b2tlbl90eXBlIjoicmVmcmVzaCIsImV4cCI6MTc0MjM1MzUxMSwiaWF0IjoxNzEwODE3NTExLCJqdGkiOiIxMjAyYzQ1MDIwYjk0NGRkOWE4OTFjOGM3OWI0ZjZiMCIsInVzZXJfaWQiOjF9.o-9pa9YKZHjYT2xPhi9kKlT7U8BlgSbvXp_itX8PHVo	2024-03-18 22:05:11.355255-05	2025-03-18 22:05:11-05	1	1202c45020b944dd9a891c8c79b4f6b0
50	eyJhbGciOiJIUzI1NiIsInR5cCI6IkpXVCJ9.eyJ0b2tlbl90eXBlIjoicmVmcmVzaCIsImV4cCI6MTc0MjM1MzUyNSwiaWF0IjoxNzEwODE3NTI1LCJqdGkiOiIwZDdlN2EwZmJjZTU0ODQ2OGU2OGFlMDNjNThhYTY1NSIsInVzZXJfaWQiOjE3fQ.QAp1_YKfq0_e50EubVlSq1c7mES8_y3E6RJjQ9Kattk	2024-03-18 22:05:25.515097-05	2025-03-18 22:05:25-05	17	0d7e7a0fbce548468e68ae03c58aa655
51	eyJhbGciOiJIUzI1NiIsInR5cCI6IkpXVCJ9.eyJ0b2tlbl90eXBlIjoicmVmcmVzaCIsImV4cCI6MTc0MjM1NzcyNCwiaWF0IjoxNzEwODIxNzI0LCJqdGkiOiIzMmUxYWZiOTBkNjQ0MjViYjVmMzkzY2JiODYxMDgyYSIsInVzZXJfaWQiOjF9.xAZnad3iNPLFT2aPPm2uY5LfXgORQtR9q8h967mNuxU	2024-03-18 23:15:24.556865-05	2025-03-18 23:15:24-05	1	32e1afb90d64425bb5f393cbb861082a
52	eyJhbGciOiJIUzI1NiIsInR5cCI6IkpXVCJ9.eyJ0b2tlbl90eXBlIjoicmVmcmVzaCIsImV4cCI6MTc0MjM1Nzg3MywiaWF0IjoxNzEwODIxODczLCJqdGkiOiJhNDA2ZTk0NWMxOWY0YWQ2YWJjYzFjZDAyZTY3MWM0NSIsInVzZXJfaWQiOjE3fQ.iYiwloCzH3flqaf0QQq2oD3GHk3zR09XCPFoS9eCyHI	2024-03-18 23:17:53.239703-05	2025-03-18 23:17:53-05	17	a406e945c19f4ad6abcc1cd02e671c45
53	eyJhbGciOiJIUzI1NiIsInR5cCI6IkpXVCJ9.eyJ0b2tlbl90eXBlIjoicmVmcmVzaCIsImV4cCI6MTc0MjM1ODg0OSwiaWF0IjoxNzEwODIyODQ5LCJqdGkiOiI2NzU3NGUxZGRiMWU0MWQyODA2ZTM1NzEyN2U1ZmUzMyIsInVzZXJfaWQiOjE3fQ.2YvKSvEK-mUVdAmBHVrCjE7wIm47yiUQwiDbjRLBccw	2024-03-18 23:34:09.397593-05	2025-03-18 23:34:09-05	17	67574e1ddb1e41d2806e357127e5fe33
54	eyJhbGciOiJIUzI1NiIsInR5cCI6IkpXVCJ9.eyJ0b2tlbl90eXBlIjoicmVmcmVzaCIsImV4cCI6MTc0MjM1ODkwMCwiaWF0IjoxNzEwODIyOTAwLCJqdGkiOiJmYzM4NTc2NTVkOTc0OWYzYWRjZDMyMDNkOGY1N2I5MyIsInVzZXJfaWQiOjE0fQ.tbvQC6OIWeFJqK9l5O0Q9RUvQvIBbBZ2FKMJSyJ16Ww	2024-03-18 23:35:00.667866-05	2025-03-18 23:35:00-05	14	fc3857655d9749f3adcd3203d8f57b93
55	eyJhbGciOiJIUzI1NiIsInR5cCI6IkpXVCJ9.eyJ0b2tlbl90eXBlIjoicmVmcmVzaCIsImV4cCI6MTc0MjM1ODk1OCwiaWF0IjoxNzEwODIyOTU4LCJqdGkiOiJlOTM5YzBjZjM5MTQ0ZjdmOGI0MDYzNjcyMDcxODFmYyIsInVzZXJfaWQiOjE3fQ.QBdZAzUt0nAY5Eswk7DRelF1wXYmJmMoyjvzwdXFZUk	2024-03-18 23:35:58.671614-05	2025-03-18 23:35:58-05	17	e939c0cf39144f7f8b406367207181fc
56	eyJhbGciOiJIUzI1NiIsInR5cCI6IkpXVCJ9.eyJ0b2tlbl90eXBlIjoicmVmcmVzaCIsImV4cCI6MTc0MjM1OTAwMSwiaWF0IjoxNzEwODIzMDAxLCJqdGkiOiJkNGMzZThmZTUzY2E0OWExOTE2MWIzMjc5MTBjZDYxYSIsInVzZXJfaWQiOjE4fQ.jNN-uJxcml1LLoLXIToI_G-Qp60etRWgLjS79hDSuFg	2024-03-18 23:36:41.854337-05	2025-03-18 23:36:41-05	18	d4c3e8fe53ca49a19161b327910cd61a
57	eyJhbGciOiJIUzI1NiIsInR5cCI6IkpXVCJ9.eyJ0b2tlbl90eXBlIjoicmVmcmVzaCIsImV4cCI6MTc0MjM1OTk1MiwiaWF0IjoxNzEwODIzOTUyLCJqdGkiOiI3YjlkN2VjMzJkYTc0Y2FiOTY5MWRhYmY0NmYxYTZmZSIsInVzZXJfaWQiOjE3fQ._QTocPfCt8yMVgn40D3_2IsG-xxbQWdFo90NxCJxc5o	2024-03-18 23:52:32.7482-05	2025-03-18 23:52:32-05	17	7b9d7ec32da74cab9691dabf46f1a6fe
58	eyJhbGciOiJIUzI1NiIsInR5cCI6IkpXVCJ9.eyJ0b2tlbl90eXBlIjoicmVmcmVzaCIsImV4cCI6MTc0MjM5MjgzNywiaWF0IjoxNzEwODU2ODM3LCJqdGkiOiI1YjM0M2M5NzY3NjU0NjczOTU5NjZhMGRjNzRmYjM0ZSIsInVzZXJfaWQiOjE3fQ.RBlkU7bUG2BlkRrQbJDt_UpXbHx07Z-MgosnzonzP7Y	2024-03-19 09:00:37.572099-05	2025-03-19 09:00:37-05	17	5b343c976765467395966a0dc74fb34e
59	eyJhbGciOiJIUzI1NiIsInR5cCI6IkpXVCJ9.eyJ0b2tlbl90eXBlIjoicmVmcmVzaCIsImV4cCI6MTc0MjM5MzE3NiwiaWF0IjoxNzEwODU3MTc2LCJqdGkiOiI1MmVmYjQ3NjBiMGU0YTRlYWNlNzRmYzBlNWRlZjE0ZiIsInVzZXJfaWQiOjE0fQ.ZRJlm9P__1lwrjUDNuvE18maXzW6M73yMwi65V01580	2024-03-19 09:06:16.371614-05	2025-03-19 09:06:16-05	14	52efb4760b0e4a4eace74fc0e5def14f
60	eyJhbGciOiJIUzI1NiIsInR5cCI6IkpXVCJ9.eyJ0b2tlbl90eXBlIjoicmVmcmVzaCIsImV4cCI6MTc0MjM5MzQyOSwiaWF0IjoxNzEwODU3NDI5LCJqdGkiOiJkNmI4ZTNiNDQ3OWU0YWM0YjEyMmQzMjAzZDE4MDZjZSIsInVzZXJfaWQiOjE4fQ.hLDUiPgzL_miP7XjG7GyaV47Jp63_x_Y-dL4mMGk5bU	2024-03-19 09:10:29.089825-05	2025-03-19 09:10:29-05	18	d6b8e3b4479e4ac4b122d3203d1806ce
61	eyJhbGciOiJIUzI1NiIsInR5cCI6IkpXVCJ9.eyJ0b2tlbl90eXBlIjoicmVmcmVzaCIsImV4cCI6MTc0MjM5Mzc4NCwiaWF0IjoxNzEwODU3Nzg0LCJqdGkiOiI2MWNkMGJkNDU3OGU0OThhOTg1NDZjZTdhMjkxNDllZCIsInVzZXJfaWQiOjF9.v1HednxSq_denE0qMUdV5B7Wahwx5mNmVQBY46LjQdc	2024-03-19 09:16:24.162991-05	2025-03-19 09:16:24-05	1	61cd0bd4578e498a98546ce7a29149ed
62	eyJhbGciOiJIUzI1NiIsInR5cCI6IkpXVCJ9.eyJ0b2tlbl90eXBlIjoicmVmcmVzaCIsImV4cCI6MTc0MjM5Mzg0NSwiaWF0IjoxNzEwODU3ODQ1LCJqdGkiOiI3YTE2NDQzMGJlYzg0YjEzOTEyMjFjODJjYmM4ZjgwMSIsInVzZXJfaWQiOjE0fQ.BEC_8kgqUe3aMWYlVP5V1OqmB4AcZPIA-MHvz21oiBQ	2024-03-19 09:17:25.399909-05	2025-03-19 09:17:25-05	14	7a164430bec84b1391221c82cbc8f801
63	eyJhbGciOiJIUzI1NiIsInR5cCI6IkpXVCJ9.eyJ0b2tlbl90eXBlIjoicmVmcmVzaCIsImV4cCI6MTc0MjM5NDM5MywiaWF0IjoxNzEwODU4MzkzLCJqdGkiOiIxZTBkN2Y3MTVjODI0ZGYyODliMWI5YWQ3NGE3MWI2NyIsInVzZXJfaWQiOjF9.VAW8DHSwzXUF-7s1UDebTXb-uVcro2GrgqKz52iJU98	2024-03-19 09:26:33.974907-05	2025-03-19 09:26:33-05	1	1e0d7f715c824df289b1b9ad74a71b67
64	eyJhbGciOiJIUzI1NiIsInR5cCI6IkpXVCJ9.eyJ0b2tlbl90eXBlIjoicmVmcmVzaCIsImV4cCI6MTc0MjM5NDc4MiwiaWF0IjoxNzEwODU4NzgyLCJqdGkiOiI1YmIxZWEyMTkwZmU0YWMzOTNiMWExMzgxOWY5M2EzZiIsInVzZXJfaWQiOjE0fQ.gCeHMh-3mXBoHNWsaELuFROzDTY3K_KgwhP7XNwA3BE	2024-03-19 09:33:02.071518-05	2025-03-19 09:33:02-05	14	5bb1ea2190fe4ac393b1a13819f93a3f
65	eyJhbGciOiJIUzI1NiIsInR5cCI6IkpXVCJ9.eyJ0b2tlbl90eXBlIjoicmVmcmVzaCIsImV4cCI6MTc0MjM5NTYxMSwiaWF0IjoxNzEwODU5NjExLCJqdGkiOiJmNzUyOWU0NTM3YWI0ZjQ0YjU2MjU1OGNmYzFhNmY1NCIsInVzZXJfaWQiOjE3fQ.NIt5jKhmwE9rvQ9nhs1B0YhWaCuCquQc6CIqif8wxr8	2024-03-19 09:46:51.336494-05	2025-03-19 09:46:51-05	17	f7529e4537ab4f44b562558cfc1a6f54
66	eyJhbGciOiJIUzI1NiIsInR5cCI6IkpXVCJ9.eyJ0b2tlbl90eXBlIjoicmVmcmVzaCIsImV4cCI6MTc0MjM5ODE4NywiaWF0IjoxNzEwODYyMTg3LCJqdGkiOiJkNGJhNGZiNDY0Y2I0MWRhODIzMWZlZWY5ODQyZTA4MiIsInVzZXJfaWQiOjE0fQ.l5XuQji1_BoUui5gwx1wHlgwwLPfkmgG3ZzauE5NsJk	2024-03-19 10:29:47.753146-05	2025-03-19 10:29:47-05	14	d4ba4fb464cb41da8231feef9842e082
67	eyJhbGciOiJIUzI1NiIsInR5cCI6IkpXVCJ9.eyJ0b2tlbl90eXBlIjoicmVmcmVzaCIsImV4cCI6MTc0MjM5ODUwMCwiaWF0IjoxNzEwODYyNTAwLCJqdGkiOiIxYjM3MzJkNzJjMTg0MWI5YTY2MDM1MGZhY2M4ZGYyNiIsInVzZXJfaWQiOjE0fQ.avkjIHn7g-3ayLxAjpg9az6a5vI-jibc9YOLVTnJVmM	2024-03-19 10:35:00.291346-05	2025-03-19 10:35:00-05	14	1b3732d72c1841b9a660350facc8df26
68	eyJhbGciOiJIUzI1NiIsInR5cCI6IkpXVCJ9.eyJ0b2tlbl90eXBlIjoicmVmcmVzaCIsImV4cCI6MTc0MjQyNzk2MiwiaWF0IjoxNzEwODkxOTYyLCJqdGkiOiI3M2VkZmY0MjBmMWQ0OTcyYTM0YzRiNTI2ZDlmMjczMSIsInVzZXJfaWQiOjE0fQ.8xk3ACFqTFtrhAxtpsLZEd-0-7KpbFg1xVY0juSbJyA	2024-03-19 18:46:02.128632-05	2025-03-19 18:46:02-05	14	73edff420f1d4972a34c4b526d9f2731
69	eyJhbGciOiJIUzI1NiIsInR5cCI6IkpXVCJ9.eyJ0b2tlbl90eXBlIjoicmVmcmVzaCIsImV4cCI6MTc0MjQyODA3MiwiaWF0IjoxNzEwODkyMDcyLCJqdGkiOiJhNWVhZDczZWE3Nzc0ZjA3OGIwNGY0Y2JkODJiZmJmNiIsInVzZXJfaWQiOjF9.K_bE_hzJKOfcOnNBPzU4-MG18KREVNo5IPyeG6e2MlY	2024-03-19 18:47:52.105965-05	2025-03-19 18:47:52-05	1	a5ead73ea7774f078b04f4cbd82bfbf6
70	eyJhbGciOiJIUzI1NiIsInR5cCI6IkpXVCJ9.eyJ0b2tlbl90eXBlIjoicmVmcmVzaCIsImV4cCI6MTc0MjUxMjM0NCwiaWF0IjoxNzEwOTc2MzQ0LCJqdGkiOiIyZDkyZjE1MWRiZmI0NmY4ODZjYWI4NjU3ZTM4YTc2NiIsInVzZXJfaWQiOjE0fQ.kCD62S8jJASj1M9nHcSgheprMpF9VhAf0M0HCk15wF0	2024-03-20 18:12:24.994804-05	2025-03-20 18:12:24-05	14	2d92f151dbfb46f886cab8657e38a766
71	eyJhbGciOiJIUzI1NiIsInR5cCI6IkpXVCJ9.eyJ0b2tlbl90eXBlIjoicmVmcmVzaCIsImV4cCI6MTc0MjUxMjQ3OCwiaWF0IjoxNzEwOTc2NDc4LCJqdGkiOiIzNDg3MjJhM2Y0NDM0OWYwOGEwODE4NDFmM2RkYzViNCIsInVzZXJfaWQiOjE4fQ.OFJGUf8ihF0Jpk6zR3LNpQlPE9ytw5P5HyOF98Fa7e8	2024-03-20 18:14:38.853147-05	2025-03-20 18:14:38-05	18	348722a3f44349f08a081841f3ddc5b4
72	eyJhbGciOiJIUzI1NiIsInR5cCI6IkpXVCJ9.eyJ0b2tlbl90eXBlIjoicmVmcmVzaCIsImV4cCI6MTc0MjUxMjUxOCwiaWF0IjoxNzEwOTc2NTE4LCJqdGkiOiIzNTMzYzU1Y2E5ZmE0MDljYTUyOGU0YTcwMjMzNzM1ZCIsInVzZXJfaWQiOjE0fQ.GwrRDfzJqea8lwNL5Akn-lWdjNvVvw2HUtr7D2onZn8	2024-03-20 18:15:18.835684-05	2025-03-20 18:15:18-05	14	3533c55ca9fa409ca528e4a70233735d
73	eyJhbGciOiJIUzI1NiIsInR5cCI6IkpXVCJ9.eyJ0b2tlbl90eXBlIjoicmVmcmVzaCIsImV4cCI6MTc0MjUxMjYwOCwiaWF0IjoxNzEwOTc2NjA4LCJqdGkiOiI3ZjQxYTNiYmMwYTc0ZjFlYmMwODAxMGE3MjVlMDQ5OCIsInVzZXJfaWQiOjE0fQ.l4OqLEYbDAxZxJxqqns2VXa-h-GGFxnmN7jmkM82LDY	2024-03-20 18:16:48.224843-05	2025-03-20 18:16:48-05	14	7f41a3bbc0a74f1ebc08010a725e0498
74	eyJhbGciOiJIUzI1NiIsInR5cCI6IkpXVCJ9.eyJ0b2tlbl90eXBlIjoicmVmcmVzaCIsImV4cCI6MTc0MjUxMjYxNywiaWF0IjoxNzEwOTc2NjE3LCJqdGkiOiJhOWNiMTZkZWM1YzA0YmM2OWE0Njk4ZjRkN2VkYjRkNiIsInVzZXJfaWQiOjE4fQ.bJW2q0ZwbFYgf6ZRv4SD300HcJpPHwBtz4IJ6vCYRYA	2024-03-20 18:16:57.453772-05	2025-03-20 18:16:57-05	18	a9cb16dec5c04bc69a4698f4d7edb4d6
75	eyJhbGciOiJIUzI1NiIsInR5cCI6IkpXVCJ9.eyJ0b2tlbl90eXBlIjoicmVmcmVzaCIsImV4cCI6MTc0MjUxMzEwOSwiaWF0IjoxNzEwOTc3MTA5LCJqdGkiOiJmYTViZjU0ZDZhZDA0ZmNlOWMzYjlkZDhjYWI1Yzg3ZCIsInVzZXJfaWQiOjE3fQ._GgzthNMkbrAyT4diTVmg_P4PN3efU0T2LgY3rqJ2BA	2024-03-20 18:25:09.514585-05	2025-03-20 18:25:09-05	17	fa5bf54d6ad04fce9c3b9dd8cab5c87d
76	eyJhbGciOiJIUzI1NiIsInR5cCI6IkpXVCJ9.eyJ0b2tlbl90eXBlIjoicmVmcmVzaCIsImV4cCI6MTc0MjUyMjM3MSwiaWF0IjoxNzEwOTg2MzcxLCJqdGkiOiI0ZDc3NWZiODRmZmI0MzVmODgyNzU5ZWYwMDk5YTA2NiIsInVzZXJfaWQiOjE3fQ.SbiXRDy3fM4-xMUri18hVGDSPdmXyyDiy21bypq7y-Y	2024-03-20 20:59:31.36904-05	2025-03-20 20:59:31-05	17	4d775fb84ffb435f882759ef0099a066
77	eyJhbGciOiJIUzI1NiIsInR5cCI6IkpXVCJ9.eyJ0b2tlbl90eXBlIjoicmVmcmVzaCIsImV4cCI6MTc0MjUyMjM5NCwiaWF0IjoxNzEwOTg2Mzk0LCJqdGkiOiI3NWZjZDRhOGY3ZTY0ODE2OGY1ZmZmZTBjYjBiOTZjYiIsInVzZXJfaWQiOjE4fQ.OMueNLVSWBUJyZcwytk4_1wiDzJh5Zx1L3EsQFwNU-s	2024-03-20 20:59:54.145889-05	2025-03-20 20:59:54-05	18	75fcd4a8f7e648168f5fffe0cb0b96cb
78	eyJhbGciOiJIUzI1NiIsInR5cCI6IkpXVCJ9.eyJ0b2tlbl90eXBlIjoicmVmcmVzaCIsImV4cCI6MTc0MjUyMjgzNCwiaWF0IjoxNzEwOTg2ODM0LCJqdGkiOiI4MWZjMmY5YTJkZWI0NTNlOGMwMzBkZTBlZGFhMTYwYiIsInVzZXJfaWQiOjF9.9Rx_qrDknuqYZaKwRGttIESvBNyDzUTHLJJx8QDsSuA	2024-03-20 21:07:14.667257-05	2025-03-20 21:07:14-05	1	81fc2f9a2deb453e8c030de0edaa160b
79	eyJhbGciOiJIUzI1NiIsInR5cCI6IkpXVCJ9.eyJ0b2tlbl90eXBlIjoicmVmcmVzaCIsImV4cCI6MTc0MjUyMjkzMCwiaWF0IjoxNzEwOTg2OTMwLCJqdGkiOiI3ZTUyOGQzZTVkODY0MTdlYmRkNDdkNTdhYWUzZjUzZSIsInVzZXJfaWQiOjE5fQ.B_TL7MbYn7Og4RWe43lMjJQM3b6OdPSQvEyQ0YpnJYQ	2024-03-20 21:08:50.576966-05	2025-03-20 21:08:50-05	19	7e528d3e5d86417ebdd47d57aae3f53e
80	eyJhbGciOiJIUzI1NiIsInR5cCI6IkpXVCJ9.eyJ0b2tlbl90eXBlIjoicmVmcmVzaCIsImV4cCI6MTc0MjUyMjk1NSwiaWF0IjoxNzEwOTg2OTU1LCJqdGkiOiI4YmRiMzQ0NWVhNzg0ZmExOGE1ZDljN2QyYjIzMjIxOCIsInVzZXJfaWQiOjF9.GwOj_bk8Y5TE4G-rXvklsxL52jHYAPmX-6hXyd39YCo	2024-03-20 21:09:15.700522-05	2025-03-20 21:09:15-05	1	8bdb3445ea784fa18a5d9c7d2b232218
81	eyJhbGciOiJIUzI1NiIsInR5cCI6IkpXVCJ9.eyJ0b2tlbl90eXBlIjoicmVmcmVzaCIsImV4cCI6MTc0MjUyMjk5NSwiaWF0IjoxNzEwOTg2OTk1LCJqdGkiOiI2MmY1NWIxZGFkN2U0NjU4ODY1ZDM1OTNjM2MwZDA4NCIsInVzZXJfaWQiOjE3fQ.VgVAd1hLaKVYHBOB93imVa8jFbgoPWSopwnBujQAIt8	2024-03-20 21:09:55.036525-05	2025-03-20 21:09:55-05	17	62f55b1dad7e4658865d3593c3c0d084
82	eyJhbGciOiJIUzI1NiIsInR5cCI6IkpXVCJ9.eyJ0b2tlbl90eXBlIjoicmVmcmVzaCIsImV4cCI6MTc0MjUyNDY3OSwiaWF0IjoxNzEwOTg4Njc5LCJqdGkiOiJlZDM1YTRmZTc1MDQ0MzM5ODJjODAwYjExZDI3YmVkYSIsInVzZXJfaWQiOjF9.BNdA2nW0dX4sWBIe3DK0D-pABj_f-RvkWcLTFzmNXFg	2024-03-20 21:37:59.010683-05	2025-03-20 21:37:59-05	1	ed35a4fe7504433982c800b11d27beda
83	eyJhbGciOiJIUzI1NiIsInR5cCI6IkpXVCJ9.eyJ0b2tlbl90eXBlIjoicmVmcmVzaCIsImV4cCI6MTc0MjUyODc1MywiaWF0IjoxNzEwOTkyNzUzLCJqdGkiOiI1MjRiNTM0YjQ5MTA0YjBiOGUzOWMxNDMzMmZhOWJlOCIsInVzZXJfaWQiOjE3fQ.QXI_s5vTfMFuqVbmZbYIstFLrfkbQdd0My2Y7pSMn4U	2024-03-20 22:45:53.791421-05	2025-03-20 22:45:53-05	17	524b534b49104b0b8e39c14332fa9be8
84	eyJhbGciOiJIUzI1NiIsInR5cCI6IkpXVCJ9.eyJ0b2tlbl90eXBlIjoicmVmcmVzaCIsImV4cCI6MTc0MjUzMDgxMSwiaWF0IjoxNzEwOTk0ODExLCJqdGkiOiIxMjQ2YjgwZjg5NGY0NTJlODJiNjUxNTMwZjk0Yjk4ZCIsInVzZXJfaWQiOjE0fQ.Qs9k-lQtut8b_aVQdi8sspqWOVkqFL0ukhoNS_Z9CsI	2024-03-20 23:20:11.974041-05	2025-03-20 23:20:11-05	14	1246b80f894f452e82b651530f94b98d
85	eyJhbGciOiJIUzI1NiIsInR5cCI6IkpXVCJ9.eyJ0b2tlbl90eXBlIjoicmVmcmVzaCIsImV4cCI6MTc0MjUzMTA5NSwiaWF0IjoxNzEwOTk1MDk1LCJqdGkiOiIwYTQ0ZWNkZjJkNjA0NzljOGUyYTFjZDg0NjZhOGY3NCIsInVzZXJfaWQiOjF9.1HeCSW3EERTAkOj-f1RBmzDQXIXz7zK4U1-KfnkkOXk	2024-03-20 23:24:55.442648-05	2025-03-20 23:24:55-05	1	0a44ecdf2d60479c8e2a1cd8466a8f74
86	eyJhbGciOiJIUzI1NiIsInR5cCI6IkpXVCJ9.eyJ0b2tlbl90eXBlIjoicmVmcmVzaCIsImV4cCI6MTc0MjUzMTgwOCwiaWF0IjoxNzEwOTk1ODA4LCJqdGkiOiJlNzBjYmQwNjM5MTI0YjQxOTQ2MjIwN2IxNWU3MWRjMSIsInVzZXJfaWQiOjE3fQ.5t0PzN0LCrvqMqFvUyGoLwOCPHQc7lsrrB83QjiFbQo	2024-03-20 23:36:48.84313-05	2025-03-20 23:36:48-05	17	e70cbd0639124b419462207b15e71dc1
87	eyJhbGciOiJIUzI1NiIsInR5cCI6IkpXVCJ9.eyJ0b2tlbl90eXBlIjoicmVmcmVzaCIsImV4cCI6MTc0MjUzMTkyNiwiaWF0IjoxNzEwOTk1OTI2LCJqdGkiOiI1ZDBhNzQ5NzEzNWM0YzUzYWY1NTU1MTBiYzA1MmNkZiIsInVzZXJfaWQiOjE1fQ.CFPCpArFeRg9KnuSbK5qZo7X17znkAF3xh-8MpbGGgs	2024-03-20 23:38:46.33931-05	2025-03-20 23:38:46-05	15	5d0a7497135c4c53af555510bc052cdf
88	eyJhbGciOiJIUzI1NiIsInR5cCI6IkpXVCJ9.eyJ0b2tlbl90eXBlIjoicmVmcmVzaCIsImV4cCI6MTc0MjU2NDQ2OCwiaWF0IjoxNzExMDI4NDY4LCJqdGkiOiJhYTRkN2RkMGM5MDQ0M2FkOGQ0ZThlZjE1MTUzODlkOSIsInVzZXJfaWQiOjE3fQ._lXN8N5AKHVVyGUPpiWmjGSINI3Y1kjKj_RY9S-kFME	2024-03-21 08:41:08.953597-05	2025-03-21 08:41:08-05	17	aa4d7dd0c90443ad8d4e8ef1515389d9
89	eyJhbGciOiJIUzI1NiIsInR5cCI6IkpXVCJ9.eyJ0b2tlbl90eXBlIjoicmVmcmVzaCIsImV4cCI6MTc0MjU2NDY2MSwiaWF0IjoxNzExMDI4NjYxLCJqdGkiOiI1YjNiNGE2ZDg5MDk0MzAxOWNmY2Y1MjlhMzI1MmQ0ZCIsInVzZXJfaWQiOjE4fQ.WJLZTtu3JcxxvqfQktPbHyz345oBm7KatDB0NQnZiss	2024-03-21 08:44:21.517481-05	2025-03-21 08:44:21-05	18	5b3b4a6d890943019cfcf529a3252d4d
90	eyJhbGciOiJIUzI1NiIsInR5cCI6IkpXVCJ9.eyJ0b2tlbl90eXBlIjoicmVmcmVzaCIsImV4cCI6MTc0MjU2NDcxNSwiaWF0IjoxNzExMDI4NzE1LCJqdGkiOiI2N2MzNDllNTllNzk0ZTkxODZmNjExZjMyYmRmMTkzZCIsInVzZXJfaWQiOjE3fQ.vIJTHAD0x7jtepEsh23vmy-qOT2Gm0qxEwgWmol0rnc	2024-03-21 08:45:15.833799-05	2025-03-21 08:45:15-05	17	67c349e59e794e9186f611f32bdf193d
91	eyJhbGciOiJIUzI1NiIsInR5cCI6IkpXVCJ9.eyJ0b2tlbl90eXBlIjoicmVmcmVzaCIsImV4cCI6MTc0MjU2NDc0NiwiaWF0IjoxNzExMDI4NzQ2LCJqdGkiOiIzOWIxM2MzN2JkOWQ0ZWUzYjg3YmY1OTNlODNjN2UxNSIsInVzZXJfaWQiOjE0fQ.cDfSRvMHgf4UsH3pgQt7YcFGUnhomQb39ojs866EP5o	2024-03-21 08:45:46.689795-05	2025-03-21 08:45:46-05	14	39b13c37bd9d4ee3b87bf593e83c7e15
92	eyJhbGciOiJIUzI1NiIsInR5cCI6IkpXVCJ9.eyJ0b2tlbl90eXBlIjoicmVmcmVzaCIsImV4cCI6MTc0MjU2NTEyNywiaWF0IjoxNzExMDI5MTI3LCJqdGkiOiJjY2Y1ZjgzYzUyY2M0NWRmYjljMTY3NGY1NjQ4ZTJmYiIsInVzZXJfaWQiOjE3fQ.DylKWpj_-MiNLBQa5QfV_ryYwutV-2T809VIjU7H3OE	2024-03-21 08:52:07.511774-05	2025-03-21 08:52:07-05	17	ccf5f83c52cc45dfb9c1674f5648e2fb
93	eyJhbGciOiJIUzI1NiIsInR5cCI6IkpXVCJ9.eyJ0b2tlbl90eXBlIjoicmVmcmVzaCIsImV4cCI6MTc0MjU2NTMwMiwiaWF0IjoxNzExMDI5MzAyLCJqdGkiOiIyMDkwYTE3MzEzZDk0ZWZjYjI0ZDM0ZjM4NWE0MWE0ZiIsInVzZXJfaWQiOjE3fQ.SvoiKnrk6n_e6ZezIBcchHk7HE0D9X6O2PTBrv6q1sI	2024-03-21 08:55:02.257908-05	2025-03-21 08:55:02-05	17	2090a17313d94efcb24d34f385a41a4f
94	eyJhbGciOiJIUzI1NiIsInR5cCI6IkpXVCJ9.eyJ0b2tlbl90eXBlIjoicmVmcmVzaCIsImV4cCI6MTc0MjU2NTMwMywiaWF0IjoxNzExMDI5MzAzLCJqdGkiOiIwNjY0ZDU3MDBkYmI0ZTA2OWMzZmY1YzVkN2M5ZWIwYSIsInVzZXJfaWQiOjE3fQ.QmXdFAOsS8Ecm2VS_qh9KWjEAj5v1lWMU-1J4pL-YGM	2024-03-21 08:55:03.611162-05	2025-03-21 08:55:03-05	17	0664d5700dbb4e069c3ff5c5d7c9eb0a
95	eyJhbGciOiJIUzI1NiIsInR5cCI6IkpXVCJ9.eyJ0b2tlbl90eXBlIjoicmVmcmVzaCIsImV4cCI6MTc0MjU2NTc2MCwiaWF0IjoxNzExMDI5NzYwLCJqdGkiOiJhZTkwZTQ4Nzc4N2M0ZjA3YTY1NzUxMDBhYTEzNTZiZCIsInVzZXJfaWQiOjE4fQ.Vp7IMadKfSSTxxWfVeYixp1ElyFQlcF1Z77XT3cR5Hs	2024-03-21 09:02:40.64408-05	2025-03-21 09:02:40-05	18	ae90e487787c4f07a6575100aa1356bd
96	eyJhbGciOiJIUzI1NiIsInR5cCI6IkpXVCJ9.eyJ0b2tlbl90eXBlIjoicmVmcmVzaCIsImV4cCI6MTc0MjU2ODAxMCwiaWF0IjoxNzExMDMyMDEwLCJqdGkiOiI2YTM0NjJlODVlNDU0MjNhODIyMDg3OTk2MTUwMjgxMiIsInVzZXJfaWQiOjF9.RPG-ObJhMrEfDXqPUebLxGuKiIvbfbhEYnCgAsPDj_s	2024-03-21 09:40:10.016612-05	2025-03-21 09:40:10-05	1	6a3462e85e45423a8220879961502812
97	eyJhbGciOiJIUzI1NiIsInR5cCI6IkpXVCJ9.eyJ0b2tlbl90eXBlIjoicmVmcmVzaCIsImV4cCI6MTc0MjU3MjMwNSwiaWF0IjoxNzExMDM2MzA1LCJqdGkiOiIzYTIwZmUxMmI1NjA0MmYzOGUzZWJjZDlmNzY2NGI5MSIsInVzZXJfaWQiOjE4fQ.4lSefvmX8UxuMDbJEo1N28oq814O0SQd4x-s2WiKIcE	2024-03-21 10:51:45.005536-05	2025-03-21 10:51:45-05	18	3a20fe12b56042f38e3ebcd9f7664b91
98	eyJhbGciOiJIUzI1NiIsInR5cCI6IkpXVCJ9.eyJ0b2tlbl90eXBlIjoicmVmcmVzaCIsImV4cCI6MTc0MjU3NTEyOCwiaWF0IjoxNzExMDM5MTI4LCJqdGkiOiI0NzYwOWVhOTdkNDE0NDM5ODAyNWE1Njk0MmVlODk5ZSIsInVzZXJfaWQiOjE3fQ.pDbLvETJmTWtIxT1hYsQf0S5qzSxTz8vFZECrdIgyvA	2024-03-21 11:38:48.44042-05	2025-03-21 11:38:48-05	17	47609ea97d4144398025a56942ee899e
99	eyJhbGciOiJIUzI1NiIsInR5cCI6IkpXVCJ9.eyJ0b2tlbl90eXBlIjoicmVmcmVzaCIsImV4cCI6MTc0MjU3NTMyNywiaWF0IjoxNzExMDM5MzI3LCJqdGkiOiIzMTc2NmIyNDI5Mjk0OTlmYmI4NjlmZmI0ZjAyOGYzZSIsInVzZXJfaWQiOjE4fQ.L3qWLWnyjS9U42Y1q0nQfI23V_k_VhxwKX0ri5RbMcY	2024-03-21 11:42:07.126132-05	2025-03-21 11:42:07-05	18	31766b242929499fbb869ffb4f028f3e
100	eyJhbGciOiJIUzI1NiIsInR5cCI6IkpXVCJ9.eyJ0b2tlbl90eXBlIjoicmVmcmVzaCIsImV4cCI6MTc0MjYwNTU1NCwiaWF0IjoxNzExMDY5NTU0LCJqdGkiOiIwODQ5MGQ5OGVmZjI0NmZkODlkYzUzOGI0NWM5OTRjOCIsInVzZXJfaWQiOjE3fQ.4heTKIuhzztKWEr0wkENeXlC3qoDLc58kfmI_mvvgFM	2024-03-21 20:05:54.834536-05	2025-03-21 20:05:54-05	17	08490d98eff246fd89dc538b45c994c8
101	eyJhbGciOiJIUzI1NiIsInR5cCI6IkpXVCJ9.eyJ0b2tlbl90eXBlIjoicmVmcmVzaCIsImV4cCI6MTc0MjYxMDE1OSwiaWF0IjoxNzExMDc0MTU5LCJqdGkiOiIyMDRkM2RiYWU2NTY0MjI4YTEzNGU3NTg2NjdiYTQxMyIsInVzZXJfaWQiOjE4fQ.-DuJAogAIrME-emhUGCcLgVjqU9r91vmWR80i1qrphA	2024-03-21 21:22:39.364143-05	2025-03-21 21:22:39-05	18	204d3dbae6564228a134e758667ba413
102	eyJhbGciOiJIUzI1NiIsInR5cCI6IkpXVCJ9.eyJ0b2tlbl90eXBlIjoicmVmcmVzaCIsImV4cCI6MTc0MjYxMDIwMiwiaWF0IjoxNzExMDc0MjAyLCJqdGkiOiJiZTdmYmI2NmFmZmU0YmZlYTJhNzVlOGU0ZTdjOTIwYSIsInVzZXJfaWQiOjE3fQ.xysB45u44cfIo3OmtvMbpxJVljhxKXqaeGLf0ScRnhU	2024-03-21 21:23:22.896319-05	2025-03-21 21:23:22-05	17	be7fbb66affe4bfea2a75e8e4e7c920a
103	eyJhbGciOiJIUzI1NiIsInR5cCI6IkpXVCJ9.eyJ0b2tlbl90eXBlIjoicmVmcmVzaCIsImV4cCI6MTc0MjYxMDI4NywiaWF0IjoxNzExMDc0Mjg3LCJqdGkiOiI2NTU1Nzk4NWVhODE0N2EyYjYwZWY0ZjcwMWNmZTVjYyIsInVzZXJfaWQiOjE0fQ.MwrNeFIewfJBZwi3MppceogffNH7FgFkN2_25pbrZLE	2024-03-21 21:24:47.43117-05	2025-03-21 21:24:47-05	14	65557985ea8147a2b60ef4f701cfe5cc
104	eyJhbGciOiJIUzI1NiIsInR5cCI6IkpXVCJ9.eyJ0b2tlbl90eXBlIjoicmVmcmVzaCIsImV4cCI6MTc0MjY0Mzc4NCwiaWF0IjoxNzExMTA3Nzg0LCJqdGkiOiJlNTFjMDc5ZGU2MmI0MjMyYTI4YTc1ZDdlN2Q2MzEyNSIsInVzZXJfaWQiOjE3fQ.w7O_9rmgC-HDwqUqfJsqORGiEc_DZg5QXlKUoJXO6sY	2024-03-22 06:43:04.842293-05	2025-03-22 06:43:04-05	17	e51c079de62b4232a28a75d7e7d63125
105	eyJhbGciOiJIUzI1NiIsInR5cCI6IkpXVCJ9.eyJ0b2tlbl90eXBlIjoicmVmcmVzaCIsImV4cCI6MTc0MjY0MzkxMCwiaWF0IjoxNzExMTA3OTEwLCJqdGkiOiI0NzJlOWU5NzE1ODM0M2VhOTA0NzVmNGVkZTU1MDYxYSIsInVzZXJfaWQiOjE3fQ.eX72RzOFofCcOk7O7eckWUmXoN-YWI8OaRnXnygp7aA	2024-03-22 06:45:10.00171-05	2025-03-22 06:45:10-05	17	472e9e97158343ea90475f4ede55061a
106	eyJhbGciOiJIUzI1NiIsInR5cCI6IkpXVCJ9.eyJ0b2tlbl90eXBlIjoicmVmcmVzaCIsImV4cCI6MTc0MjY0MzkzNSwiaWF0IjoxNzExMTA3OTM1LCJqdGkiOiJkYzE5MTdlOWZjNTQ0MzhiODIxMmE5NjEzYjAwYjI5MyIsInVzZXJfaWQiOjE0fQ.sDf3mq8DUvh6tumF-yXjltoXjbQFjs2KzxpI_B-n9AE	2024-03-22 06:45:35.278301-05	2025-03-22 06:45:35-05	14	dc1917e9fc54438b8212a9613b00b293
107	eyJhbGciOiJIUzI1NiIsInR5cCI6IkpXVCJ9.eyJ0b2tlbl90eXBlIjoicmVmcmVzaCIsImV4cCI6MTc0MjY0NTAzNCwiaWF0IjoxNzExMTA5MDM0LCJqdGkiOiJjOGFmYTVhMGRiN2E0MDM1YjgwMDNhMWU4NjYxYTg4ZiIsInVzZXJfaWQiOjE3fQ.e7Mj4pjPOkeyywnN0hNzxQfxSRtyPY65TlBM4Ybfp-M	2024-03-22 07:03:54.422818-05	2025-03-22 07:03:54-05	17	c8afa5a0db7a4035b8003a1e8661a88f
108	eyJhbGciOiJIUzI1NiIsInR5cCI6IkpXVCJ9.eyJ0b2tlbl90eXBlIjoicmVmcmVzaCIsImV4cCI6MTc0MjY1MDk2OSwiaWF0IjoxNzExMTE0OTY5LCJqdGkiOiJlZTQ5YzQxNTJlNjA0Njc3OTY0ZTQ0MjE2YWM1ZTI4ZCIsInVzZXJfaWQiOjE3fQ.xBKtreSQJO91Kcg2WiFm9HgX4eGQPhfRzN4wF34uV6E	2024-03-22 08:42:49.321366-05	2025-03-22 08:42:49-05	17	ee49c4152e604677964e44216ac5e28d
109	eyJhbGciOiJIUzI1NiIsInR5cCI6IkpXVCJ9.eyJ0b2tlbl90eXBlIjoicmVmcmVzaCIsImV4cCI6MTc0MjY1MTExOSwiaWF0IjoxNzExMTE1MTE5LCJqdGkiOiI0NjA3ZmM5NDZmMWE0NzAxYjk1ZWQyZjI1OGJmMTZmMiIsInVzZXJfaWQiOjE4fQ.9ygsmDD8R4ivnRjbcoXcJ3dXzBBgaTFlzVBIKj0Rzwo	2024-03-22 08:45:19.167195-05	2025-03-22 08:45:19-05	18	4607fc946f1a4701b95ed2f258bf16f2
110	eyJhbGciOiJIUzI1NiIsInR5cCI6IkpXVCJ9.eyJ0b2tlbl90eXBlIjoicmVmcmVzaCIsImV4cCI6MTc0MjY1MTI5MywiaWF0IjoxNzExMTE1MjkzLCJqdGkiOiI3OWViZmE4MDVhODg0YjczYTVmZGMzZDE5YjUxZTIwMSIsInVzZXJfaWQiOjF9.b9orc7OABLA7PD3fe6no4DHWtj1aP6OgbyF9FH9Bb9U	2024-03-22 08:48:13.99595-05	2025-03-22 08:48:13-05	1	79ebfa805a884b73a5fdc3d19b51e201
111	eyJhbGciOiJIUzI1NiIsInR5cCI6IkpXVCJ9.eyJ0b2tlbl90eXBlIjoicmVmcmVzaCIsImV4cCI6MTc0MjY1MTMzMSwiaWF0IjoxNzExMTE1MzMxLCJqdGkiOiJjYjEwNzEwODIxNzU0ZmZmOGNjY2JmNzgyNjUwMzVlOCIsInVzZXJfaWQiOjE1fQ.dC-GljyGpLrqfbgxqa-V64Fv2TfogZP-hFwpnZTkpeU	2024-03-22 08:48:51.972361-05	2025-03-22 08:48:51-05	15	cb10710821754fff8cccbf78265035e8
112	eyJhbGciOiJIUzI1NiIsInR5cCI6IkpXVCJ9.eyJ0b2tlbl90eXBlIjoicmVmcmVzaCIsImV4cCI6MTc0MjY1MTM3NCwiaWF0IjoxNzExMTE1Mzc0LCJqdGkiOiI1ZjIzNDJhMTM1ZmQ0MTM4YmUwZmI5YTQ0NmJmZDE2ZiIsInVzZXJfaWQiOjE3fQ.PuJaVBh7pJ07v2z_Sg--F1TOf5BdgKPHPxzD6ZT8b7A	2024-03-22 08:49:34.793715-05	2025-03-22 08:49:34-05	17	5f2342a135fd4138be0fb9a446bfd16f
113	eyJhbGciOiJIUzI1NiIsInR5cCI6IkpXVCJ9.eyJ0b2tlbl90eXBlIjoicmVmcmVzaCIsImV4cCI6MTc0MjY1MTQ2MywiaWF0IjoxNzExMTE1NDYzLCJqdGkiOiI4NDMwYzg1OGY1MzM0NThmYWIyMzVkNWRiNmJkOGE3NyIsInVzZXJfaWQiOjE2fQ.KrK0Z_70WZ22hgaLJONQZE9XIHkvIVRBraaf8ukLSuw	2024-03-22 08:51:03.003467-05	2025-03-22 08:51:03-05	16	8430c858f533458fab235d5db6bd8a77
114	eyJhbGciOiJIUzI1NiIsInR5cCI6IkpXVCJ9.eyJ0b2tlbl90eXBlIjoicmVmcmVzaCIsImV4cCI6MTc0MjgyNjYyMiwiaWF0IjoxNzExMjkwNjIyLCJqdGkiOiJlNzE0ZTYyZDU2N2U0MzdmYTk1ZTNkZjJhNTE4MDM3ZSIsInVzZXJfaWQiOjF9.R4zyy6i4c4umf5XTr-UKLMlzzZbKNyx0vQLK5GPGPvo	2024-03-24 09:30:22.658981-05	2025-03-24 09:30:22-05	1	e714e62d567e437fa95e3df2a518037e
115	eyJhbGciOiJIUzI1NiIsInR5cCI6IkpXVCJ9.eyJ0b2tlbl90eXBlIjoicmVmcmVzaCIsImV4cCI6MTc0MjgyNjg5MCwiaWF0IjoxNzExMjkwODkwLCJqdGkiOiI2ZTU2MGU4YjExNjE0OGYxODVkY2NkZjM1YTAyNWQ1YSIsInVzZXJfaWQiOjE4fQ.j7bPwAKE9fJsyNMdIvivkVIMD0xo2Itavre9g2qJTn8	2024-03-24 09:34:50.793745-05	2025-03-24 09:34:50-05	18	6e560e8b116148f185dccdf35a025d5a
116	eyJhbGciOiJIUzI1NiIsInR5cCI6IkpXVCJ9.eyJ0b2tlbl90eXBlIjoicmVmcmVzaCIsImV4cCI6MTc0Mjg0NTQ2NSwiaWF0IjoxNzExMzA5NDY1LCJqdGkiOiIwMDY1YjczYzI1ZmU0NTI4ODYxOGQzYTYyMDYxMjI2YyIsInVzZXJfaWQiOjE0fQ.iqC6e6tXLcVtyvtViTWBl8i9b4WeG2sGWbxQKz8vpgs	2024-03-24 14:44:25.450164-05	2025-03-24 14:44:25-05	14	0065b73c25fe45288618d3a62061226c
117	eyJhbGciOiJIUzI1NiIsInR5cCI6IkpXVCJ9.eyJ0b2tlbl90eXBlIjoicmVmcmVzaCIsImV4cCI6MTc0Mjg0NTU4NCwiaWF0IjoxNzExMzA5NTg0LCJqdGkiOiJkNmQxYmIxMDA0NmY0ZWNmYjc3ZGE2ZGExNjk5ZmQ3YSIsInVzZXJfaWQiOjE0fQ.I6ZR09UA7BoWthTctls7tM7MabwUfL-4Ep-4IbsS92A	2024-03-24 14:46:24.924453-05	2025-03-24 14:46:24-05	14	d6d1bb10046f4ecfb77da6da1699fd7a
118	eyJhbGciOiJIUzI1NiIsInR5cCI6IkpXVCJ9.eyJ0b2tlbl90eXBlIjoicmVmcmVzaCIsImV4cCI6MTc0Mjg0NTYwNywiaWF0IjoxNzExMzA5NjA3LCJqdGkiOiI0N2M4MjIxNWQ4MDU0YzU0YThhODY5NDI3NTA0NzAxNiIsInVzZXJfaWQiOjE1fQ.tg4zM4HsxbKXTSMxIS2g2uiwObZ2CHIjEFqMnWJHBoI	2024-03-24 14:46:47.892744-05	2025-03-24 14:46:47-05	15	47c82215d8054c54a8a8694275047016
119	eyJhbGciOiJIUzI1NiIsInR5cCI6IkpXVCJ9.eyJ0b2tlbl90eXBlIjoicmVmcmVzaCIsImV4cCI6MTc0Mjg0NTYyMiwiaWF0IjoxNzExMzA5NjIyLCJqdGkiOiIwNjQ4Y2NhMGEyNWQ0OTU0ODEyNjZjZWQyNDJjYjZlMiIsInVzZXJfaWQiOjE2fQ.EKNrMdke4CYIEtoSVKUzH2XQglPM5AZAaf4eHvtXCGY	2024-03-24 14:47:02.2281-05	2025-03-24 14:47:02-05	16	0648cca0a25d495481266ced242cb6e2
120	eyJhbGciOiJIUzI1NiIsInR5cCI6IkpXVCJ9.eyJ0b2tlbl90eXBlIjoicmVmcmVzaCIsImV4cCI6MTc0Mjg0NTY1NiwiaWF0IjoxNzExMzA5NjU2LCJqdGkiOiI3YzI4ZDYwNmE3NmQ0NjczYmM1MmFiYzQ3NmRkNTNkZSIsInVzZXJfaWQiOjE2fQ.-xW4GKyLlPvTE0Z0NZjeBU8V33szyrBSnsKuZJ8O0rk	2024-03-24 14:47:36.08471-05	2025-03-24 14:47:36-05	16	7c28d606a76d4673bc52abc476dd53de
121	eyJhbGciOiJIUzI1NiIsInR5cCI6IkpXVCJ9.eyJ0b2tlbl90eXBlIjoicmVmcmVzaCIsImV4cCI6MTc0MzAwMjU5MiwiaWF0IjoxNzExNDY2NTkyLCJqdGkiOiIwZDVmYWNkY2E4ZjQ0ZTM3YmVkYmFmYTAxMzRmOTI1YyIsInVzZXJfaWQiOjE3fQ.T1eJW4j_uhyO8pLze173jyjYIMuKFyTHzXeQHd66h_A	2024-03-26 10:23:12.909774-05	2025-03-26 10:23:12-05	17	0d5facdca8f44e37bedbafa0134f925c
122	eyJhbGciOiJIUzI1NiIsInR5cCI6IkpXVCJ9.eyJ0b2tlbl90eXBlIjoicmVmcmVzaCIsImV4cCI6MTc0MzAxNjkyMCwiaWF0IjoxNzExNDgwOTIwLCJqdGkiOiJmOGU3NDk0M2NmMjA0YWU2YTYyNmFlZTAwZjcxYTRlNiIsInVzZXJfaWQiOjE4fQ.pNx6THsW46TZSQttwKEgwibbNDFV-EscLkxQuhGa7TE	2024-03-26 14:22:00.986958-05	2025-03-26 14:22:00-05	18	f8e74943cf204ae6a626aee00f71a4e6
123	eyJhbGciOiJIUzI1NiIsInR5cCI6IkpXVCJ9.eyJ0b2tlbl90eXBlIjoicmVmcmVzaCIsImV4cCI6MTc0MzAyNzUxMSwiaWF0IjoxNzExNDkxNTExLCJqdGkiOiI1NWQ0NWE2NTJhNDM0NmU3ODZhNzMyMTJiNDU2ZjNlNCIsInVzZXJfaWQiOjE3fQ.QBU5a0sjcAXFptZwULq05pvU-B8G62yrc5h5rQTFG3s	2024-03-26 17:18:31.803149-05	2025-03-26 17:18:31-05	17	55d45a652a4346e786a73212b456f3e4
124	eyJhbGciOiJIUzI1NiIsInR5cCI6IkpXVCJ9.eyJ0b2tlbl90eXBlIjoicmVmcmVzaCIsImV4cCI6MTc0MzAyNzk4OSwiaWF0IjoxNzExNDkxOTg5LCJqdGkiOiJhYTU5OWYzM2I4NjI0N2UzODg3NGIyZWFkZjY5MTE0NyIsInVzZXJfaWQiOjE4fQ.F-e9KVmFd3V3IonxlDr-b39g9ayvmCBc39Kj7IC-Qdw	2024-03-26 17:26:29.948407-05	2025-03-26 17:26:29-05	18	aa599f33b86247e38874b2eadf691147
\.


--
-- Data for Name: ventas_cotizacion; Type: TABLE DATA; Schema: public; Owner: postgres
--

COPY public.ventas_cotizacion (id, nombre, fecha, duracion, estado_id, proyecto_id, tipo_id) FROM stdin;
\.


--
-- Data for Name: ventas_cuota; Type: TABLE DATA; Schema: public; Owner: postgres
--

COPY public.ventas_cuota (id, numero, tiempo, porcentaje, fecha, cotizacion_id, estado_id, tipo_id) FROM stdin;
\.


--
-- Data for Name: ventas_desasignacionconfiguracion; Type: TABLE DATA; Schema: public; Owner: postgres
--

COPY public.ventas_desasignacionconfiguracion (id, rango) FROM stdin;
\.


--
-- Data for Name: ventas_desasignacionleadasesor; Type: TABLE DATA; Schema: public; Owner: postgres
--

COPY public.ventas_desasignacionleadasesor (id, fecha, lead_id, usuario_id) FROM stdin;
37	2024-03-22 06:41:46.676739-05	927	14
38	2024-03-22 06:41:54.323083-05	927	14
39	2024-03-22 06:42:11.251068-05	927	14
40	2024-03-22 06:42:23.550165-05	927	14
41	2024-03-22 06:43:29.599551-05	930	17
42	2024-03-22 06:45:46.699657-05	927	14
43	2024-03-22 06:51:29.357571-05	927	14
44	2024-03-22 06:51:38.992703-05	927	14
45	2024-03-22 06:52:37.296525-05	927	14
46	2024-03-22 07:02:43.752035-05	927	14
47	2024-03-22 07:02:52.342251-05	927	14
48	2024-03-22 07:02:59.875329-05	927	14
49	2024-03-22 07:03:07.427886-05	927	14
50	2024-03-22 07:03:21.539234-05	927	14
51	2024-03-22 07:04:33.882472-05	930	17
52	2024-03-22 07:04:58.24685-05	930	17
53	2024-03-22 08:43:56.57995-05	930	17
54	2024-03-22 08:46:01.565334-05	1369	16
56	2024-03-26 10:23:52.108086-05	930	17
57	2024-03-26 10:47:05.058624-05	930	15
58	2024-03-26 13:46:05.099285-05	931	16
59	2024-03-26 13:46:05.109974-05	933	16
60	2024-03-26 13:46:05.117163-05	935	16
61	2024-03-26 13:46:05.125094-05	937	16
62	2024-03-26 13:46:05.132407-05	939	16
\.


--
-- Data for Name: ventas_estadoevento; Type: TABLE DATA; Schema: public; Owner: postgres
--

COPY public.ventas_estadoevento (id, nombre, estado_id) FROM stdin;
1	Creado	A
2	En Proceso	A
3	Finalizado	A
\.


--
-- Data for Name: ventas_estadolead; Type: TABLE DATA; Schema: public; Owner: postgres
--

COPY public.ventas_estadolead (nombre, descripcion, color, estado_id) FROM stdin;
NR	No responde	#949494	A
EP	En proceso	#949494	A
FR	Frio	#0044FF	A
TB	Tibio	#FFEE00	A
CA	Caliente	#FF0000	A
SE	Separaciones	#00BB00	A
CI	Cierre	#00B2FF	A
\.


--
-- Data for Name: ventas_estadoseparacionlead; Type: TABLE DATA; Schema: public; Owner: postgres
--

COPY public.ventas_estadoseparacionlead (id, nombre, color, estado_id) FROM stdin;
3	Separo	#0000000	A
4	Vendido	#00BB00	A
5	Desistio	#00BB00	A
\.


--
-- Data for Name: ventas_evento; Type: TABLE DATA; Schema: public; Owner: postgres
--

COPY public.ventas_evento (id, titulo, duracion, fecha_visita, observacion, fecha_creacion, fecha_actualizacion, separado, asesor_id, estado_id, "estadoEvento_id", lead_id, objecion_id, tipo_id, "usuarioActualizador_id", "usuarioCreador_id") FROM stdin;
\.


--
-- Data for Name: ventas_historicoleadasesor; Type: TABLE DATA; Schema: public; Owner: postgres
--

COPY public.ventas_historicoleadasesor (id, fecha_creacion, lead_id, usuario_id) FROM stdin;
466	2024-03-21 11:26:59.967201-05	927	14
467	2024-03-21 11:28:45.797633-05	929	16
468	2024-03-21 11:28:45.804331-05	928	16
469	2024-03-21 11:30:31.761566-05	1370	17
470	2024-03-21 11:30:31.769383-05	1369	16
471	2024-03-21 11:30:31.776168-05	1368	17
472	2024-03-21 11:30:31.785176-05	1367	16
473	2024-03-21 11:30:31.792293-05	1366	17
474	2024-03-21 11:30:31.798364-05	1365	16
475	2024-03-21 11:30:31.806185-05	1364	17
476	2024-03-21 11:30:31.812418-05	1363	16
477	2024-03-21 11:30:31.820322-05	1362	17
478	2024-03-21 11:30:31.827381-05	1361	16
479	2024-03-21 11:30:31.835043-05	1360	17
480	2024-03-21 11:30:31.84168-05	1359	16
481	2024-03-21 11:30:31.84783-05	1358	17
482	2024-03-21 11:30:31.855924-05	1357	16
483	2024-03-21 11:30:31.863283-05	1356	17
484	2024-03-21 11:30:31.872598-05	1355	16
485	2024-03-21 11:30:31.878471-05	1354	17
486	2024-03-21 11:30:31.887687-05	1353	16
487	2024-03-21 11:30:31.894427-05	1352	17
488	2024-03-21 11:30:31.901733-05	1351	16
489	2024-03-21 11:30:31.907836-05	1350	17
490	2024-03-21 11:30:31.91528-05	1349	16
491	2024-03-21 11:30:31.924998-05	1348	17
492	2024-03-21 11:30:31.93393-05	1347	16
493	2024-03-21 11:30:31.943464-05	1346	17
494	2024-03-21 11:30:31.951988-05	1345	16
495	2024-03-21 11:30:31.960584-05	1344	17
496	2024-03-21 11:30:31.975193-05	1343	16
497	2024-03-21 11:30:31.983594-05	1342	17
498	2024-03-21 11:30:31.995291-05	1341	16
499	2024-03-21 11:30:32.00471-05	1340	17
500	2024-03-21 11:30:32.018456-05	1339	16
501	2024-03-21 11:30:32.029234-05	1338	17
502	2024-03-21 11:30:32.037946-05	1337	16
503	2024-03-21 11:30:32.050997-05	1336	17
504	2024-03-21 11:30:32.060782-05	1335	16
505	2024-03-21 11:30:32.073704-05	1334	17
506	2024-03-21 11:30:32.080996-05	1333	16
507	2024-03-21 11:30:32.094508-05	1332	17
508	2024-03-21 11:30:32.102819-05	1331	16
509	2024-03-21 11:30:32.114365-05	1330	17
510	2024-03-21 11:30:32.124261-05	1329	16
511	2024-03-21 11:30:32.136703-05	1328	17
512	2024-03-21 11:30:32.148197-05	1327	16
513	2024-03-21 11:30:32.162089-05	1326	17
514	2024-03-21 11:30:32.172437-05	1325	16
515	2024-03-21 11:30:32.181663-05	1324	17
516	2024-03-21 11:30:32.192055-05	1323	16
517	2024-03-21 11:30:32.199764-05	1322	17
518	2024-03-21 11:30:32.206371-05	1321	16
519	2024-03-21 11:30:32.212896-05	1320	17
520	2024-03-21 11:30:32.220339-05	1319	16
521	2024-03-21 11:30:32.226203-05	1318	17
522	2024-03-21 11:30:32.232197-05	1317	16
523	2024-03-21 11:30:32.239069-05	1316	17
524	2024-03-21 11:30:32.24446-05	1315	16
525	2024-03-21 11:30:32.250168-05	1314	17
526	2024-03-21 11:30:32.257556-05	1313	16
527	2024-03-21 11:30:32.262459-05	1312	17
528	2024-03-21 11:30:32.267197-05	1311	16
529	2024-03-21 11:30:32.273404-05	1310	17
530	2024-03-21 11:30:32.279979-05	1309	16
531	2024-03-21 11:30:32.287207-05	1308	17
532	2024-03-21 11:30:32.292506-05	1307	16
533	2024-03-21 11:30:32.297393-05	1306	17
534	2024-03-21 11:30:32.303543-05	1305	16
535	2024-03-21 11:30:32.309901-05	1304	17
536	2024-03-21 11:30:32.315988-05	1303	16
537	2024-03-21 11:30:32.324038-05	1302	17
538	2024-03-21 11:30:32.330397-05	1301	16
539	2024-03-21 11:30:32.337437-05	1300	17
540	2024-03-21 11:30:32.343728-05	1299	16
541	2024-03-21 11:30:32.351479-05	1298	17
542	2024-03-21 11:30:32.357599-05	1297	16
543	2024-03-21 11:30:32.363881-05	1296	17
544	2024-03-21 11:30:32.371778-05	1295	16
545	2024-03-21 11:30:32.376869-05	1294	17
546	2024-03-21 11:30:32.383878-05	1293	16
547	2024-03-21 11:30:32.391184-05	1292	17
548	2024-03-21 11:30:32.397721-05	1291	16
549	2024-03-21 11:30:32.404475-05	1290	17
550	2024-03-21 11:30:32.411764-05	1289	16
551	2024-03-21 11:30:32.419707-05	1288	17
552	2024-03-21 11:30:32.426186-05	1287	16
553	2024-03-21 11:30:32.432756-05	1286	17
554	2024-03-21 11:30:32.439444-05	1285	16
555	2024-03-21 11:30:32.445646-05	1284	17
556	2024-03-21 11:30:32.451133-05	1283	16
557	2024-03-21 11:30:32.458013-05	1282	17
558	2024-03-21 11:30:32.463527-05	1281	16
559	2024-03-21 11:30:32.469892-05	1280	17
560	2024-03-21 11:30:32.475444-05	1279	16
561	2024-03-21 11:30:32.481095-05	1278	17
562	2024-03-21 11:30:32.487397-05	1277	16
563	2024-03-21 11:30:32.492889-05	1276	17
564	2024-03-21 11:30:32.498105-05	1275	16
565	2024-03-21 11:30:32.504757-05	1274	17
566	2024-03-21 11:30:32.510081-05	1273	16
567	2024-03-21 11:30:32.516598-05	1272	17
568	2024-03-21 11:30:32.523036-05	1271	16
569	2024-03-21 11:30:32.52929-05	1270	17
570	2024-03-21 11:30:32.537183-05	1269	16
571	2024-03-21 11:30:32.542686-05	1268	17
572	2024-03-21 11:30:32.547963-05	1267	16
573	2024-03-21 11:30:32.555685-05	1266	17
574	2024-03-21 11:30:32.562105-05	1265	16
575	2024-03-21 11:30:32.568779-05	1264	17
576	2024-03-21 11:30:32.574146-05	1263	16
577	2024-03-21 11:30:32.579797-05	1262	17
578	2024-03-21 11:30:32.587035-05	1261	16
579	2024-03-21 11:30:32.592387-05	1260	17
580	2024-03-21 11:30:32.598588-05	1259	16
581	2024-03-21 11:30:32.60588-05	1258	17
582	2024-03-21 11:30:32.61234-05	1257	16
583	2024-03-21 11:30:32.619335-05	1256	17
584	2024-03-21 11:30:32.625235-05	1255	16
585	2024-03-21 11:30:32.631601-05	1254	17
586	2024-03-21 11:30:32.638603-05	1253	16
587	2024-03-21 11:30:32.643576-05	1252	17
588	2024-03-21 11:30:32.648809-05	1251	16
589	2024-03-21 11:30:32.656737-05	1250	17
590	2024-03-21 11:30:32.661727-05	1249	16
591	2024-03-21 11:30:32.668991-05	1248	17
592	2024-03-21 11:30:32.674338-05	1247	16
593	2024-03-21 11:30:32.679368-05	1246	17
594	2024-03-21 11:30:32.685179-05	1245	16
595	2024-03-21 11:30:32.691964-05	1244	17
596	2024-03-21 11:30:32.69819-05	1243	16
597	2024-03-21 11:30:32.705162-05	1242	17
598	2024-03-21 11:30:32.710352-05	1241	16
599	2024-03-21 11:30:32.716673-05	1240	17
600	2024-03-21 11:30:32.724042-05	1239	16
601	2024-03-21 11:30:32.730435-05	1238	17
602	2024-03-21 11:30:32.737899-05	1237	16
603	2024-03-21 11:30:32.744432-05	1236	17
604	2024-03-21 11:30:32.751499-05	1235	16
605	2024-03-21 11:30:32.756893-05	1234	17
606	2024-03-21 11:30:32.761602-05	1233	16
607	2024-03-21 11:30:32.766933-05	1232	17
608	2024-03-21 11:30:32.773188-05	1231	16
609	2024-03-21 11:30:32.77925-05	1230	17
610	2024-03-21 11:30:32.786665-05	1229	16
611	2024-03-21 11:30:32.793043-05	1228	17
612	2024-03-21 11:30:32.799438-05	1227	16
613	2024-03-21 11:30:32.805668-05	1226	17
614	2024-03-21 11:30:32.811329-05	1225	16
615	2024-03-21 11:30:32.816723-05	1224	17
616	2024-03-21 11:30:32.823017-05	1223	16
617	2024-03-21 11:30:32.829294-05	1222	17
618	2024-03-21 11:30:32.836867-05	1221	16
619	2024-03-21 11:30:32.843602-05	1220	17
620	2024-03-21 11:30:32.849728-05	1219	16
621	2024-03-21 11:30:32.855786-05	1218	17
622	2024-03-21 11:30:32.860667-05	1217	16
623	2024-03-21 11:30:32.866355-05	1216	17
624	2024-03-21 11:30:32.87342-05	1215	16
625	2024-03-21 11:30:32.878934-05	1214	17
626	2024-03-21 11:30:32.886019-05	1213	16
627	2024-03-21 11:30:32.892854-05	1212	17
628	2024-03-21 11:30:32.89975-05	1211	16
629	2024-03-21 11:30:32.906802-05	1210	17
630	2024-03-21 11:30:32.912003-05	1209	16
631	2024-03-21 11:30:32.918653-05	1208	17
632	2024-03-21 11:30:32.924993-05	1207	16
633	2024-03-21 11:30:32.931333-05	1206	17
634	2024-03-21 11:30:32.940139-05	1205	16
635	2024-03-21 11:30:32.946493-05	1204	17
636	2024-03-21 11:30:32.953622-05	1203	16
637	2024-03-21 11:30:32.959439-05	1202	17
638	2024-03-21 11:30:32.96584-05	1201	16
639	2024-03-21 11:30:32.972502-05	1200	17
640	2024-03-21 11:30:32.977685-05	1199	16
641	2024-03-21 11:30:32.983367-05	1198	17
642	2024-03-21 11:30:32.989284-05	1197	16
643	2024-03-21 11:30:32.994978-05	1196	17
644	2024-03-21 11:30:33.002736-05	1195	16
645	2024-03-21 11:30:33.008188-05	1194	17
646	2024-03-21 11:30:33.013182-05	1193	16
647	2024-03-21 11:30:33.020498-05	1192	17
648	2024-03-21 11:30:33.027366-05	1191	16
649	2024-03-21 11:30:33.034834-05	1190	17
650	2024-03-21 11:30:33.041796-05	1189	16
651	2024-03-21 11:30:33.048582-05	1188	17
652	2024-03-21 11:30:33.056476-05	1187	16
653	2024-03-21 11:30:33.062983-05	1186	17
654	2024-03-21 11:30:33.070628-05	1185	16
655	2024-03-21 11:30:33.077127-05	1184	17
656	2024-03-21 11:30:33.083393-05	1183	16
657	2024-03-21 11:30:33.091112-05	1182	17
658	2024-03-21 11:30:33.097882-05	1181	16
659	2024-03-21 11:30:33.106251-05	1180	17
660	2024-03-21 11:30:33.113059-05	1179	16
661	2024-03-21 11:30:33.122055-05	1178	17
662	2024-03-21 11:30:33.128894-05	1177	16
663	2024-03-21 11:30:33.135092-05	1176	17
664	2024-03-21 11:30:33.141326-05	1175	16
665	2024-03-21 11:30:33.147737-05	1174	17
666	2024-03-21 11:30:33.15548-05	1173	16
667	2024-03-21 11:30:33.162172-05	1172	17
668	2024-03-21 11:30:33.169918-05	1171	16
669	2024-03-21 11:30:33.176937-05	1170	17
670	2024-03-21 11:30:33.183482-05	1169	16
671	2024-03-21 11:30:33.189297-05	1168	17
672	2024-03-21 11:30:33.194061-05	1167	16
673	2024-03-21 11:30:33.199171-05	1166	17
674	2024-03-21 11:30:33.205954-05	1165	16
675	2024-03-21 11:30:33.211729-05	1164	17
676	2024-03-21 11:30:33.217862-05	1163	16
677	2024-03-21 11:30:33.223835-05	1162	17
678	2024-03-21 11:30:33.230157-05	1161	16
679	2024-03-21 11:30:33.237453-05	1160	17
680	2024-03-21 11:30:33.243508-05	1159	16
681	2024-03-21 11:30:33.250029-05	1158	17
682	2024-03-21 11:30:33.256913-05	1157	16
683	2024-03-21 11:30:33.263414-05	1156	17
684	2024-03-21 11:30:33.270513-05	1155	16
685	2024-03-21 11:30:33.276215-05	1154	17
686	2024-03-21 11:30:33.281608-05	1153	16
687	2024-03-21 11:30:33.2887-05	1152	17
688	2024-03-21 11:30:33.294792-05	1151	16
689	2024-03-21 11:30:33.302304-05	1150	17
690	2024-03-21 11:30:33.308806-05	1149	16
691	2024-03-21 11:30:33.315135-05	1148	17
692	2024-03-21 11:30:33.322076-05	1147	16
693	2024-03-21 11:30:33.328257-05	1146	17
694	2024-03-21 11:30:33.336288-05	1145	16
695	2024-03-21 11:30:33.341576-05	1144	17
696	2024-03-21 11:30:33.347074-05	1143	16
697	2024-03-21 11:30:33.353544-05	1142	17
698	2024-03-21 11:30:33.358812-05	1141	16
699	2024-03-21 11:30:33.365456-05	1140	17
700	2024-03-21 11:30:33.372714-05	1139	16
701	2024-03-21 11:30:33.378993-05	1138	17
702	2024-03-21 11:30:33.386018-05	1137	16
703	2024-03-21 11:30:33.391136-05	1136	17
704	2024-03-21 11:30:33.39693-05	1135	16
705	2024-03-21 11:30:33.404643-05	1134	17
706	2024-03-21 11:30:33.410921-05	1133	16
707	2024-03-21 11:30:33.417376-05	1132	17
708	2024-03-21 11:30:33.424197-05	1131	16
709	2024-03-21 11:30:33.43032-05	1130	17
710	2024-03-21 11:30:33.438002-05	1129	16
711	2024-03-21 11:30:33.446415-05	1128	17
712	2024-03-21 11:30:33.456838-05	1127	16
713	2024-03-21 11:30:33.463695-05	1126	17
714	2024-03-21 11:30:33.471175-05	1125	16
715	2024-03-21 11:30:33.477553-05	1124	17
716	2024-03-21 11:30:33.483716-05	1123	16
717	2024-03-21 11:30:33.491594-05	1122	17
718	2024-03-21 11:30:33.498205-05	1121	16
719	2024-03-21 11:30:33.506542-05	1120	17
720	2024-03-21 11:30:33.513333-05	1119	16
721	2024-03-21 11:30:33.521483-05	1118	17
722	2024-03-21 11:30:33.526122-05	1117	16
723	2024-03-21 11:30:33.530997-05	1116	17
724	2024-03-21 11:30:33.537343-05	1115	16
725	2024-03-21 11:30:33.541946-05	1114	17
726	2024-03-21 11:30:33.547683-05	1113	16
727	2024-03-21 11:30:33.555096-05	1112	17
728	2024-03-21 11:30:33.561354-05	1111	16
729	2024-03-21 11:30:33.567293-05	1110	17
730	2024-03-21 11:30:33.573079-05	1109	16
731	2024-03-21 11:30:33.578548-05	1108	17
732	2024-03-21 11:30:33.585795-05	1107	16
733	2024-03-21 11:30:33.591367-05	1106	17
734	2024-03-21 11:30:33.596278-05	1105	16
735	2024-03-21 11:30:33.602475-05	1104	17
736	2024-03-21 11:30:33.608601-05	1103	16
737	2024-03-21 11:30:33.61483-05	1102	17
738	2024-03-21 11:30:33.620957-05	1101	16
739	2024-03-21 11:30:33.625885-05	1100	17
740	2024-03-21 11:30:33.630879-05	1099	16
741	2024-03-21 11:30:33.637625-05	1098	17
742	2024-03-21 11:30:33.643619-05	1097	16
743	2024-03-21 11:30:33.649282-05	1096	17
744	2024-03-21 11:30:33.656267-05	1095	16
745	2024-03-21 11:30:33.662803-05	1094	17
746	2024-03-21 11:30:33.670677-05	1093	16
747	2024-03-21 11:30:33.675759-05	1092	17
748	2024-03-21 11:30:33.680399-05	1091	16
749	2024-03-21 11:30:33.685999-05	1090	17
750	2024-03-21 11:30:33.692287-05	1089	16
751	2024-03-21 11:30:33.700097-05	1088	17
752	2024-03-21 11:30:33.706987-05	1087	16
753	2024-03-21 11:30:33.713331-05	1086	17
754	2024-03-21 11:30:33.71964-05	1085	16
755	2024-03-21 11:30:33.725011-05	1084	17
756	2024-03-21 11:30:33.731637-05	1083	16
757	2024-03-21 11:30:33.738227-05	1082	17
758	2024-03-21 11:30:33.744386-05	1081	16
759	2024-03-21 11:30:33.750808-05	1080	17
760	2024-03-21 11:30:33.756906-05	1079	16
761	2024-03-21 11:30:33.763662-05	1078	17
762	2024-03-21 11:30:33.770971-05	1077	16
763	2024-03-21 11:30:33.777007-05	1076	17
764	2024-03-21 11:30:33.78277-05	1075	16
765	2024-03-21 11:30:33.789515-05	1074	17
766	2024-03-21 11:30:33.796199-05	1073	16
767	2024-03-21 11:30:33.803157-05	1072	17
768	2024-03-21 11:30:33.808554-05	1071	16
769	2024-03-21 11:30:33.813703-05	1070	17
770	2024-03-21 11:30:33.820262-05	1069	16
771	2024-03-21 11:30:33.827021-05	1068	17
772	2024-03-21 11:30:33.833634-05	1067	16
773	2024-03-21 11:30:33.840456-05	1066	17
774	2024-03-21 11:30:33.847012-05	1065	16
775	2024-03-21 11:30:33.854888-05	1064	17
776	2024-03-21 11:30:33.861167-05	1063	16
777	2024-03-21 11:30:33.868447-05	1062	17
778	2024-03-21 11:30:33.87476-05	1061	16
779	2024-03-21 11:30:33.881154-05	1060	17
780	2024-03-21 11:30:33.888624-05	1059	16
781	2024-03-21 11:30:33.894231-05	1058	17
782	2024-03-21 11:30:33.899816-05	1057	16
783	2024-03-21 11:30:33.905785-05	1056	17
784	2024-03-21 11:30:33.911027-05	1055	16
785	2024-03-21 11:30:33.918451-05	1054	17
786	2024-03-21 11:30:33.924664-05	1053	16
787	2024-03-21 11:30:33.930928-05	1052	17
788	2024-03-21 11:30:33.938396-05	1051	16
789	2024-03-21 11:30:33.944942-05	1050	17
790	2024-03-21 11:30:33.950779-05	1049	16
791	2024-03-21 11:30:33.956507-05	1048	17
792	2024-03-21 11:30:33.961818-05	1047	16
793	2024-03-21 11:30:33.968853-05	1046	17
794	2024-03-21 11:30:33.974544-05	1045	16
795	2024-03-21 11:30:33.980071-05	1044	17
796	2024-03-21 11:30:33.985754-05	1043	16
797	2024-03-21 11:30:33.991158-05	1042	17
798	2024-03-21 11:30:33.997217-05	1041	16
799	2024-03-21 11:30:34.004999-05	1040	17
800	2024-03-21 11:30:34.011441-05	1039	16
801	2024-03-21 11:30:34.018871-05	1038	17
802	2024-03-21 11:30:34.025073-05	1037	16
803	2024-03-21 11:30:34.031579-05	1036	17
804	2024-03-21 11:30:34.039385-05	1035	16
805	2024-03-21 11:30:34.04609-05	1034	17
806	2024-03-21 11:30:34.053157-05	1033	16
807	2024-03-21 11:30:34.058154-05	1032	17
808	2024-03-21 11:30:34.06401-05	1031	16
809	2024-03-21 11:30:34.071116-05	1030	17
810	2024-03-21 11:30:34.077199-05	1029	16
811	2024-03-21 11:30:34.083914-05	1028	17
812	2024-03-21 11:30:34.089572-05	1027	16
813	2024-03-21 11:30:34.094196-05	1026	17
814	2024-03-21 11:30:34.1015-05	1025	16
815	2024-03-21 11:30:34.107489-05	1024	17
816	2024-03-21 11:30:34.113683-05	1023	16
817	2024-03-21 11:30:34.121229-05	1022	17
818	2024-03-21 11:30:34.127463-05	1021	16
819	2024-03-21 11:30:34.134683-05	1020	17
820	2024-03-21 11:30:34.141236-05	1019	16
821	2024-03-21 11:30:34.146722-05	1018	17
822	2024-03-21 11:30:34.152993-05	1017	16
823	2024-03-21 11:30:34.158065-05	1016	17
824	2024-03-21 11:30:34.16526-05	1015	16
825	2024-03-21 11:30:34.172166-05	1014	17
826	2024-03-21 11:30:34.17836-05	1013	16
827	2024-03-21 11:30:34.185228-05	1012	17
828	2024-03-21 11:30:34.191607-05	1011	16
829	2024-03-21 11:30:34.196856-05	1010	17
830	2024-03-21 11:30:34.203369-05	1009	16
831	2024-03-21 11:30:34.209607-05	1008	17
832	2024-03-21 11:30:34.215583-05	1007	16
833	2024-03-21 11:30:34.223079-05	1006	17
834	2024-03-21 11:30:34.22921-05	1005	16
835	2024-03-21 11:30:34.237061-05	1004	17
836	2024-03-21 11:30:34.243035-05	1003	16
837	2024-03-21 11:30:34.249238-05	1002	17
838	2024-03-21 11:30:34.25629-05	1001	16
839	2024-03-21 11:30:34.262652-05	1000	17
840	2024-03-21 11:30:34.269103-05	999	16
841	2024-03-21 11:30:34.274133-05	998	17
842	2024-03-21 11:30:34.279133-05	997	16
843	2024-03-21 11:30:34.286551-05	996	17
844	2024-03-21 11:30:34.291376-05	995	16
845	2024-03-21 11:30:34.295894-05	994	17
846	2024-03-21 11:30:34.30345-05	993	16
847	2024-03-21 11:30:34.309775-05	992	17
848	2024-03-21 11:30:34.316166-05	991	16
849	2024-03-21 11:30:34.323075-05	990	17
850	2024-03-21 11:30:34.327753-05	989	16
851	2024-03-21 11:30:34.332846-05	988	17
852	2024-03-21 11:30:34.339316-05	987	16
853	2024-03-21 11:30:34.346599-05	986	17
854	2024-03-21 11:30:34.35402-05	985	16
855	2024-03-21 11:30:34.360244-05	984	17
856	2024-03-21 11:30:34.365256-05	983	16
857	2024-03-21 11:30:34.371495-05	982	17
858	2024-03-21 11:30:34.378111-05	981	16
859	2024-03-21 11:30:34.385464-05	980	17
860	2024-03-21 11:30:34.39137-05	979	16
861	2024-03-21 11:30:34.397545-05	978	17
862	2024-03-21 11:30:34.40491-05	977	16
863	2024-03-21 11:30:34.410108-05	976	17
864	2024-03-21 11:30:34.416477-05	975	16
865	2024-03-21 11:30:34.423278-05	974	17
866	2024-03-21 11:30:34.429855-05	973	16
867	2024-03-21 11:30:34.437563-05	972	17
868	2024-03-21 11:30:34.443942-05	971	16
869	2024-03-21 11:30:34.450075-05	970	17
870	2024-03-21 11:30:34.456145-05	969	16
871	2024-03-21 11:30:34.461592-05	968	17
872	2024-03-21 11:30:34.468135-05	967	16
873	2024-03-21 11:30:34.474421-05	966	17
874	2024-03-21 11:30:34.480665-05	965	16
875	2024-03-21 11:30:34.487367-05	964	17
876	2024-03-21 11:30:34.493414-05	963	16
877	2024-03-21 11:30:34.499159-05	962	17
878	2024-03-21 11:30:34.505471-05	961	16
879	2024-03-21 11:30:34.510579-05	960	17
880	2024-03-21 11:30:34.515891-05	959	16
881	2024-03-21 11:30:34.521997-05	958	17
882	2024-03-21 11:30:34.527887-05	957	16
883	2024-03-21 11:30:34.533995-05	956	17
884	2024-03-21 11:30:34.540544-05	955	16
885	2024-03-21 11:30:34.545712-05	954	17
886	2024-03-21 11:30:34.552448-05	953	16
887	2024-03-21 11:30:34.560052-05	952	17
888	2024-03-21 11:30:34.565976-05	951	16
889	2024-03-21 11:30:34.572627-05	950	17
890	2024-03-21 11:30:34.577357-05	949	16
891	2024-03-21 11:30:34.582477-05	948	17
892	2024-03-21 11:30:34.590278-05	947	16
893	2024-03-21 11:30:34.595049-05	946	17
894	2024-03-21 11:30:34.600636-05	945	16
895	2024-03-21 11:30:34.606813-05	944	17
896	2024-03-21 11:30:34.613021-05	943	16
897	2024-03-21 11:30:34.621228-05	942	17
898	2024-03-21 11:30:34.628024-05	941	16
899	2024-03-21 11:30:34.63457-05	940	17
900	2024-03-21 11:30:34.640747-05	939	16
901	2024-03-21 11:30:34.64577-05	938	17
902	2024-03-21 11:30:34.652702-05	937	16
903	2024-03-21 11:30:34.658387-05	936	17
904	2024-03-21 11:30:34.664892-05	935	16
905	2024-03-21 11:30:34.671828-05	934	17
906	2024-03-21 11:30:34.676749-05	933	16
907	2024-03-21 11:30:34.683375-05	932	17
908	2024-03-21 11:30:34.691038-05	931	16
909	2024-03-21 11:30:34.697379-05	930	17
911	2024-03-26 10:46:07.766412-05	930	15
\.


--
-- Data for Name: ventas_lead; Type: TABLE DATA; Schema: public; Owner: postgres
--

COPY public.ventas_lead (id, nombre, apellido, asignado, celular, celular2, comentario, "horaRecepcion", llamar, importante, fecha_asignacion, fecha_desasignacion, "recienCreado", fecha_creacion, fecha_actualizacion, asesor_id, campania_id, estado_id, "estadoLead_id", objecion_id, "usuarioActualizador_id", "usuarioCreador_id", "estadoSeparacionLead_id", producto_id) FROM stdin;
931			f	937334123	\N		2024-02-01 00:00:00-05	t	f	2024-03-21 11:30:34.688203-05	2024-03-26 13:46:05.087576-05	f	2024-03-21 11:29:18.769504-05	2024-03-26 13:46:05.089075-05	\N	1	A	EP	1	\N	18	\N	\N
929			t	958227562	\N		2024-02-01 00:00:00-05	t	f	2024-03-21 11:28:45.790725-05	\N	f	2024-03-21 11:28:27.373577-05	2024-03-21 11:28:45.792017-05	16	1	A	EP	1	\N	18	\N	\N
928	Junacitoooo		t	920422911	\N		2024-02-01 00:00:00-05	t	f	2024-03-21 11:28:45.801789-05	\N	f	2024-03-21 11:28:27.358149-05	2024-03-21 11:28:45.802767-05	16	1	A	EP	1	\N	18	\N	\N
933			f	941036327	988413		2024-02-01 00:00:00-05	t	f	2024-03-21 11:30:34.674921-05	2024-03-26 13:46:05.106667-05	f	2024-03-21 11:29:18.788183-05	2024-03-26 13:46:05.107855-05	\N	1	A	EP	1	\N	18	\N	\N
935	Ysabel		f	949788489	913949194	Quiere atencion inmediata	2024-02-06 00:00:00-05	t	f	2024-03-21 11:30:34.661868-05	2024-03-26 13:46:05.114841-05	f	2024-03-21 11:29:18.807832-05	2024-03-26 13:46:05.115727-05	\N	1	A	EP	1	\N	18	\N	\N
937	Manuel		f	956682642	\N		2024-02-07 00:00:00-05	t	f	2024-03-21 11:30:34.649452-05	2024-03-26 13:46:05.122425-05	f	2024-03-21 11:29:18.829332-05	2024-03-26 13:46:05.123534-05	\N	1	A	EP	1	\N	18	\N	\N
939	Omar		f	957829995	\N		2024-02-07 00:00:00-05	t	f	2024-03-21 11:30:34.638576-05	2024-03-26 13:46:05.129834-05	f	2024-03-21 11:29:18.849304-05	2024-03-26 13:46:05.130856-05	\N	1	A	EP	1	\N	18	\N	\N
984	Ketty		t	966677580	\N		2024-02-10 00:00:00-05	t	f	2024-03-21 11:30:34.357656-05	\N	f	2024-03-21 11:29:19.30679-05	2024-03-21 11:30:34.358713-05	17	1	A	EP	1	\N	18	\N	\N
983	Reldy		t	941289117	\N		2024-02-10 00:00:00-05	t	f	2024-03-21 11:30:34.363394-05	\N	f	2024-03-21 11:29:19.296496-05	2024-03-21 11:30:34.364086-05	16	1	A	EP	1	\N	18	\N	\N
982	Ronaldo		t	962172806	\N		2024-02-10 00:00:00-05	t	f	2024-03-21 11:30:34.368939-05	\N	f	2024-03-21 11:29:19.285447-05	2024-03-21 11:30:34.370059-05	17	1	A	EP	1	\N	18	\N	\N
981	Hildo		t	986888555	\N		2024-02-10 00:00:00-05	t	f	2024-03-21 11:30:34.375807-05	\N	f	2024-03-21 11:29:19.274374-05	2024-03-21 11:30:34.376699-05	16	1	A	EP	1	\N	18	\N	\N
980	Miguel		t	958705011	\N		2024-02-10 00:00:00-05	t	f	2024-03-21 11:30:34.381962-05	\N	f	2024-03-21 11:29:19.265171-05	2024-03-21 11:30:34.383276-05	17	1	A	EP	1	\N	18	\N	\N
979	Francisco		t	952348768	\N		2024-02-10 00:00:00-05	t	f	2024-03-21 11:30:34.388814-05	\N	f	2024-03-21 11:29:19.253912-05	2024-03-21 11:30:34.389678-05	16	1	A	EP	1	\N	18	\N	\N
978	Ang칠lica		t	959896430	\N		2024-02-10 00:00:00-05	t	f	2024-03-21 11:30:34.394705-05	\N	f	2024-03-21 11:29:19.24428-05	2024-03-21 11:30:34.395851-05	17	1	A	EP	1	\N	18	\N	\N
977	Diego		t	943395816	\N		2024-02-09 00:00:00-05	t	f	2024-03-21 11:30:34.401579-05	\N	f	2024-03-21 11:29:19.233617-05	2024-03-21 11:30:34.403057-05	16	1	A	EP	1	\N	18	\N	\N
975	Guido		t	994608955	\N		2024-02-09 00:00:00-05	t	f	2024-03-21 11:30:34.413584-05	\N	f	2024-03-21 11:29:19.214231-05	2024-03-21 11:30:34.414649-05	16	1	A	EP	1	\N	18	\N	\N
974	Concepci칩n		t	959037568	\N		2024-02-09 00:00:00-05	t	f	2024-03-21 11:30:34.420965-05	\N	f	2024-03-21 11:29:19.203777-05	2024-03-21 11:30:34.421837-05	17	1	A	EP	1	\N	18	\N	\N
973	Jorge		t	959683480	\N		2024-02-09 00:00:00-05	t	f	2024-03-21 11:30:34.42711-05	\N	f	2024-03-21 11:29:19.192864-05	2024-03-21 11:30:34.428099-05	16	1	A	EP	1	\N	18	\N	\N
972	Grethel		t	933598002	\N		2024-02-09 00:00:00-05	t	f	2024-03-21 11:30:34.434333-05	\N	f	2024-03-21 11:29:19.181894-05	2024-03-21 11:30:34.435891-05	17	1	A	EP	1	\N	18	\N	\N
971	Jean Carlo		t	942452151	\N		2024-02-09 00:00:00-05	t	f	2024-03-21 11:30:34.441354-05	\N	f	2024-03-21 11:29:19.171291-05	2024-03-21 11:30:34.442332-05	16	1	A	EP	1	\N	18	\N	\N
969	Gabriel		t	997704330	\N		2024-02-09 00:00:00-05	t	f	2024-03-21 11:30:34.4539-05	\N	f	2024-03-21 11:29:19.150284-05	2024-03-21 11:30:34.454726-05	16	1	A	EP	1	\N	18	\N	\N
968	Ang칠lica		t	950896072	\N		2024-02-09 00:00:00-05	t	f	2024-03-21 11:30:34.459222-05	\N	f	2024-03-21 11:29:19.140363-05	2024-03-21 11:30:34.460091-05	17	1	A	EP	1	\N	18	\N	\N
967	Edgar		t	956201668	\N		2024-02-09 00:00:00-05	t	f	2024-03-21 11:30:34.465338-05	\N	f	2024-03-21 11:29:19.131023-05	2024-03-21 11:30:34.466488-05	16	1	A	EP	1	\N	18	\N	\N
966	Rosa		t	959041757	\N		2024-02-09 00:00:00-05	t	f	2024-03-21 11:30:34.472149-05	\N	f	2024-03-21 11:29:19.12114-05	2024-03-21 11:30:34.47293-05	17	1	A	EP	1	\N	18	\N	\N
964	Enrique		t	974879680	\N		2024-02-08 00:00:00-05	t	f	2024-03-21 11:30:34.484063-05	\N	f	2024-03-21 11:29:19.100555-05	2024-03-21 11:30:34.485549-05	17	1	A	EP	1	\N	18	\N	\N
963	Celso		t	952658197	\N		2024-02-08 00:00:00-05	t	f	2024-03-21 11:30:34.490808-05	\N	f	2024-03-21 11:29:19.089621-05	2024-03-21 11:30:34.49189-05	16	1	A	EP	1	\N	18	\N	\N
962	Miguel		t	995952972	\N		2024-02-08 00:00:00-05	t	f	2024-03-21 11:30:34.496985-05	\N	f	2024-03-21 11:29:19.078374-05	2024-03-21 11:30:34.49775-05	17	1	A	EP	1	\N	18	\N	\N
961	Eduardo		t	973291346	\N		2024-02-08 00:00:00-05	t	f	2024-03-21 11:30:34.503127-05	\N	f	2024-03-21 11:29:19.067173-05	2024-03-21 11:30:34.504071-05	16	1	A	EP	1	\N	18	\N	\N
960	Brayan		t	978513524	\N		2024-02-08 00:00:00-05	t	f	2024-03-21 11:30:34.508572-05	\N	f	2024-03-21 11:29:19.056783-05	2024-03-21 11:30:34.509272-05	17	1	A	EP	1	\N	18	\N	\N
958	Julio		t	957201702	\N		2024-02-08 00:00:00-05	t	f	2024-03-21 11:30:34.519751-05	\N	f	2024-03-21 11:29:19.037739-05	2024-03-21 11:30:34.52066-05	17	1	A	EP	1	\N	18	\N	\N
957	Eilleen		t	997478920	\N		2024-02-08 00:00:00-05	t	f	2024-03-21 11:30:34.525115-05	\N	f	2024-03-21 11:29:19.028221-05	2024-03-21 11:30:34.526053-05	16	1	A	EP	1	\N	18	\N	\N
956	Cesar		t	995685498	\N		2024-02-08 00:00:00-05	t	f	2024-03-21 11:30:34.531254-05	\N	f	2024-03-21 11:29:19.019039-05	2024-03-21 11:30:34.531918-05	17	1	A	EP	1	\N	18	\N	\N
955	Gonzalo		t	976955066	\N		2024-02-08 00:00:00-05	t	f	2024-03-21 11:30:34.538258-05	\N	f	2024-03-21 11:29:19.007951-05	2024-03-21 11:30:34.539125-05	16	1	A	EP	1	\N	18	\N	\N
953	Elizabeth		t	978668946	\N		2024-02-08 00:00:00-05	t	f	2024-03-21 11:30:34.54882-05	\N	f	2024-03-21 11:29:18.987805-05	2024-03-21 11:30:34.549828-05	16	1	A	EP	1	\N	18	\N	\N
952	Everson		t	915157824	\N		2024-02-07 00:00:00-05	t	f	2024-03-21 11:30:34.557068-05	\N	f	2024-03-21 11:29:18.977698-05	2024-03-21 11:30:34.558322-05	17	1	A	EP	1	\N	18	\N	\N
951	Alonso		t	971871471	\N		2024-02-07 00:00:00-05	t	f	2024-03-21 11:30:34.563871-05	\N	f	2024-03-21 11:29:18.967574-05	2024-03-21 11:30:34.564627-05	16	1	A	EP	1	\N	18	\N	\N
950	Efrain		t	986748444	\N		2024-02-07 00:00:00-05	t	f	2024-03-21 11:30:34.570024-05	\N	f	2024-03-21 11:29:18.957265-05	2024-03-21 11:30:34.570971-05	17	1	A	EP	1	\N	18	\N	\N
949	Edgar		t	959140324	\N		2024-02-07 00:00:00-05	t	f	2024-03-21 11:30:34.575364-05	\N	f	2024-03-21 11:29:18.948711-05	2024-03-21 11:30:34.576087-05	16	1	A	EP	1	\N	18	\N	\N
947	Felipe		t	999408855	\N		2024-02-07 00:00:00-05	t	f	2024-03-21 11:30:34.586842-05	\N	f	2024-03-21 11:29:18.929087-05	2024-03-21 11:30:34.588871-05	16	1	A	EP	1	\N	18	\N	\N
946	Roberto		t	941284195	\N		2024-02-07 00:00:00-05	t	f	2024-03-21 11:30:34.593151-05	\N	f	2024-03-21 11:29:18.919586-05	2024-03-21 11:30:34.593882-05	17	1	A	EP	1	\N	18	\N	\N
945	Annie		t	954683337	\N		2024-02-07 00:00:00-05	t	f	2024-03-21 11:30:34.598036-05	\N	f	2024-03-21 11:29:18.909919-05	2024-03-21 11:30:34.598926-05	16	1	A	EP	1	\N	18	\N	\N
944	Manuel		t	997812463	\N		2024-02-07 00:00:00-05	t	f	2024-03-21 11:30:34.604618-05	\N	f	2024-03-21 11:29:18.899926-05	2024-03-21 11:30:34.605418-05	17	1	A	EP	1	\N	18	\N	\N
943	Francklin		t	974786475	\N		2024-02-07 00:00:00-05	t	f	2024-03-21 11:30:34.610232-05	\N	f	2024-03-21 11:29:18.889587-05	2024-03-21 11:30:34.611293-05	16	1	A	EP	1	\N	18	\N	\N
941	Francisca		t	959833996	\N	Atencion no urgente	2024-02-07 00:00:00-05	t	f	2024-03-21 11:30:34.62515-05	\N	f	2024-03-21 11:29:18.870723-05	2024-03-21 11:30:34.626275-05	16	1	A	EP	1	\N	18	\N	\N
940	Julissa		t	992241833	\N		2024-02-07 00:00:00-05	t	f	2024-03-21 11:30:34.631805-05	\N	f	2024-03-21 11:29:18.86074-05	2024-03-21 11:30:34.632816-05	17	1	A	EP	1	\N	18	\N	\N
938	Jose		t	989754536	\N		2024-02-07 00:00:00-05	t	f	2024-03-21 11:30:34.643789-05	\N	f	2024-03-21 11:29:18.838745-05	2024-03-21 11:30:34.644501-05	17	1	A	EP	1	\N	18	\N	\N
934			t	944205595	\N		2024-02-01 00:00:00-05	t	f	2024-03-21 11:30:34.66927-05	\N	f	2024-03-21 11:29:18.797729-05	2024-03-21 11:30:34.67046-05	17	1	A	EP	1	\N	18	\N	\N
932			t	969758306	\N		2024-02-01 00:00:00-05	t	f	2024-03-21 11:30:34.680758-05	\N	f	2024-03-21 11:29:18.779579-05	2024-03-21 11:30:34.681703-05	17	1	A	EP	1	\N	18	\N	\N
1044	Luciana		t	964962901	\N		2024-02-13 00:00:00-05	t	f	2024-03-21 11:30:33.977949-05	\N	f	2024-03-21 11:29:19.983303-05	2024-03-21 11:30:33.978702-05	17	1	A	EP	1	\N	18	\N	\N
1043	Brigitte		t	981778367	\N		2024-02-13 00:00:00-05	t	f	2024-03-21 11:30:33.983229-05	\N	f	2024-03-21 11:29:19.974135-05	2024-03-21 11:30:33.984049-05	16	1	A	EP	1	\N	18	\N	\N
1042	Victor		t	958425260	\N		2024-02-13 00:00:00-05	t	f	2024-03-21 11:30:33.989114-05	\N	f	2024-03-21 11:29:19.96475-05	2024-03-21 11:30:33.989893-05	17	1	A	EP	1	\N	18	\N	\N
1041	Miguel		t	916412224	\N		2024-02-13 00:00:00-05	t	f	2024-03-21 11:30:33.99445-05	\N	f	2024-03-21 11:29:19.955041-05	2024-03-21 11:30:33.995503-05	16	1	A	EP	1	\N	18	\N	\N
1039	James		t	927258559	\N		2024-02-13 00:00:00-05	t	f	2024-03-21 11:30:34.0089-05	\N	f	2024-03-21 11:29:19.936221-05	2024-03-21 11:30:34.009813-05	16	1	A	EP	1	\N	18	\N	\N
1038	S/N		t	936063187	\N		2024-02-13 00:00:00-05	t	f	2024-03-21 11:30:34.01522-05	\N	f	2024-03-21 11:29:19.927548-05	2024-03-21 11:30:34.016439-05	17	1	A	EP	1	\N	18	\N	\N
1037	Angel		t	958748758	\N		2024-02-13 00:00:00-05	t	f	2024-03-21 11:30:34.022455-05	\N	f	2024-03-21 11:29:19.914513-05	2024-03-21 11:30:34.023437-05	16	1	A	EP	1	\N	18	\N	\N
1036	Job		t	975575204	\N		2024-02-12 00:00:00-05	t	f	2024-03-21 11:30:34.028574-05	\N	f	2024-03-21 11:29:19.905007-05	2024-03-21 11:30:34.029841-05	17	1	A	EP	1	\N	18	\N	\N
1034	Henry		t	940854694	\N		2024-02-12 00:00:00-05	t	f	2024-03-21 11:30:34.043212-05	\N	f	2024-03-21 11:29:19.884695-05	2024-03-21 11:30:34.04435-05	17	1	A	EP	1	\N	18	\N	\N
1033	Luis		t	943662383	\N		2024-02-12 00:00:00-05	t	f	2024-03-21 11:30:34.049981-05	\N	f	2024-03-21 11:29:19.874332-05	2024-03-21 11:30:34.051079-05	16	1	A	EP	1	\N	18	\N	\N
1032	Isabel		t	989040042	\N		2024-02-12 00:00:00-05	t	f	2024-03-21 11:30:34.056299-05	\N	f	2024-03-21 11:29:19.865257-05	2024-03-21 11:30:34.056967-05	17	1	A	EP	1	\N	18	\N	\N
1031	Margot		t	974936309	\N		2024-02-12 00:00:00-05	t	f	2024-03-21 11:30:34.061552-05	\N	f	2024-03-21 11:29:19.855809-05	2024-03-21 11:30:34.062718-05	16	1	A	EP	1	\N	18	\N	\N
1030	Jean		t	927437604	\N		2024-02-12 00:00:00-05	t	f	2024-03-21 11:30:34.067763-05	\N	f	2024-03-21 11:29:19.846226-05	2024-03-21 11:30:34.069306-05	17	1	A	EP	1	\N	18	\N	\N
1028	Victor		t	961023100	\N		2024-02-12 00:00:00-05	t	f	2024-03-21 11:30:34.080841-05	\N	f	2024-03-21 11:29:19.829739-05	2024-03-21 11:30:34.081875-05	17	1	A	EP	1	\N	18	\N	\N
1027	Maria		t	958906068	\N		2024-02-12 00:00:00-05	t	f	2024-03-21 11:30:34.087556-05	\N	f	2024-03-21 11:29:19.820445-05	2024-03-21 11:30:34.088344-05	16	1	A	EP	1	\N	18	\N	\N
1026	Mariela		t	954738139	\N		2024-02-12 00:00:00-05	t	f	2024-03-21 11:30:34.09223-05	\N	f	2024-03-21 11:29:19.810433-05	2024-03-21 11:30:34.092889-05	17	1	A	EP	1	\N	18	\N	\N
1025	Eli		t	974224636	\N		2024-02-12 00:00:00-05	t	f	2024-03-21 11:30:34.098102-05	\N	f	2024-03-21 11:29:19.797476-05	2024-03-21 11:30:34.099312-05	16	1	A	EP	1	\N	18	\N	\N
1023	Milagros		t	966569521	\N		2024-02-12 00:00:00-05	t	f	2024-03-21 11:30:34.110933-05	\N	f	2024-03-21 11:29:19.767525-05	2024-03-21 11:30:34.111961-05	16	1	A	EP	1	\N	18	\N	\N
1022	Mireille		t	960087686	\N		2024-02-11 00:00:00-05	t	f	2024-03-21 11:30:34.117935-05	\N	f	2024-03-21 11:29:19.746696-05	2024-03-21 11:30:34.119425-05	17	1	A	EP	1	\N	18	\N	\N
1021	Olga		t	974784006	\N		2024-02-11 00:00:00-05	t	f	2024-03-21 11:30:34.124766-05	\N	f	2024-03-21 11:29:19.728032-05	2024-03-21 11:30:34.125774-05	16	1	A	EP	1	\N	18	\N	\N
1020	Yanet		t	921139456	\N		2024-02-11 00:00:00-05	t	f	2024-03-21 11:30:34.131406-05	\N	f	2024-03-21 11:29:19.715318-05	2024-03-21 11:30:34.132336-05	17	1	A	EP	1	\N	18	\N	\N
1019	Lesly		t	944399181	\N		2024-02-11 00:00:00-05	t	f	2024-03-21 11:30:34.138763-05	\N	f	2024-03-21 11:29:19.696366-05	2024-03-21 11:30:34.139576-05	16	1	A	EP	1	\N	18	\N	\N
1017	Rasec		t	963202436	\N		2024-02-11 00:00:00-05	t	f	2024-03-21 11:30:34.149946-05	\N	f	2024-03-21 11:29:19.640151-05	2024-03-21 11:30:34.151326-05	16	1	A	EP	1	\N	18	\N	\N
1016	Ed Rey		t	928296028	\N		2024-02-11 00:00:00-05	t	f	2024-03-21 11:30:34.155999-05	\N	f	2024-03-21 11:29:19.628208-05	2024-03-21 11:30:34.15671-05	17	1	A	EP	1	\N	18	\N	\N
1015	Asunci칩n		t	985957871	\N		2024-02-11 00:00:00-05	t	f	2024-03-21 11:30:34.162372-05	\N	f	2024-03-21 11:29:19.618899-05	2024-03-21 11:30:34.163562-05	16	1	A	EP	1	\N	18	\N	\N
1014	Ignacio		t	977576707	\N		2024-02-11 00:00:00-05	t	f	2024-03-21 11:30:34.169632-05	\N	f	2024-03-21 11:29:19.609662-05	2024-03-21 11:30:34.170784-05	17	1	A	EP	1	\N	18	\N	\N
1013	Marianela		t	939897617	\N		2024-02-11 00:00:00-05	t	f	2024-03-21 11:30:34.175793-05	\N	f	2024-03-21 11:29:19.598793-05	2024-03-21 11:30:34.176833-05	16	1	A	EP	1	\N	18	\N	\N
1011	Jorge		t	959924924	\N		2024-02-11 00:00:00-05	t	f	2024-03-21 11:30:34.189219-05	\N	f	2024-03-21 11:29:19.582322-05	2024-03-21 11:30:34.190219-05	16	1	A	EP	1	\N	18	\N	\N
1010	Bianca		t	987108487	\N		2024-02-11 00:00:00-05	t	f	2024-03-21 11:30:34.194595-05	\N	f	2024-03-21 11:29:19.572637-05	2024-03-21 11:30:34.195367-05	17	1	A	EP	1	\N	18	\N	\N
1009	Mario		t	981135947	\N		2024-02-11 00:00:00-05	t	f	2024-03-21 11:30:34.199871-05	\N	f	2024-03-21 11:29:19.564779-05	2024-03-21 11:30:34.201426-05	16	1	A	EP	1	\N	18	\N	\N
1008	Iris		t	989503160	\N		2024-02-11 00:00:00-05	t	f	2024-03-21 11:30:34.206784-05	\N	f	2024-03-21 11:29:19.555983-05	2024-03-21 11:30:34.207743-05	17	1	A	EP	1	\N	18	\N	\N
1006	Javier		t	958756982	\N		2024-02-11 00:00:00-05	t	f	2024-03-21 11:30:34.220503-05	\N	f	2024-03-21 11:29:19.53274-05	2024-03-21 11:30:34.221575-05	17	1	A	EP	1	\N	18	\N	\N
1005	Luz		t	948639070	\N		2024-02-11 00:00:00-05	t	f	2024-03-21 11:30:34.226538-05	\N	f	2024-03-21 11:29:19.521901-05	2024-03-21 11:30:34.227579-05	16	1	A	EP	1	\N	18	\N	\N
1004	Shirley		t	958885025	\N		2024-02-11 00:00:00-05	t	f	2024-03-21 11:30:34.233185-05	\N	f	2024-03-21 11:29:19.509701-05	2024-03-21 11:30:34.235031-05	17	1	A	EP	1	\N	18	\N	\N
1003	Antony		t	940184922	\N		2024-02-11 00:00:00-05	t	f	2024-03-21 11:30:34.24053-05	\N	f	2024-03-21 11:29:19.498653-05	2024-03-21 11:30:34.241476-05	16	1	A	EP	1	\N	18	\N	\N
1002	Jusin		t	956434629	\N		2024-02-11 00:00:00-05	t	f	2024-03-21 11:30:34.246756-05	\N	f	2024-03-21 11:29:19.487726-05	2024-03-21 11:30:34.247623-05	17	1	A	EP	1	\N	18	\N	\N
1000	Diomi		t	994313718	\N		2024-02-11 00:00:00-05	t	f	2024-03-21 11:30:34.26005-05	\N	f	2024-03-21 11:29:19.46615-05	2024-03-21 11:30:34.261053-05	17	1	A	EP	1	\N	18	\N	\N
999	Joel		t	929546267	\N		2024-02-10 00:00:00-05	t	f	2024-03-21 11:30:34.2659-05	\N	f	2024-03-21 11:29:19.454954-05	2024-03-21 11:30:34.266946-05	16	1	A	EP	1	\N	18	\N	\N
998	James		t	970001999	\N		2024-02-10 00:00:00-05	t	f	2024-03-21 11:30:34.272219-05	\N	f	2024-03-21 11:29:19.445361-05	2024-03-21 11:30:34.272886-05	17	1	A	EP	1	\N	18	\N	\N
997	Fernando		t	937578489	\N		2024-02-10 00:00:00-05	t	f	2024-03-21 11:30:34.277131-05	\N	f	2024-03-21 11:29:19.434215-05	2024-03-21 11:30:34.277778-05	16	1	A	EP	1	\N	18	\N	\N
995	Jose		t	996274482	\N		2024-02-10 00:00:00-05	t	f	2024-03-21 11:30:34.289517-05	\N	f	2024-03-21 11:29:19.412774-05	2024-03-21 11:30:34.29018-05	16	1	A	EP	1	\N	18	\N	\N
994	Julio		t	918689510	\N		2024-02-10 00:00:00-05	t	f	2024-03-21 11:30:34.293972-05	\N	f	2024-03-21 11:29:19.402561-05	2024-03-21 11:30:34.294666-05	17	1	A	EP	1	\N	18	\N	\N
993	Giuliana		t	987719093	\N		2024-02-10 00:00:00-05	t	f	2024-03-21 11:30:34.299778-05	\N	f	2024-03-21 11:29:19.391044-05	2024-03-21 11:30:34.301555-05	16	1	A	EP	1	\N	18	\N	\N
992	Andr칠s		t	953268917	\N		2024-02-10 00:00:00-05	t	f	2024-03-21 11:30:34.307156-05	\N	f	2024-03-21 11:29:19.382747-05	2024-03-21 11:30:34.308202-05	17	1	A	EP	1	\N	18	\N	\N
991	Javier		t	938272501	\N		2024-02-10 00:00:00-05	t	f	2024-03-21 11:30:34.313686-05	\N	f	2024-03-21 11:29:19.373416-05	2024-03-21 11:30:34.314718-05	16	1	A	EP	1	\N	18	\N	\N
989	Maria		t	989874260	\N		2024-02-10 00:00:00-05	t	f	2024-03-21 11:30:34.325828-05	\N	f	2024-03-21 11:29:19.355352-05	2024-03-21 11:30:34.326522-05	16	1	A	EP	1	\N	18	\N	\N
988	Daniela		t	994895558	\N		2024-02-10 00:00:00-05	t	f	2024-03-21 11:30:34.330859-05	\N	f	2024-03-21 11:29:19.346437-05	2024-03-21 11:30:34.331524-05	17	1	A	EP	1	\N	18	\N	\N
987	S/N		t	997625067	\N		2024-02-10 00:00:00-05	t	f	2024-03-21 11:30:34.337044-05	\N	f	2024-03-21 11:29:19.336372-05	2024-03-21 11:30:34.337916-05	16	1	A	EP	1	\N	18	\N	\N
986	Dayana		t	964503873	\N		2024-02-10 00:00:00-05	t	f	2024-03-21 11:30:34.343471-05	\N	f	2024-03-21 11:29:19.326963-05	2024-03-21 11:30:34.34461-05	17	1	A	EP	1	\N	18	\N	\N
1105	Alejandra		t	998189222	\N		2024-02-16 00:00:00-05	t	f	2024-03-21 11:30:33.594129-05	\N	f	2024-03-21 11:29:20.634836-05	2024-03-21 11:30:33.594885-05	16	1	A	EP	1	\N	18	\N	\N
1104	S/N		t	958339276	\N		2024-02-16 00:00:00-05	t	f	2024-03-21 11:30:33.599444-05	\N	f	2024-03-21 11:29:20.627025-05	2024-03-21 11:30:33.600671-05	17	1	A	EP	1	\N	18	\N	\N
1103	Edwin		t	945470100	\N		2024-02-16 00:00:00-05	t	f	2024-03-21 11:30:33.605634-05	\N	f	2024-03-21 11:29:20.616712-05	2024-03-21 11:30:33.606615-05	16	1	A	EP	1	\N	18	\N	\N
1102	S/N		t	958686885	\N		2024-02-16 00:00:00-05	t	f	2024-03-21 11:30:33.612382-05	\N	f	2024-03-21 11:29:20.606392-05	2024-03-21 11:30:33.613408-05	17	1	A	EP	1	\N	18	\N	\N
1100	S/N		t	928269028	\N		2024-02-16 00:00:00-05	t	f	2024-03-21 11:30:33.623969-05	\N	f	2024-03-21 11:29:20.585783-05	2024-03-21 11:30:33.624723-05	17	1	A	EP	1	\N	18	\N	\N
1099	Luz		t	963775409	\N		2024-02-16 00:00:00-05	t	f	2024-03-21 11:30:33.628638-05	\N	f	2024-03-21 11:29:20.57677-05	2024-03-21 11:30:33.629546-05	16	1	A	EP	1	\N	18	\N	\N
1098	S/N		t	969056849	\N		2024-02-15 00:00:00-05	t	f	2024-03-21 11:30:33.634279-05	\N	f	2024-03-21 11:29:20.566887-05	2024-03-21 11:30:33.635849-05	17	1	A	EP	1	\N	18	\N	\N
1097	Deybi		t	970545228	\N		2024-02-15 00:00:00-05	t	f	2024-03-21 11:30:33.641215-05	\N	f	2024-03-21 11:29:20.55726-05	2024-03-21 11:30:33.642132-05	16	1	A	EP	1	\N	18	\N	\N
1095	Flavio		t	959563196	\N		2024-02-15 00:00:00-05	t	f	2024-03-21 11:30:33.653603-05	\N	f	2024-03-21 11:29:20.536674-05	2024-03-21 11:30:33.654663-05	16	1	A	EP	1	\N	18	\N	\N
1094	S/N		t	954867887	\N		2024-02-15 00:00:00-05	t	f	2024-03-21 11:30:33.659938-05	\N	f	2024-03-21 11:29:20.525104-05	2024-03-21 11:30:33.661065-05	17	1	A	EP	1	\N	18	\N	\N
1093	Sonia		t	982386820	\N		2024-02-15 00:00:00-05	t	f	2024-03-21 11:30:33.666631-05	\N	f	2024-03-21 11:29:20.51542-05	2024-03-21 11:30:33.668691-05	16	1	A	EP	1	\N	18	\N	\N
1092	S/N		t	943581484	\N		2024-02-15 00:00:00-05	t	f	2024-03-21 11:30:33.67388-05	\N	f	2024-03-21 11:29:20.50555-05	2024-03-21 11:30:33.674605-05	17	1	A	EP	1	\N	18	\N	\N
1091	Carolina		t	949835351	\N		2024-02-15 00:00:00-05	t	f	2024-03-21 11:30:33.678372-05	\N	f	2024-03-21 11:29:20.4961-05	2024-03-21 11:30:33.679164-05	16	1	A	EP	1	\N	18	\N	\N
1089	Ana Mar칤a		t	938428237	\N		2024-02-15 00:00:00-05	t	f	2024-03-21 11:30:33.689762-05	\N	f	2024-03-21 11:29:20.475563-05	2024-03-21 11:30:33.690732-05	16	1	A	EP	1	\N	18	\N	\N
1088	S/N		t	987899100	\N		2024-02-15 00:00:00-05	t	f	2024-03-21 11:30:33.695473-05	\N	f	2024-03-21 11:29:20.46575-05	2024-03-21 11:30:33.696649-05	17	1	A	EP	1	\N	18	\N	\N
1087	S/N		t	993041346	\N		2024-02-15 00:00:00-05	t	f	2024-03-21 11:30:33.704566-05	\N	f	2024-03-21 11:29:20.456162-05	2024-03-21 11:30:33.705453-05	16	1	A	EP	1	\N	18	\N	\N
1086	S/N		t	5.21669E+12	\N		2024-02-15 00:00:00-05	t	f	2024-03-21 11:30:33.710533-05	\N	f	2024-03-21 11:29:20.447049-05	2024-03-21 11:30:33.711572-05	17	1	A	EP	1	\N	18	\N	\N
1084	Daniel		t	952617271	\N		2024-02-15 00:00:00-05	t	f	2024-03-21 11:30:33.722879-05	\N	f	2024-03-21 11:29:20.428878-05	2024-03-21 11:30:33.723676-05	17	1	A	EP	1	\N	18	\N	\N
1083	Leo		t	932913365	\N		2024-02-15 00:00:00-05	t	f	2024-03-21 11:30:33.728888-05	\N	f	2024-03-21 11:29:20.415057-05	2024-03-21 11:30:33.730112-05	16	1	A	EP	1	\N	18	\N	\N
1082	Katy		t	990970832	\N		2024-02-15 00:00:00-05	t	f	2024-03-21 11:30:33.735254-05	\N	f	2024-03-21 11:29:20.396632-05	2024-03-21 11:30:33.736585-05	17	1	A	EP	1	\N	18	\N	\N
1081	S/N		t	982986820	\N		2024-02-15 00:00:00-05	t	f	2024-03-21 11:30:33.741637-05	\N	f	2024-03-21 11:29:20.370017-05	2024-03-21 11:30:33.742656-05	16	1	A	EP	1	\N	18	\N	\N
1080	Sonia		t	983899384	\N		2024-02-15 00:00:00-05	t	f	2024-03-21 11:30:33.74784-05	\N	f	2024-03-21 11:29:20.348498-05	2024-03-21 11:30:33.748663-05	17	1	A	EP	1	\N	18	\N	\N
1078	Iv치n		t	951968824	\N		2024-02-15 00:00:00-05	t	f	2024-03-21 11:30:33.761049-05	\N	f	2024-03-21 11:29:20.311477-05	2024-03-21 11:30:33.761894-05	17	1	A	EP	1	\N	18	\N	\N
1077	S/N		t	936364901	\N		2024-02-15 00:00:00-05	t	f	2024-03-21 11:30:33.767746-05	\N	f	2024-03-21 11:29:20.300686-05	2024-03-21 11:30:33.769275-05	16	1	A	EP	1	\N	18	\N	\N
1076	Jose		t	991912655	\N		2024-02-15 00:00:00-05	t	f	2024-03-21 11:30:33.774382-05	\N	f	2024-03-21 11:29:20.290738-05	2024-03-21 11:30:33.775403-05	17	1	A	EP	1	\N	18	\N	\N
1075	Irma		t	959903073	\N		2024-02-15 00:00:00-05	t	f	2024-03-21 11:30:33.780365-05	\N	f	2024-03-21 11:29:20.280913-05	2024-03-21 11:30:33.781266-05	16	1	A	EP	1	\N	18	\N	\N
1074	Franco		t	930340205	\N		2024-02-14 00:00:00-05	t	f	2024-03-21 11:30:33.787146-05	\N	f	2024-03-21 11:29:20.271056-05	2024-03-21 11:30:33.788034-05	17	1	A	EP	1	\N	18	\N	\N
1072	Adrian		t	966734467	\N		2024-02-14 00:00:00-05	t	f	2024-03-21 11:30:33.799994-05	\N	f	2024-03-21 11:29:20.250805-05	2024-03-21 11:30:33.801364-05	17	1	A	EP	1	\N	18	\N	\N
1071	Luis		t	983114382	\N		2024-02-14 00:00:00-05	t	f	2024-03-21 11:30:33.806503-05	\N	f	2024-03-21 11:29:20.241262-05	2024-03-21 11:30:33.807226-05	16	1	A	EP	1	\N	18	\N	\N
1070	Reina		t	985824334	\N		2024-02-14 00:00:00-05	t	f	2024-03-21 11:30:33.811518-05	\N	f	2024-03-21 11:29:20.233527-05	2024-03-21 11:30:33.812256-05	17	1	A	EP	1	\N	18	\N	\N
1069	Berly		t	959940147	\N		2024-02-14 00:00:00-05	t	f	2024-03-21 11:30:33.816985-05	\N	f	2024-03-21 11:29:20.224178-05	2024-03-21 11:30:33.818353-05	16	1	A	EP	1	\N	18	\N	\N
1067	Ysela		t	981811593	\N		2024-02-14 00:00:00-05	t	f	2024-03-21 11:30:33.830641-05	\N	f	2024-03-21 11:29:20.207168-05	2024-03-21 11:30:33.831731-05	16	1	A	EP	1	\N	18	\N	\N
1066	Daniel		t	929974951	\N		2024-02-14 00:00:00-05	t	f	2024-03-21 11:30:33.837718-05	\N	f	2024-03-21 11:29:20.197964-05	2024-03-21 11:30:33.838712-05	17	1	A	EP	1	\N	18	\N	\N
1065	Diego		t	959223796	\N		2024-02-14 00:00:00-05	t	f	2024-03-21 11:30:33.84413-05	\N	f	2024-03-21 11:29:20.188611-05	2024-03-21 11:30:33.845158-05	16	1	A	EP	1	\N	18	\N	\N
1064	Hern치n		t	953050726	\N		2024-02-14 00:00:00-05	t	f	2024-03-21 11:30:33.851322-05	\N	f	2024-03-21 11:29:20.180994-05	2024-03-21 11:30:33.853009-05	17	1	A	EP	1	\N	18	\N	\N
1063	S/N		t	978888016	\N		2024-02-14 00:00:00-05	t	f	2024-03-21 11:30:33.858485-05	\N	f	2024-03-21 11:29:20.171678-05	2024-03-21 11:30:33.859588-05	16	1	A	EP	1	\N	18	\N	\N
1061	S/N		t	999917058	\N		2024-02-14 00:00:00-05	t	f	2024-03-21 11:30:33.872222-05	\N	f	2024-03-21 11:29:20.152083-05	2024-03-21 11:30:33.873232-05	16	1	A	EP	1	\N	18	\N	\N
1060	S/N		t	974267343	\N		2024-02-14 00:00:00-05	t	f	2024-03-21 11:30:33.878311-05	\N	f	2024-03-21 11:29:20.143289-05	2024-03-21 11:30:33.87949-05	17	1	A	EP	1	\N	18	\N	\N
1059	Victor		t	958358516	\N		2024-02-14 00:00:00-05	t	f	2024-03-21 11:30:33.885595-05	\N	f	2024-03-21 11:29:20.133092-05	2024-03-21 11:30:33.88666-05	16	1	A	EP	1	\N	18	\N	\N
1058	Roberto		t	900759410	\N		2024-02-14 00:00:00-05	t	f	2024-03-21 11:30:33.89209-05	\N	f	2024-03-21 11:29:20.122314-05	2024-03-21 11:30:33.89286-05	17	1	A	EP	1	\N	18	\N	\N
1056	Edilberto		t	996593018	\N		2024-02-14 00:00:00-05	t	f	2024-03-21 11:30:33.90338-05	\N	f	2024-03-21 11:29:20.102455-05	2024-03-21 11:30:33.904294-05	17	1	A	EP	1	\N	18	\N	\N
1055	Juan		t	958646839	\N		2024-02-14 00:00:00-05	t	f	2024-03-21 11:30:33.909053-05	\N	f	2024-03-21 11:29:20.091671-05	2024-03-21 11:30:33.909821-05	16	1	A	EP	1	\N	18	\N	\N
1054	Evelyn		t	912004467	\N		2024-02-14 00:00:00-05	t	f	2024-03-21 11:30:33.915224-05	\N	f	2024-03-21 11:29:20.082943-05	2024-03-21 11:30:33.916185-05	17	1	A	EP	1	\N	18	\N	\N
1053	Cahuide		t	993435258	\N		2024-02-14 00:00:00-05	t	f	2024-03-21 11:30:33.922259-05	\N	f	2024-03-21 11:29:20.072664-05	2024-03-21 11:30:33.923208-05	16	1	A	EP	1	\N	18	\N	\N
1052	Julia		t	947679784	\N		2024-02-14 00:00:00-05	t	f	2024-03-21 11:30:33.928258-05	\N	f	2024-03-21 11:29:20.06416-05	2024-03-21 11:30:33.929401-05	17	1	A	EP	1	\N	18	\N	\N
1050	Fredy		t	952250940	\N		2024-02-14 00:00:00-05	t	f	2024-03-21 11:30:33.941861-05	\N	f	2024-03-21 11:29:20.044874-05	2024-03-21 11:30:33.943245-05	17	1	A	EP	1	\N	18	\N	\N
1049	GianCarlo		t	958090703	\N		2024-02-14 00:00:00-05	t	f	2024-03-21 11:30:33.948258-05	\N	f	2024-03-21 11:29:20.032053-05	2024-03-21 11:30:33.94914-05	16	1	A	EP	1	\N	18	\N	\N
1048	Lino		t	997520506	\N		2024-02-13 00:00:00-05	t	f	2024-03-21 11:30:33.954362-05	\N	f	2024-03-21 11:29:20.021747-05	2024-03-21 11:30:33.955146-05	17	1	A	EP	1	\N	18	\N	\N
1047	Jhoel		t	943570617	\N		2024-02-13 00:00:00-05	t	f	2024-03-21 11:30:33.959682-05	\N	f	2024-03-21 11:29:20.007795-05	2024-03-21 11:30:33.96038-05	16	1	A	EP	1	\N	18	\N	\N
1166	Joan		t	930303901	\N		2024-02-17 00:00:00-05	t	f	2024-03-21 11:30:33.197189-05	\N	f	2024-03-21 11:29:21.298372-05	2024-03-21 11:30:33.197868-05	17	1	A	EP	1	\N	18	\N	\N
1165	S/N		t	957828971	\N		2024-02-17 00:00:00-05	t	f	2024-03-21 11:30:33.203519-05	\N	f	2024-03-21 11:29:21.288532-05	2024-03-21 11:30:33.204572-05	16	1	A	EP	1	\N	18	\N	\N
1164	Carmen		t	959146093	\N		2024-02-17 00:00:00-05	t	f	2024-03-21 11:30:33.209514-05	\N	f	2024-03-21 11:29:21.278856-05	2024-03-21 11:30:33.21036-05	17	1	A	EP	1	\N	18	\N	\N
1163	Ang칠lica		t	987017937	\N		2024-02-17 00:00:00-05	t	f	2024-03-21 11:30:33.215459-05	\N	f	2024-03-21 11:29:21.268818-05	2024-03-21 11:30:33.216325-05	16	1	A	EP	1	\N	18	\N	\N
1161	Edith		t	957574888	\N		2024-02-17 00:00:00-05	t	f	2024-03-21 11:30:33.2273-05	\N	f	2024-03-21 11:29:21.248477-05	2024-03-21 11:30:33.228361-05	16	1	A	EP	1	\N	18	\N	\N
1160	S/N		t	947439672	\N		2024-02-17 00:00:00-05	t	f	2024-03-21 11:30:33.233954-05	\N	f	2024-03-21 11:29:21.238379-05	2024-03-21 11:30:33.235591-05	17	1	A	EP	1	\N	18	\N	\N
1159	Silver		t	953940742	\N		2024-02-17 00:00:00-05	t	f	2024-03-21 11:30:33.241042-05	\N	f	2024-03-21 11:29:21.228934-05	2024-03-21 11:30:33.24192-05	16	1	A	EP	1	\N	18	\N	\N
1158	Deysi		t	970601356	\N		2024-02-17 00:00:00-05	t	f	2024-03-21 11:30:33.247429-05	\N	f	2024-03-21 11:29:21.217805-05	2024-03-21 11:30:33.248419-05	17	1	A	EP	1	\N	18	\N	\N
1156	S/N		t	943834566	\N		2024-02-17 00:00:00-05	t	f	2024-03-21 11:30:33.260542-05	\N	f	2024-03-21 11:29:21.200035-05	2024-03-21 11:30:33.261646-05	17	1	A	EP	1	\N	18	\N	\N
1155	Elvis		t	949252869	\N		2024-02-17 00:00:00-05	t	f	2024-03-21 11:30:33.267271-05	\N	f	2024-03-21 11:29:21.190969-05	2024-03-21 11:30:33.268531-05	16	1	A	EP	1	\N	18	\N	\N
1154	Liliana		t	954637831	\N		2024-02-17 00:00:00-05	t	f	2024-03-21 11:30:33.273965-05	\N	f	2024-03-21 11:29:21.182396-05	2024-03-21 11:30:33.274934-05	17	1	A	EP	1	\N	18	\N	\N
1153	Wilbert		t	978658600	\N		2024-02-17 00:00:00-05	t	f	2024-03-21 11:30:33.279477-05	\N	f	2024-03-21 11:29:21.172669-05	2024-03-21 11:30:33.280301-05	16	1	A	EP	1	\N	18	\N	\N
1152	Celso		t	932263492	\N		2024-02-17 00:00:00-05	t	f	2024-03-21 11:30:33.285978-05	\N	f	2024-03-21 11:29:21.161539-05	2024-03-21 11:30:33.287095-05	17	1	A	EP	1	\N	18	\N	\N
1150	Mary		t	981320508	\N		2024-02-17 00:00:00-05	t	f	2024-03-21 11:30:33.298562-05	\N	f	2024-03-21 11:29:21.140881-05	2024-03-21 11:30:33.299838-05	17	1	A	EP	1	\N	18	\N	\N
1149	Gloria		t	965722704	\N		2024-02-17 00:00:00-05	t	f	2024-03-21 11:30:33.306207-05	\N	f	2024-03-21 11:29:21.131327-05	2024-03-21 11:30:33.307229-05	16	1	A	EP	1	\N	18	\N	\N
1148	Jeremy		t	963289833	\N		2024-02-17 00:00:00-05	t	f	2024-03-21 11:30:33.312475-05	\N	f	2024-03-21 11:29:21.119066-05	2024-03-21 11:30:33.313562-05	17	1	A	EP	1	\N	18	\N	\N
1147	Danny		t	984002497	\N		2024-02-17 00:00:00-05	t	f	2024-03-21 11:30:33.319357-05	\N	f	2024-03-21 11:29:21.10904-05	2024-03-21 11:30:33.320398-05	16	1	A	EP	1	\N	18	\N	\N
1145	Kath		t	907107850	\N		2024-02-17 00:00:00-05	t	f	2024-03-21 11:30:33.332695-05	\N	f	2024-03-21 11:29:21.088358-05	2024-03-21 11:30:33.333903-05	16	1	A	EP	1	\N	18	\N	\N
1144	Naty		t	976357399	\N		2024-02-17 00:00:00-05	t	f	2024-03-21 11:30:33.339526-05	\N	f	2024-03-21 11:29:21.079994-05	2024-03-21 11:30:33.34029-05	17	1	A	EP	1	\N	18	\N	\N
1143	Ed		t	928208900	\N		2024-02-17 00:00:00-05	t	f	2024-03-21 11:30:33.344724-05	\N	f	2024-03-21 11:29:21.069993-05	2024-03-21 11:30:33.345549-05	16	1	A	EP	1	\N	18	\N	\N
1142	Daniel		t	920611765	\N		2024-02-17 00:00:00-05	t	f	2024-03-21 11:30:33.350624-05	\N	f	2024-03-21 11:29:21.05938-05	2024-03-21 11:30:33.351981-05	17	1	A	EP	1	\N	18	\N	\N
1141	Jesus		t	984819410	\N		2024-02-17 00:00:00-05	t	f	2024-03-21 11:30:33.356828-05	\N	f	2024-03-21 11:29:21.050781-05	2024-03-21 11:30:33.357583-05	16	1	A	EP	1	\N	18	\N	\N
1139	Rosa		t	958977886	\N		2024-02-17 00:00:00-05	t	f	2024-03-21 11:30:33.369828-05	\N	f	2024-03-21 11:29:21.033303-05	2024-03-21 11:30:33.371158-05	16	1	A	EP	1	\N	18	\N	\N
1138	Fernando		t	957628200	\N		2024-02-17 00:00:00-05	t	f	2024-03-21 11:30:33.376216-05	\N	f	2024-03-21 11:29:21.024117-05	2024-03-21 11:30:33.377199-05	17	1	A	EP	1	\N	18	\N	\N
1137	Graciela		t	940399583	\N		2024-02-17 00:00:00-05	t	f	2024-03-21 11:30:33.382764-05	\N	f	2024-03-21 11:29:21.015057-05	2024-03-21 11:30:33.38398-05	16	1	A	EP	1	\N	18	\N	\N
1136	Richard		t	940240054	\N		2024-02-16 00:00:00-05	t	f	2024-03-21 11:30:33.389114-05	\N	f	2024-03-21 11:29:21.003628-05	2024-03-21 11:30:33.389783-05	17	1	A	EP	1	\N	18	\N	\N
1135	Cesar		t	987845618	\N		2024-02-16 00:00:00-05	t	f	2024-03-21 11:30:33.39426-05	\N	f	2024-03-21 11:29:20.994371-05	2024-03-21 11:30:33.395136-05	16	1	A	EP	1	\N	18	\N	\N
1133	S/N		t	966711287	\N		2024-02-16 00:00:00-05	t	f	2024-03-21 11:30:33.408225-05	\N	f	2024-03-21 11:29:20.973781-05	2024-03-21 11:30:33.409272-05	16	1	A	EP	1	\N	18	\N	\N
1132	Armando		t	973260534	\N		2024-02-16 00:00:00-05	t	f	2024-03-21 11:30:33.414458-05	\N	f	2024-03-21 11:29:20.965084-05	2024-03-21 11:30:33.41538-05	17	1	A	EP	1	\N	18	\N	\N
1131	S/N		t	987486725	\N		2024-02-16 00:00:00-05	t	f	2024-03-21 11:30:33.421592-05	\N	f	2024-03-21 11:29:20.954914-05	2024-03-21 11:30:33.422696-05	16	1	A	EP	1	\N	18	\N	\N
1130	Loreni		t	983469987	\N		2024-02-16 00:00:00-05	t	f	2024-03-21 11:30:33.427943-05	\N	f	2024-03-21 11:29:20.94563-05	2024-03-21 11:30:33.428832-05	17	1	A	EP	1	\N	18	\N	\N
1128	Giovanny		t	959622008	\N		2024-02-16 00:00:00-05	t	f	2024-03-21 11:30:33.442872-05	\N	f	2024-03-21 11:29:20.926084-05	2024-03-21 11:30:33.443697-05	17	1	A	EP	1	\N	18	\N	\N
1127	Juancho		t	956274171	\N		2024-02-16 00:00:00-05	t	f	2024-03-21 11:30:33.453101-05	\N	f	2024-03-21 11:29:20.917213-05	2024-03-21 11:30:33.45492-05	16	1	A	EP	1	\N	18	\N	\N
1126	S/N		t	984238175	\N		2024-02-16 00:00:00-05	t	f	2024-03-21 11:30:33.460253-05	\N	f	2024-03-21 11:29:20.907467-05	2024-03-21 11:30:33.461094-05	17	1	A	EP	1	\N	18	\N	\N
1125	Andy		t	973196982	\N		2024-02-16 00:00:00-05	t	f	2024-03-21 11:30:33.467399-05	\N	f	2024-03-21 11:29:20.899172-05	2024-03-21 11:30:33.469057-05	16	1	A	EP	1	\N	18	\N	\N
1124	Jenny		t	931207251	\N		2024-02-16 00:00:00-05	t	f	2024-03-21 11:30:33.474745-05	\N	f	2024-03-21 11:29:20.889782-05	2024-03-21 11:30:33.475861-05	17	1	A	EP	1	\N	18	\N	\N
1122	Allison		t	932574275	\N		2024-02-16 00:00:00-05	t	f	2024-03-21 11:30:33.488539-05	\N	f	2024-03-21 11:29:20.870034-05	2024-03-21 11:30:33.48971-05	17	1	A	EP	1	\N	18	\N	\N
1121	Isabel		t	959963966	\N		2024-02-16 00:00:00-05	t	f	2024-03-21 11:30:33.495017-05	\N	f	2024-03-21 11:29:20.86096-05	2024-03-21 11:30:33.496294-05	16	1	A	EP	1	\N	18	\N	\N
1120	Franklin		t	932116508	\N		2024-02-16 00:00:00-05	t	f	2024-03-21 11:30:33.503584-05	\N	f	2024-03-21 11:29:20.850276-05	2024-03-21 11:30:33.504931-05	17	1	A	EP	1	\N	18	\N	\N
1119	Carmen		t	958782012	\N		2024-02-16 00:00:00-05	t	f	2024-03-21 11:30:33.510291-05	\N	f	2024-03-21 11:29:20.839652-05	2024-03-21 11:30:33.511441-05	16	1	A	EP	1	\N	18	\N	\N
1118	Anibal		t	994924546	\N		2024-02-16 00:00:00-05	t	f	2024-03-21 11:30:33.518906-05	\N	f	2024-03-21 11:29:20.829918-05	2024-03-21 11:30:33.520059-05	17	1	A	EP	1	\N	18	\N	\N
1116	Tania		t	900031389	\N		2024-02-16 00:00:00-05	t	f	2024-03-21 11:30:33.528881-05	\N	f	2024-03-21 11:29:20.810096-05	2024-03-21 11:30:33.529716-05	17	1	A	EP	1	\N	18	\N	\N
1115	Ricardo		t	976684216	\N		2024-02-16 00:00:00-05	t	f	2024-03-21 11:30:33.534597-05	\N	f	2024-03-21 11:29:20.798925-05	2024-03-21 11:30:33.535848-05	16	1	A	EP	1	\N	18	\N	\N
1114	Nereyda		t	958615392	\N		2024-02-16 00:00:00-05	t	f	2024-03-21 11:30:33.540145-05	\N	f	2024-03-21 11:29:20.78367-05	2024-03-21 11:30:33.540828-05	17	1	A	EP	1	\N	18	\N	\N
1113	Fabiola		t	980166373	\N		2024-02-16 00:00:00-05	t	f	2024-03-21 11:30:33.544608-05	\N	f	2024-03-21 11:29:20.768234-05	2024-03-21 11:30:33.545844-05	16	1	A	EP	1	\N	18	\N	\N
1111	Gustavo		t	958754243	\N		2024-02-16 00:00:00-05	t	f	2024-03-21 11:30:33.55863-05	\N	f	2024-03-21 11:29:20.722072-05	2024-03-21 11:30:33.559721-05	16	1	A	EP	1	\N	18	\N	\N
1110	Lucio		t	953521145	\N		2024-02-16 00:00:00-05	t	f	2024-03-21 11:30:33.564901-05	\N	f	2024-03-21 11:29:20.692922-05	2024-03-21 11:30:33.565733-05	17	1	A	EP	1	\N	18	\N	\N
1109	Elizabeth		t	959185191	\N		2024-02-16 00:00:00-05	t	f	2024-03-21 11:30:33.571181-05	\N	f	2024-03-21 11:29:20.672966-05	2024-03-21 11:30:33.57194-05	16	1	A	EP	1	\N	18	\N	\N
1108	Vane		t	999470032	\N		2024-02-16 00:00:00-05	t	f	2024-03-21 11:30:33.575973-05	\N	f	2024-03-21 11:29:20.663541-05	2024-03-21 11:30:33.577048-05	17	1	A	EP	1	\N	18	\N	\N
1107	Bonifacio		t	992277740	\N		2024-02-16 00:00:00-05	t	f	2024-03-21 11:30:33.582639-05	\N	f	2024-03-21 11:29:20.653697-05	2024-03-21 11:30:33.583726-05	16	1	A	EP	1	\N	18	\N	\N
1370	Fernando		t	948047343	\N		2024-02-24 00:00:00-05	t	f	2024-03-21 11:30:31-05	\N	f	2024-03-21 11:29:23-05	2024-03-24 14:01:56.548383-05	17	1	I	EP	1	\N	18	\N	6
1227	Alisson		t	983350154	\N		2024-02-19 00:00:00-05	t	f	2024-03-21 11:30:32.796636-05	\N	f	2024-03-21 11:29:21.870371-05	2024-03-21 11:30:32.79767-05	16	1	A	EP	1	\N	18	\N	\N
1226	Mia		t	958964259	\N		2024-02-19 00:00:00-05	t	f	2024-03-21 11:30:32.803567-05	\N	f	2024-03-21 11:29:21.862644-05	2024-03-21 11:30:32.804374-05	17	1	A	EP	1	\N	18	\N	\N
1225	S/N		t	920427304	\N		2024-02-19 00:00:00-05	t	f	2024-03-21 11:30:32.808811-05	\N	f	2024-03-21 11:29:21.852234-05	2024-03-21 11:30:32.809981-05	16	1	A	EP	1	\N	18	\N	\N
1224	S/N		t	980423138	\N		2024-02-19 00:00:00-05	t	f	2024-03-21 11:30:32.814569-05	\N	f	2024-03-21 11:29:21.842853-05	2024-03-21 11:30:32.815335-05	17	1	A	EP	1	\N	18	\N	\N
1222	Benilda		t	990564619	\N		2024-02-19 00:00:00-05	t	f	2024-03-21 11:30:32.826474-05	\N	f	2024-03-21 11:29:21.8234-05	2024-03-21 11:30:32.827555-05	17	1	A	EP	1	\N	18	\N	\N
1221	S/N		t	951756829	\N		2024-02-19 00:00:00-05	t	f	2024-03-21 11:30:32.833263-05	\N	f	2024-03-21 11:29:21.814823-05	2024-03-21 11:30:32.83491-05	16	1	A	EP	1	\N	18	\N	\N
1220	Roxana		t	994975946	\N		2024-02-19 00:00:00-05	t	f	2024-03-21 11:30:32.841159-05	\N	f	2024-03-21 11:29:21.806727-05	2024-03-21 11:30:32.841996-05	17	1	A	EP	1	\N	18	\N	\N
1219	Angelito		t	970913719	\N		2024-02-19 00:00:00-05	t	f	2024-03-21 11:30:32.847284-05	\N	f	2024-03-21 11:29:21.799491-05	2024-03-21 11:30:32.848206-05	16	1	A	EP	1	\N	18	\N	\N
1217	Jady		t	925487858	\N		2024-02-19 00:00:00-05	t	f	2024-03-21 11:30:32.858808-05	\N	f	2024-03-21 11:29:21.783222-05	2024-03-21 11:30:32.859479-05	16	1	A	EP	1	\N	18	\N	\N
1216	S/N		t	950336859	\N		2024-02-19 00:00:00-05	t	f	2024-03-21 11:30:32.863843-05	\N	f	2024-03-21 11:29:21.772406-05	2024-03-21 11:30:32.864803-05	17	1	A	EP	1	\N	18	\N	\N
1215	Ivan		t	953335254	\N		2024-02-19 00:00:00-05	t	f	2024-03-21 11:30:32.870838-05	\N	f	2024-03-21 11:29:21.763398-05	2024-03-21 11:30:32.872062-05	16	1	A	EP	1	\N	18	\N	\N
1214	S/N		t	982653742	\N		2024-02-19 00:00:00-05	t	f	2024-03-21 11:30:32.876884-05	\N	f	2024-03-21 11:29:21.754591-05	2024-03-21 11:30:32.877629-05	17	1	A	EP	1	\N	18	\N	\N
1213	S/N		t	973615410	\N		2024-02-19 00:00:00-05	t	f	2024-03-21 11:30:32.882672-05	\N	f	2024-03-21 11:29:21.747225-05	2024-03-21 11:30:32.883827-05	16	1	A	EP	1	\N	18	\N	\N
1211	Eva		t	976628321	\N		2024-02-19 00:00:00-05	t	f	2024-03-21 11:30:32.896696-05	\N	f	2024-03-21 11:29:21.731433-05	2024-03-21 11:30:32.897871-05	16	1	A	EP	1	\N	18	\N	\N
1210	S/N		t	957494128	\N		2024-02-19 00:00:00-05	t	f	2024-03-21 11:30:32.904085-05	\N	f	2024-03-21 11:29:21.721366-05	2024-03-21 11:30:32.905248-05	17	1	A	EP	1	\N	18	\N	\N
1209	William		t	910068896	\N		2024-02-19 00:00:00-05	t	f	2024-03-21 11:30:32.909884-05	\N	f	2024-03-21 11:29:21.714066-05	2024-03-21 11:30:32.910672-05	16	1	A	EP	1	\N	18	\N	\N
1208	Sonia		t	914238475	\N		2024-02-19 00:00:00-05	t	f	2024-03-21 11:30:32.915465-05	\N	f	2024-03-21 11:29:21.704833-05	2024-03-21 11:30:32.91645-05	17	1	A	EP	1	\N	18	\N	\N
1206	S/N		t	957993993	\N		2024-02-18 00:00:00-05	t	f	2024-03-21 11:30:32.928519-05	\N	f	2024-03-21 11:29:21.687453-05	2024-03-21 11:30:32.929669-05	17	1	A	EP	1	\N	18	\N	\N
1205	S/N		t	924446651	\N		2024-02-18 00:00:00-05	t	f	2024-03-21 11:30:32.937631-05	\N	f	2024-03-21 11:29:21.680333-05	2024-03-21 11:30:32.938658-05	16	1	A	EP	1	\N	18	\N	\N
1204	Liz		t	991721126	\N		2024-02-18 00:00:00-05	t	f	2024-03-21 11:30:32.943758-05	\N	f	2024-03-21 11:29:21.670631-05	2024-03-21 11:30:32.944788-05	17	1	A	EP	1	\N	18	\N	\N
1203	S/N		t	989382478	\N		2024-02-18 00:00:00-05	t	f	2024-03-21 11:30:32.950396-05	\N	f	2024-03-21 11:29:21.660986-05	2024-03-21 11:30:32.951669-05	16	1	A	EP	1	\N	18	\N	\N
1202	Susana		t	959287821	\N		2024-02-18 00:00:00-05	t	f	2024-03-21 11:30:32.95695-05	\N	f	2024-03-21 11:29:21.651259-05	2024-03-21 11:30:32.957892-05	17	1	A	EP	1	\N	18	\N	\N
1200	Beto		t	953769359	\N		2024-02-18 00:00:00-05	t	f	2024-03-21 11:30:32.969782-05	\N	f	2024-03-21 11:29:21.631598-05	2024-03-21 11:30:32.970768-05	17	1	A	EP	1	\N	18	\N	\N
1199	Antuaneth		t	922210337	\N		2024-02-18 00:00:00-05	t	f	2024-03-21 11:30:32.975735-05	\N	f	2024-03-21 11:29:21.621519-05	2024-03-21 11:30:32.976396-05	16	1	A	EP	1	\N	18	\N	\N
1198	S/N		t	951139996	\N		2024-02-18 00:00:00-05	t	f	2024-03-21 11:30:32.981103-05	\N	f	2024-03-21 11:29:21.61199-05	2024-03-21 11:30:32.981846-05	17	1	A	EP	1	\N	18	\N	\N
1197	Alan		t	992868456	\N		2024-02-18 00:00:00-05	t	f	2024-03-21 11:30:32.987382-05	\N	f	2024-03-21 11:29:21.601368-05	2024-03-21 11:30:32.988077-05	16	1	A	EP	1	\N	18	\N	\N
1196	Mar칤a		t	972480132	\N		2024-02-18 00:00:00-05	t	f	2024-03-21 11:30:32.992309-05	\N	f	2024-03-21 11:29:21.590645-05	2024-03-21 11:30:32.993319-05	17	1	A	EP	1	\N	18	\N	\N
1194	Andr칠s		t	993460796	\N		2024-02-18 00:00:00-05	t	f	2024-03-21 11:30:33.006066-05	\N	f	2024-03-21 11:29:21.569264-05	2024-03-21 11:30:33.006902-05	17	1	A	EP	1	\N	18	\N	\N
1193	Viviana		t	991477382	\N		2024-02-18 00:00:00-05	t	f	2024-03-21 11:30:33.011077-05	\N	f	2024-03-21 11:29:21.560706-05	2024-03-21 11:30:33.011787-05	16	1	A	EP	1	\N	18	\N	\N
1192	Yane		t	972735027	\N		2024-02-18 00:00:00-05	t	f	2024-03-21 11:30:33.016868-05	\N	f	2024-03-21 11:29:21.551597-05	2024-03-21 11:30:33.018612-05	17	1	A	EP	1	\N	18	\N	\N
1191	S/N		t	931724622	\N		2024-02-18 00:00:00-05	t	f	2024-03-21 11:30:33.024754-05	\N	f	2024-03-21 11:29:21.542277-05	2024-03-21 11:30:33.025732-05	16	1	A	EP	1	\N	18	\N	\N
1189	Ruben		t	913558382	\N		2024-02-18 00:00:00-05	t	f	2024-03-21 11:30:33.039082-05	\N	f	2024-03-21 11:29:21.520769-05	2024-03-21 11:30:33.040126-05	16	1	A	EP	1	\N	18	\N	\N
1188	Verito		t	934417086	\N		2024-02-18 00:00:00-05	t	f	2024-03-21 11:30:33.045595-05	\N	f	2024-03-21 11:29:21.511708-05	2024-03-21 11:30:33.046923-05	17	1	A	EP	1	\N	18	\N	\N
1187	Jessica		t	958961214	\N		2024-02-18 00:00:00-05	t	f	2024-03-21 11:30:33.053341-05	\N	f	2024-03-21 11:29:21.500652-05	2024-03-21 11:30:33.054743-05	16	1	A	EP	1	\N	18	\N	\N
1186	S/N		t	993827761	\N		2024-02-18 00:00:00-05	t	f	2024-03-21 11:30:33.060239-05	\N	f	2024-03-21 11:29:21.490391-05	2024-03-21 11:30:33.061216-05	17	1	A	EP	1	\N	18	\N	\N
1185	Roger		t	968237076	\N		2024-02-18 00:00:00-05	t	f	2024-03-21 11:30:33.067277-05	\N	f	2024-03-21 11:29:21.480492-05	2024-03-21 11:30:33.068771-05	16	1	A	EP	1	\N	18	\N	\N
1183	S/N		t	982749383	\N		2024-02-18 00:00:00-05	t	f	2024-03-21 11:30:33.080987-05	\N	f	2024-03-21 11:29:21.462512-05	2024-03-21 11:30:33.081882-05	16	1	A	EP	1	\N	18	\N	\N
1182	S/N		t	971417312	\N		2024-02-18 00:00:00-05	t	f	2024-03-21 11:30:33.088179-05	\N	f	2024-03-21 11:29:21.451635-05	2024-03-21 11:30:33.089287-05	17	1	A	EP	1	\N	18	\N	\N
1181	Victor		t	995761872	\N		2024-02-18 00:00:00-05	t	f	2024-03-21 11:30:33.095033-05	\N	f	2024-03-21 11:29:21.440908-05	2024-03-21 11:30:33.096138-05	16	1	A	EP	1	\N	18	\N	\N
1180	S/N		t	967755897	\N		2024-02-18 00:00:00-05	t	f	2024-03-21 11:30:33.102788-05	\N	f	2024-03-21 11:29:21.431816-05	2024-03-21 11:30:33.104381-05	17	1	A	EP	1	\N	18	\N	\N
1178	Alfonso		t	968810505	\N		2024-02-17 00:00:00-05	t	f	2024-03-21 11:30:33.117543-05	\N	f	2024-03-21 11:29:21.411287-05	2024-03-21 11:30:33.119657-05	17	1	A	EP	1	\N	18	\N	\N
1177	Rosario		t	958728887	\N		2024-02-17 00:00:00-05	t	f	2024-03-21 11:30:33.126048-05	\N	f	2024-03-21 11:29:21.401429-05	2024-03-21 11:30:33.127239-05	16	1	A	EP	1	\N	18	\N	\N
1176	Rosaly		t	940114995	\N		2024-02-17 00:00:00-05	t	f	2024-03-21 11:30:33.132254-05	\N	f	2024-03-21 11:29:21.391004-05	2024-03-21 11:30:33.133348-05	17	1	A	EP	1	\N	18	\N	\N
1175	Vilma		t	958707561	\N		2024-02-17 00:00:00-05	t	f	2024-03-21 11:30:33.138896-05	\N	f	2024-03-21 11:29:21.38229-05	2024-03-21 11:30:33.139839-05	16	1	A	EP	1	\N	18	\N	\N
1174	Yony		t	992981227	\N		2024-02-17 00:00:00-05	t	f	2024-03-21 11:30:33.144705-05	\N	f	2024-03-21 11:29:21.373075-05	2024-03-21 11:30:33.145923-05	17	1	A	EP	1	\N	18	\N	\N
1172	Vilma		t	936546580	\N		2024-02-17 00:00:00-05	t	f	2024-03-21 11:30:33.159345-05	\N	f	2024-03-21 11:29:21.353675-05	2024-03-21 11:30:33.160495-05	17	1	A	EP	1	\N	18	\N	\N
1171	Yony		t	929207916	\N		2024-02-17 00:00:00-05	t	f	2024-03-21 11:30:33.166182-05	\N	f	2024-03-21 11:29:21.344361-05	2024-03-21 11:30:33.167402-05	16	1	A	EP	1	\N	18	\N	\N
1170	S/N		t	986755046	\N		2024-02-17 00:00:00-05	t	f	2024-03-21 11:30:33.174204-05	\N	f	2024-03-21 11:29:21.334682-05	2024-03-21 11:30:33.175345-05	17	1	A	EP	1	\N	18	\N	\N
1169	Axel		t	987233206	\N		2024-02-17 00:00:00-05	t	f	2024-03-21 11:30:33.180649-05	\N	f	2024-03-21 11:29:21.326143-05	2024-03-21 11:30:33.181663-05	16	1	A	EP	1	\N	18	\N	\N
1373	xxxx		t	987654321	\N		2024-03-25 19:54:48-05	t	f	2024-03-25 19:55:07-05	2024-03-25 19:55:09-05	f	2024-03-25 19:54:48-05	2024-03-25 19:55:24.127694-05	14	2	A	EP	1	\N	\N	3	1
1288	S/N		t	954615401	\N		2024-02-21 00:00:00-05	t	f	2024-03-21 11:30:32.415365-05	\N	f	2024-03-21 11:29:22.823-05	2024-03-21 11:30:32.416286-05	17	1	A	EP	1	\N	18	\N	\N
1287	Elena		t	932698686	\N		2024-02-21 00:00:00-05	t	f	2024-03-21 11:30:32.423261-05	\N	f	2024-03-21 11:29:22.802269-05	2024-03-21 11:30:32.424266-05	16	1	A	EP	1	\N	18	\N	\N
1286	S/N		t	982539027	\N		2024-02-21 00:00:00-05	t	f	2024-03-21 11:30:32.430361-05	\N	f	2024-03-21 11:29:22.78222-05	2024-03-21 11:30:32.43122-05	17	1	A	EP	1	\N	18	\N	\N
1284	Dayana		t	966873523	\N		2024-02-21 00:00:00-05	t	f	2024-03-21 11:30:32.44315-05	\N	f	2024-03-21 11:29:22.742817-05	2024-03-21 11:30:32.444189-05	17	1	A	EP	1	\N	18	\N	\N
1283	S/N		t	950748037	\N		2024-02-21 00:00:00-05	t	f	2024-03-21 11:30:32.448707-05	\N	f	2024-03-21 11:29:22.715979-05	2024-03-21 11:30:32.449619-05	16	1	A	EP	1	\N	18	\N	\N
1282	Elena		t	958745256	\N		2024-02-21 00:00:00-05	t	f	2024-03-21 11:30:32.455553-05	\N	f	2024-03-21 11:29:22.697975-05	2024-03-21 11:30:32.456468-05	17	1	A	EP	1	\N	18	\N	\N
1281	Jorge		t	997801346	\N		2024-02-21 00:00:00-05	t	f	2024-03-21 11:30:32.461198-05	\N	f	2024-03-21 11:29:22.676023-05	2024-03-21 11:30:32.462023-05	16	1	A	EP	1	\N	18	\N	\N
1279	Nilton		t	917459728	\N		2024-02-21 00:00:00-05	t	f	2024-03-21 11:30:32.47326-05	\N	f	2024-03-21 11:29:22.64492-05	2024-03-21 11:30:32.473937-05	16	1	A	EP	1	\N	18	\N	\N
1278	Eleana		t	988802810	\N		2024-02-21 00:00:00-05	t	f	2024-03-21 11:30:32.478801-05	\N	f	2024-03-21 11:29:22.628762-05	2024-03-21 11:30:32.479672-05	17	1	A	EP	1	\N	18	\N	\N
1277	Paola		t	974394322	\N		2024-02-21 00:00:00-05	t	f	2024-03-21 11:30:32.484307-05	\N	f	2024-03-21 11:29:22.612673-05	2024-03-21 11:30:32.48568-05	16	1	A	EP	1	\N	18	\N	\N
1276	Katy		t	982178579	\N		2024-02-21 00:00:00-05	t	f	2024-03-21 11:30:32.490809-05	\N	f	2024-03-21 11:29:22.596671-05	2024-03-21 11:30:32.491525-05	17	1	A	EP	1	\N	18	\N	\N
1275	Luzmarina		t	959585651	\N		2024-02-21 00:00:00-05	t	f	2024-03-21 11:30:32.496092-05	\N	f	2024-03-21 11:29:22.578272-05	2024-03-21 11:30:32.496809-05	16	1	A	EP	1	\N	18	\N	\N
1273	Genaro		t	965328780	\N		2024-02-21 00:00:00-05	t	f	2024-03-21 11:30:32.508032-05	\N	f	2024-03-21 11:29:22.544207-05	2024-03-21 11:30:32.50875-05	16	1	A	EP	1	\N	18	\N	\N
1272	Jorge		t	926252392	\N		2024-02-21 00:00:00-05	t	f	2024-03-21 11:30:32.513871-05	\N	f	2024-03-21 11:29:22.522753-05	2024-03-21 11:30:32.51495-05	17	1	A	EP	1	\N	18	\N	\N
1271	Sol		t	914642675	\N		2024-02-21 00:00:00-05	t	f	2024-03-21 11:30:32.52057-05	\N	f	2024-03-21 11:29:22.507129-05	2024-03-21 11:30:32.521546-05	16	1	A	EP	1	\N	18	\N	\N
1270	Myriam		t	959997208	\N		2024-02-21 00:00:00-05	t	f	2024-03-21 11:30:32.526526-05	\N	f	2024-03-21 11:29:22.493076-05	2024-03-21 11:30:32.527607-05	17	1	A	EP	1	\N	18	\N	\N
1269	Yvan		t	924216494	\N		2024-02-21 00:00:00-05	t	f	2024-03-21 11:30:32.533609-05	\N	f	2024-03-21 11:29:22.477118-05	2024-03-21 11:30:32.535388-05	16	1	A	EP	1	\N	18	\N	\N
1267	S/N		t	918500582	\N		2024-02-21 00:00:00-05	t	f	2024-03-21 11:30:32.545589-05	\N	f	2024-03-21 11:29:22.443626-05	2024-03-21 11:30:32.546439-05	16	1	A	EP	1	\N	18	\N	\N
1266	Sebasti치n		t	915390284	\N		2024-02-21 00:00:00-05	t	f	2024-03-21 11:30:32.552624-05	\N	f	2024-03-21 11:29:22.428356-05	2024-03-21 11:30:32.553822-05	17	1	A	EP	1	\N	18	\N	\N
1265	Felipe		t	990408855	\N		2024-02-21 00:00:00-05	t	f	2024-03-21 11:30:32.559176-05	\N	f	2024-03-21 11:29:22.413131-05	2024-03-21 11:30:32.560222-05	16	1	A	EP	1	\N	18	\N	\N
1264	Rodrigo		t	939558992	\N		2024-02-21 00:00:00-05	t	f	2024-03-21 11:30:32.565685-05	\N	f	2024-03-21 11:29:22.391766-05	2024-03-21 11:30:32.566733-05	17	1	A	EP	1	\N	18	\N	\N
1262	Juan Carlos		t	940067298	\N		2024-02-20 00:00:00-05	t	f	2024-03-21 11:30:32.577535-05	\N	f	2024-03-21 11:29:22.363453-05	2024-03-21 11:30:32.57836-05	17	1	A	EP	1	\N	18	\N	\N
1261	Maria del Carmen		t	981381322	\N		2024-02-20 00:00:00-05	t	f	2024-03-21 11:30:32.583741-05	\N	f	2024-03-21 11:29:22.345705-05	2024-03-21 11:30:32.585275-05	16	1	A	EP	1	\N	18	\N	\N
1260	Nilda		t	957077316	\N		2024-02-20 00:00:00-05	t	f	2024-03-21 11:30:32.59027-05	\N	f	2024-03-21 11:29:22.325785-05	2024-03-21 11:30:32.591093-05	17	1	A	EP	1	\N	18	\N	\N
1259	S/N		t	904729555	\N		2024-02-20 00:00:00-05	t	f	2024-03-21 11:30:32.596096-05	\N	f	2024-03-21 11:29:22.308466-05	2024-03-21 11:30:32.597123-05	16	1	A	EP	1	\N	18	\N	\N
1258	Jose		t	928856293	\N		2024-02-20 00:00:00-05	t	f	2024-03-21 11:30:32.602936-05	\N	f	2024-03-21 11:29:22.290353-05	2024-03-21 11:30:32.60417-05	17	1	A	EP	1	\N	18	\N	\N
1256	Juan		t	940420445	\N		2024-02-20 00:00:00-05	t	f	2024-03-21 11:30:32.616195-05	\N	f	2024-03-21 11:29:22.261324-05	2024-03-21 11:30:32.617236-05	17	1	A	EP	1	\N	18	\N	\N
1255	Mauge		t	974578292	\N		2024-02-20 00:00:00-05	t	f	2024-03-21 11:30:32.623005-05	\N	f	2024-03-21 11:29:22.242826-05	2024-03-21 11:30:32.62379-05	16	1	A	EP	1	\N	18	\N	\N
1254	Jose		t	955427297	\N		2024-02-20 00:00:00-05	t	f	2024-03-21 11:30:32.628401-05	\N	f	2024-03-21 11:29:22.227123-05	2024-03-21 11:30:32.629917-05	17	1	A	EP	1	\N	18	\N	\N
1253	S/N		t	996111171	\N		2024-02-20 00:00:00-05	t	f	2024-03-21 11:30:32.6357-05	\N	f	2024-03-21 11:29:22.211375-05	2024-03-21 11:30:32.636816-05	16	1	A	EP	1	\N	18	\N	\N
1251	Flor		t	912948031	\N		2024-02-20 00:00:00-05	t	f	2024-03-21 11:30:32.646777-05	\N	f	2024-03-21 11:29:22.182306-05	2024-03-21 11:30:32.647497-05	16	1	A	EP	1	\N	18	\N	\N
1250	Carlos		t	987822333	\N		2024-02-20 00:00:00-05	t	f	2024-03-21 11:30:32.653785-05	\N	f	2024-03-21 11:29:22.165055-05	2024-03-21 11:30:32.655175-05	17	1	A	EP	1	\N	18	\N	\N
1249	Osmar		t	962273042	\N		2024-02-20 00:00:00-05	t	f	2024-03-21 11:30:32.659607-05	\N	f	2024-03-21 11:29:22.147245-05	2024-03-21 11:30:32.660336-05	16	1	A	EP	1	\N	18	\N	\N
1248	Lucero		t	967073768	\N		2024-02-20 00:00:00-05	t	f	2024-03-21 11:30:32.665667-05	\N	f	2024-03-21 11:29:22.132765-05	2024-03-21 11:30:32.666879-05	17	1	A	EP	1	\N	18	\N	\N
1247	Herber		t	990905055	\N		2024-02-20 00:00:00-05	t	f	2024-03-21 11:30:32.67215-05	\N	f	2024-03-21 11:29:22.114114-05	2024-03-21 11:30:32.672884-05	16	1	A	EP	1	\N	18	\N	\N
1245	Yoselyn		t	939087730	\N		2024-02-20 00:00:00-05	t	f	2024-03-21 11:30:32.682405-05	\N	f	2024-03-21 11:29:22.081341-05	2024-03-21 11:30:32.683318-05	16	1	A	EP	1	\N	18	\N	\N
1244	Arturo		t	924385669	\N		2024-02-20 00:00:00-05	t	f	2024-03-21 11:30:32.689489-05	\N	f	2024-03-21 11:29:22.06689-05	2024-03-21 11:30:32.690408-05	17	1	A	EP	1	\N	18	\N	\N
1243	Jhunior		t	940728181	\N		2024-02-20 00:00:00-05	t	f	2024-03-21 11:30:32.695792-05	\N	f	2024-03-21 11:29:22.050454-05	2024-03-21 11:30:32.696742-05	16	1	A	EP	1	\N	18	\N	\N
1242	S/N		t	978034765	\N		2024-02-20 00:00:00-05	t	f	2024-03-21 11:30:32.702562-05	\N	f	2024-03-21 11:29:22.030865-05	2024-03-21 11:30:32.703711-05	17	1	A	EP	1	\N	18	\N	\N
1240	Edison		t	935202287	\N		2024-02-20 00:00:00-05	t	f	2024-03-21 11:30:32.713783-05	\N	f	2024-03-21 11:29:21.996022-05	2024-03-21 11:30:32.7148-05	17	1	A	EP	1	\N	18	\N	\N
1239	S/N		t	958240187	\N		2024-02-19 00:00:00-05	t	f	2024-03-21 11:30:32.721467-05	\N	f	2024-03-21 11:29:21.985045-05	2024-03-21 11:30:32.72252-05	16	1	A	EP	1	\N	18	\N	\N
1238	Wil		t	973181993	\N		2024-02-19 00:00:00-05	t	f	2024-03-21 11:30:32.727506-05	\N	f	2024-03-21 11:29:21.975149-05	2024-03-21 11:30:32.728565-05	17	1	A	EP	1	\N	18	\N	\N
1237	Fred		t	951729897	\N		2024-02-19 00:00:00-05	t	f	2024-03-21 11:30:32.734418-05	\N	f	2024-03-21 11:29:21.965609-05	2024-03-21 11:30:32.736122-05	16	1	A	EP	1	\N	18	\N	\N
1236	Jonathan		t	952099885	\N		2024-02-19 00:00:00-05	t	f	2024-03-21 11:30:32.741751-05	\N	f	2024-03-21 11:29:21.956882-05	2024-03-21 11:30:32.742858-05	17	1	A	EP	1	\N	18	\N	\N
1234	Sandy		t	974235998	\N		2024-02-19 00:00:00-05	t	f	2024-03-21 11:30:32.754957-05	\N	f	2024-03-21 11:29:21.938503-05	2024-03-21 11:30:32.755633-05	17	1	A	EP	1	\N	18	\N	\N
1233	S/N		t	962722605	\N		2024-02-19 00:00:00-05	t	f	2024-03-21 11:30:32.759811-05	\N	f	2024-03-21 11:29:21.929704-05	2024-03-21 11:30:32.760459-05	16	1	A	EP	1	\N	18	\N	\N
1232	Luis Fernando		t	901523501	\N		2024-02-19 00:00:00-05	t	f	2024-03-21 11:30:32.764771-05	\N	f	2024-03-21 11:29:21.919326-05	2024-03-21 11:30:32.765448-05	17	1	A	EP	1	\N	18	\N	\N
1231	S/N		t	918319659	\N		2024-02-19 00:00:00-05	t	f	2024-03-21 11:30:32.77094-05	\N	f	2024-03-21 11:29:21.909559-05	2024-03-21 11:30:32.771714-05	16	1	A	EP	1	\N	18	\N	\N
1230	S/N		t	953674294	\N		2024-02-19 00:00:00-05	t	f	2024-03-21 11:30:32.77649-05	\N	f	2024-03-21 11:29:21.900572-05	2024-03-21 11:30:32.777444-05	17	1	A	EP	1	\N	18	\N	\N
1349	Mayra		t	930275306	\N		2024-02-23 00:00:00-05	t	f	2024-03-21 11:30:31.912446-05	\N	f	2024-03-21 11:29:23.51295-05	2024-03-21 11:30:31.913584-05	16	1	A	EP	1	\N	18	\N	\N
1348	Jesus		t	977135782	\N		2024-02-23 00:00:00-05	t	f	2024-03-21 11:30:31.921393-05	\N	f	2024-03-21 11:29:23.504326-05	2024-03-21 11:30:31.923019-05	17	1	A	EP	1	\N	18	\N	\N
1347	Gonzalo		t	959457194	\N		2024-02-23 00:00:00-05	t	f	2024-03-21 11:30:31.930118-05	\N	f	2024-03-21 11:29:23.497273-05	2024-03-21 11:30:31.931577-05	16	1	A	EP	1	\N	18	\N	\N
1345	Marlene		t	976757405	\N		2024-02-23 00:00:00-05	t	f	2024-03-21 11:30:31.948127-05	\N	f	2024-03-21 11:29:23.479702-05	2024-03-21 11:30:31.949363-05	16	1	A	EP	1	\N	18	\N	\N
1344	Cesar		t	992576900	\N		2024-02-23 00:00:00-05	t	f	2024-03-21 11:30:31.956584-05	\N	f	2024-03-21 11:29:23.469899-05	2024-03-21 11:30:31.958255-05	17	1	A	EP	1	\N	18	\N	\N
1343	Kevin		t	974721243	\N		2024-02-23 00:00:00-05	t	f	2024-03-21 11:30:31.9688-05	\N	f	2024-03-21 11:29:23.461724-05	2024-03-21 11:30:31.971267-05	16	1	A	EP	1	\N	18	\N	\N
1342	Carlos		t	940612853	\N		2024-02-23 00:00:00-05	t	f	2024-03-21 11:30:31.979824-05	\N	f	2024-03-21 11:29:23.453189-05	2024-03-21 11:30:31.981071-05	17	1	A	EP	1	\N	18	\N	\N
1341	Carmen		t	979001454	\N		2024-02-23 00:00:00-05	t	f	2024-03-21 11:30:31.990708-05	\N	f	2024-03-21 11:29:23.445397-05	2024-03-21 11:30:31.992977-05	16	1	A	EP	1	\N	18	\N	\N
1339	Rosa		t	958672572	\N		2024-02-23 00:00:00-05	t	f	2024-03-21 11:30:32.015077-05	\N	f	2024-03-21 11:29:23.424323-05	2024-03-21 11:30:32.016789-05	16	1	A	EP	1	\N	18	\N	\N
1338	S/N		t	927063332	\N		2024-02-23 00:00:00-05	t	f	2024-03-21 11:30:32.022295-05	\N	f	2024-03-21 11:29:23.414747-05	2024-03-21 11:30:32.025891-05	17	1	A	EP	1	\N	18	\N	\N
1337	Jorge		t	963957101	\N		2024-02-23 00:00:00-05	t	f	2024-03-21 11:30:32.03501-05	\N	f	2024-03-21 11:29:23.404734-05	2024-03-21 11:30:32.0363-05	16	1	A	EP	1	\N	18	\N	\N
1336	Victor		t	959096596	\N		2024-02-23 00:00:00-05	t	f	2024-03-21 11:30:32.045388-05	\N	f	2024-03-21 11:29:23.39062-05	2024-03-21 11:30:32.048358-05	17	1	A	EP	1	\N	18	\N	\N
1334	Maria		t	980028226	\N		2024-02-23 00:00:00-05	t	f	2024-03-21 11:30:32.068746-05	\N	f	2024-03-21 11:29:23.363541-05	2024-03-21 11:30:32.070935-05	17	1	A	EP	1	\N	18	\N	\N
1333	Fernando		t	959628128	\N		2024-02-23 00:00:00-05	t	f	2024-03-21 11:30:32.078098-05	\N	f	2024-03-21 11:29:23.34643-05	2024-03-21 11:30:32.079244-05	16	1	A	EP	1	\N	18	\N	\N
1332	Hector		t	993152687	\N		2024-02-23 00:00:00-05	t	f	2024-03-21 11:30:32.088939-05	\N	f	2024-03-21 11:29:23.33229-05	2024-03-21 11:30:32.091401-05	17	1	A	EP	1	\N	18	\N	\N
1331	Braulio		t	955921915	\N		2024-02-23 00:00:00-05	t	f	2024-03-21 11:30:32.10008-05	\N	f	2024-03-21 11:29:23.321812-05	2024-03-21 11:30:32.101073-05	16	1	A	EP	1	\N	18	\N	\N
1330	S/N		t	966633463	\N		2024-02-23 00:00:00-05	t	f	2024-03-21 11:30:32.109144-05	\N	f	2024-03-21 11:29:23.314557-05	2024-03-21 11:30:32.110997-05	17	1	A	EP	1	\N	18	\N	\N
1328	Juan Carlos		t	963714463	\N		2024-02-23 00:00:00-05	t	f	2024-03-21 11:30:32.132007-05	\N	f	2024-03-21 11:29:23.299323-05	2024-03-21 11:30:32.133942-05	17	1	A	EP	1	\N	18	\N	\N
1327	Taipe		t	959249013	\N		2024-02-23 00:00:00-05	t	f	2024-03-21 11:30:32.142691-05	\N	f	2024-03-21 11:29:23.291092-05	2024-03-21 11:30:32.145233-05	16	1	A	EP	1	\N	18	\N	\N
1326	Nelly		t	981977307	\N		2024-02-23 00:00:00-05	t	f	2024-03-21 11:30:32.1557-05	\N	f	2024-03-21 11:29:23.283287-05	2024-03-21 11:30:32.158635-05	17	1	A	EP	1	\N	18	\N	\N
1325	Angel		t	963583382	\N		2024-02-23 00:00:00-05	t	f	2024-03-21 11:30:32.169523-05	\N	f	2024-03-21 11:29:23.274942-05	2024-03-21 11:30:32.17081-05	16	1	A	EP	1	\N	18	\N	\N
1323	Norah		t	981070404	\N		2024-02-22 00:00:00-05	t	f	2024-03-21 11:30:32.1877-05	\N	f	2024-03-21 11:29:23.259408-05	2024-03-21 11:30:32.189931-05	16	1	A	EP	1	\N	18	\N	\N
1322	Miguel		t	990313791	\N		2024-02-22 00:00:00-05	t	f	2024-03-21 11:30:32.196708-05	\N	f	2024-03-21 11:29:23.247157-05	2024-03-21 11:30:32.197909-05	17	1	A	EP	1	\N	18	\N	\N
1321	Maria Milagro		t	978360056	\N		2024-02-22 00:00:00-05	t	f	2024-03-21 11:30:32.204144-05	\N	f	2024-03-21 11:29:23.231721-05	2024-03-21 11:30:32.204952-05	16	1	A	EP	1	\N	18	\N	\N
1320	Omar		t	989871625	\N		2024-02-22 00:00:00-05	t	f	2024-03-21 11:30:32.210005-05	\N	f	2024-03-21 11:29:23.214867-05	2024-03-21 11:30:32.211097-05	17	1	A	EP	1	\N	18	\N	\N
1319	Vicente		t	955272257	\N		2024-02-22 00:00:00-05	t	f	2024-03-21 11:30:32.216667-05	\N	f	2024-03-21 11:29:23.203143-05	2024-03-21 11:30:32.218261-05	16	1	A	EP	1	\N	18	\N	\N
1317	Renzo		t	921198336	\N		2024-02-22 00:00:00-05	t	f	2024-03-21 11:30:32.229787-05	\N	f	2024-03-21 11:29:23.160136-05	2024-03-21 11:30:32.230631-05	16	1	A	EP	1	\N	18	\N	\N
1316	S/N		t	916507207	\N		2024-02-22 00:00:00-05	t	f	2024-03-21 11:30:32.236209-05	\N	f	2024-03-21 11:29:23.145832-05	2024-03-21 11:30:32.237344-05	17	1	A	EP	1	\N	18	\N	\N
1315	Jorge		t	944083470	\N		2024-02-22 00:00:00-05	t	f	2024-03-21 11:30:32.242376-05	\N	f	2024-03-21 11:29:23.135219-05	2024-03-21 11:30:32.243098-05	16	1	A	EP	1	\N	18	\N	\N
1314	Roel		t	993529657	\N		2024-02-22 00:00:00-05	t	f	2024-03-21 11:30:32.248072-05	\N	f	2024-03-21 11:29:23.124106-05	2024-03-21 11:30:32.248792-05	17	1	A	EP	1	\N	18	\N	\N
1313	Gilber		t	930322554	\N		2024-02-22 00:00:00-05	t	f	2024-03-21 11:30:32.254686-05	\N	f	2024-03-21 11:29:23.113503-05	2024-03-21 11:30:32.255915-05	16	1	A	EP	1	\N	18	\N	\N
1311	Juan		t	918215954	\N		2024-02-22 00:00:00-05	t	f	2024-03-21 11:30:32.265291-05	\N	f	2024-03-21 11:29:23.088384-05	2024-03-21 11:30:32.265944-05	16	1	A	EP	1	\N	18	\N	\N
1310	Nadia		t	932368246	\N		2024-02-22 00:00:00-05	t	f	2024-03-21 11:30:32.271021-05	\N	f	2024-03-21 11:29:23.076265-05	2024-03-21 11:30:32.271952-05	17	1	A	EP	1	\N	18	\N	\N
1309	Yessica		t	988582978	\N		2024-02-22 00:00:00-05	t	f	2024-03-21 11:30:32.276972-05	\N	f	2024-03-21 11:29:23.065716-05	2024-03-21 11:30:32.277998-05	16	1	A	EP	1	\N	18	\N	\N
1308	Grimaldo		t	989661177	\N		2024-02-22 00:00:00-05	t	f	2024-03-21 11:30:32.283614-05	\N	f	2024-03-21 11:29:23.056151-05	2024-03-21 11:30:32.284808-05	17	1	A	EP	1	\N	18	\N	\N
1306	Hugo		t	957865510	\N		2024-02-22 00:00:00-05	t	f	2024-03-21 11:30:32.295421-05	\N	f	2024-03-21 11:29:23.036129-05	2024-03-21 11:30:32.296143-05	17	1	A	EP	1	\N	18	\N	\N
1305	Samuel		t	958242542	\N		2024-02-22 00:00:00-05	t	f	2024-03-21 11:30:32.300153-05	\N	f	2024-03-21 11:29:23.026776-05	2024-03-21 11:30:32.301651-05	16	1	A	EP	1	\N	18	\N	\N
1304	Alfredo		t	942761268	\N		2024-02-22 00:00:00-05	t	f	2024-03-21 11:30:32.307243-05	\N	f	2024-03-21 11:29:23.016682-05	2024-03-21 11:30:32.308267-05	17	1	A	EP	1	\N	18	\N	\N
1303	Juan		t	960973458	\N		2024-02-22 00:00:00-05	t	f	2024-03-21 11:30:32.313595-05	\N	f	2024-03-21 11:29:23.007003-05	2024-03-21 11:30:32.314501-05	16	1	A	EP	1	\N	18	\N	\N
1302	Victor		t	982691593	\N		2024-02-22 00:00:00-05	t	f	2024-03-21 11:30:32.321042-05	\N	f	2024-03-21 11:29:22.996789-05	2024-03-21 11:30:32.322514-05	17	1	A	EP	1	\N	18	\N	\N
1300	S/N		t	952643301	\N		2024-02-22 00:00:00-05	t	f	2024-03-21 11:30:32.334437-05	\N	f	2024-03-21 11:29:22.976979-05	2024-03-21 11:30:32.335811-05	17	1	A	EP	1	\N	18	\N	\N
1299	Mariela		t	959386200	\N		2024-02-22 00:00:00-05	t	f	2024-03-21 11:30:32.341025-05	\N	f	2024-03-21 11:29:22.965928-05	2024-03-21 11:30:32.34199-05	16	1	A	EP	1	\N	18	\N	\N
1298	Bernardo		t	957946578	\N		2024-02-22 00:00:00-05	t	f	2024-03-21 11:30:32.347838-05	\N	f	2024-03-21 11:29:22.956255-05	2024-03-21 11:30:32.349047-05	17	1	A	EP	1	\N	18	\N	\N
1297	Jarif		t	943820054	\N		2024-02-22 00:00:00-05	t	f	2024-03-21 11:30:32.355527-05	\N	f	2024-03-21 11:29:22.946214-05	2024-03-21 11:30:32.356314-05	16	1	A	EP	1	\N	18	\N	\N
1295	S/N		t	977719785	\N		2024-02-22 00:00:00-05	t	f	2024-03-21 11:30:32.368834-05	\N	f	2024-03-21 11:29:22.925524-05	2024-03-21 11:30:32.370085-05	16	1	A	EP	1	\N	18	\N	\N
1294	Gerardo		t	980682822	\N		2024-02-22 00:00:00-05	t	f	2024-03-21 11:30:32.374711-05	\N	f	2024-03-21 11:29:22.91516-05	2024-03-21 11:30:32.37546-05	17	1	A	EP	1	\N	18	\N	\N
1293	Jacinto		t	946633824	\N		2024-02-21 00:00:00-05	t	f	2024-03-21 11:30:32.381026-05	\N	f	2024-03-21 11:29:22.901689-05	2024-03-21 11:30:32.381947-05	16	1	A	EP	1	\N	18	\N	\N
1292	Omar		t	984399647	\N		2024-02-21 00:00:00-05	t	f	2024-03-21 11:30:32.388473-05	\N	f	2024-03-21 11:29:22.889796-05	2024-03-21 11:30:32.389512-05	17	1	A	EP	1	\N	18	\N	\N
1291	S/N		t	951640026	\N		2024-02-21 00:00:00-05	t	f	2024-03-21 11:30:32.394959-05	\N	f	2024-03-21 11:29:22.876756-05	2024-03-21 11:30:32.396183-05	16	1	A	EP	1	\N	18	\N	\N
1369	S/N		t	983627310	\N		2024-02-24 00:00:00-05	t	f	2024-03-21 11:30:31.766393-05	2024-03-22 08:46:01.565255-05	f	2024-03-21 11:29:23.699143-05	2024-03-22 08:46:01.583415-05	16	1	A	EP	6	18	18	4	\N
1368	S/N		t	956567174	\N		2024-02-24 00:00:00-05	t	f	2024-03-21 11:30:31.77262-05	\N	f	2024-03-21 11:29:23.689712-05	2024-03-21 11:30:31.773711-05	17	1	A	EP	1	\N	18	\N	\N
1367	Rous		t	998770441	\N		2024-02-24 00:00:00-05	t	f	2024-03-21 11:30:31.78136-05	\N	f	2024-03-21 11:29:23.680532-05	2024-03-21 11:30:31.783079-05	16	1	A	EP	1	\N	18	\N	\N
1366	Felix		t	949202117	\N		2024-02-24 00:00:00-05	t	f	2024-03-21 11:30:31.789249-05	\N	f	2024-03-21 11:29:23.67102-05	2024-03-21 11:30:31.790419-05	17	1	A	EP	1	\N	18	\N	\N
1365	S/N		t	958240134	\N		2024-02-24 00:00:00-05	t	f	2024-03-21 11:30:31.795923-05	\N	f	2024-03-21 11:29:23.662016-05	2024-03-21 11:30:31.796893-05	16	1	A	EP	1	\N	18	\N	\N
1364	S/N		t	900999492	\N		2024-02-24 00:00:00-05	t	f	2024-03-21 11:30:31.8032-05	\N	f	2024-03-21 11:29:23.652388-05	2024-03-21 11:30:31.804584-05	17	1	A	EP	1	\N	18	\N	\N
1363	S/N		t	978669762	\N		2024-02-24 00:00:00-05	t	f	2024-03-21 11:30:31.809907-05	\N	f	2024-03-21 11:29:23.642541-05	2024-03-21 11:30:31.81083-05	16	1	A	EP	1	\N	18	\N	\N
1362	S/N		t	999993882	\N		2024-02-23 00:00:00-05	t	f	2024-03-21 11:30:31.816939-05	\N	f	2024-03-21 11:29:23.633243-05	2024-03-21 11:30:31.818527-05	17	1	A	EP	1	\N	18	\N	\N
1361	Alejandro		t	953024428	\N		2024-02-23 00:00:00-05	t	f	2024-03-21 11:30:31.824438-05	\N	f	2024-03-21 11:29:23.62339-05	2024-03-21 11:30:31.825528-05	16	1	A	EP	1	\N	18	\N	\N
1360	S/N		t	939375312	\N		2024-02-23 00:00:00-05	t	f	2024-03-21 11:30:31.831478-05	\N	f	2024-03-21 11:29:23.613723-05	2024-03-21 11:30:31.83263-05	17	1	A	EP	1	\N	18	\N	\N
1359	Carlor		t	976669579	\N		2024-02-23 00:00:00-05	t	f	2024-03-21 11:30:31.839136-05	\N	f	2024-03-21 11:29:23.604488-05	2024-03-21 11:30:31.840125-05	16	1	A	EP	1	\N	18	\N	\N
1358	Paula		t	959691853	\N		2024-02-23 00:00:00-05	t	f	2024-03-21 11:30:31.845022-05	\N	f	2024-03-21 11:29:23.595473-05	2024-03-21 11:30:31.846223-05	17	1	A	EP	1	\N	18	\N	\N
1357	Romulo		t	904630153	\N		2024-02-23 00:00:00-05	t	f	2024-03-21 11:30:31.852596-05	\N	f	2024-03-21 11:29:23.584845-05	2024-03-21 11:30:31.853685-05	16	1	A	EP	1	\N	18	\N	\N
1356	Wiber		t	969729815	\N		2024-02-23 00:00:00-05	t	f	2024-03-21 11:30:31.860444-05	\N	f	2024-03-21 11:29:23.575295-05	2024-03-21 11:30:31.861442-05	17	1	A	EP	1	\N	18	\N	\N
1355	S/N		t	971088953	\N		2024-02-23 00:00:00-05	t	f	2024-03-21 11:30:31.869401-05	\N	f	2024-03-21 11:29:23.56753-05	2024-03-21 11:30:31.871052-05	16	1	A	EP	1	\N	18	\N	\N
1354	Gabriela		t	914453213	\N		2024-02-23 00:00:00-05	t	f	2024-03-21 11:30:31.87604-05	\N	f	2024-03-21 11:29:23.560373-05	2024-03-21 11:30:31.876976-05	17	1	A	EP	1	\N	18	\N	\N
1353	Oscar		t	937723373	\N		2024-02-23 00:00:00-05	t	f	2024-03-21 11:30:31.883945-05	\N	f	2024-03-21 11:29:23.552176-05	2024-03-21 11:30:31.88568-05	16	1	A	EP	1	\N	18	\N	\N
1352	Kelly		t	931489693	\N		2024-02-23 00:00:00-05	t	f	2024-03-21 11:30:31.891691-05	\N	f	2024-03-21 11:29:23.541727-05	2024-03-21 11:30:31.892717-05	17	1	A	EP	1	\N	18	\N	\N
1351	Yanina		t	958647281	\N		2024-02-23 00:00:00-05	t	f	2024-03-21 11:30:31.898193-05	\N	f	2024-03-21 11:29:23.531718-05	2024-03-21 11:30:31.899407-05	16	1	A	EP	1	\N	18	\N	\N
1350	Arthur		t	976340861	\N		2024-02-23 00:00:00-05	t	f	2024-03-21 11:30:31.905293-05	\N	f	2024-03-21 11:29:23.522026-05	2024-03-21 11:30:31.906232-05	17	1	A	EP	1	\N	18	\N	\N
1346	S/N		t	900581040	\N		2024-02-23 00:00:00-05	t	f	2024-03-21 11:30:31.938181-05	\N	f	2024-03-21 11:29:23.488681-05	2024-03-21 11:30:31.941391-05	17	1	A	EP	1	\N	18	\N	\N
1340	Jhonatan		t	976658191	\N		2024-02-23 00:00:00-05	t	f	2024-03-21 11:30:31.999494-05	\N	f	2024-03-21 11:29:23.434478-05	2024-03-21 11:30:32.001048-05	17	1	A	EP	1	\N	18	\N	\N
1335	Franco		t	953284204	\N		2024-02-23 00:00:00-05	t	f	2024-03-21 11:30:32.057646-05	\N	f	2024-03-21 11:29:23.377716-05	2024-03-21 11:30:32.058997-05	16	1	A	EP	1	\N	18	\N	\N
1329	Sandro		t	962888664	\N		2024-02-23 00:00:00-05	t	f	2024-03-21 11:30:32.118888-05	\N	f	2024-03-21 11:29:23.306542-05	2024-03-21 11:30:32.120248-05	16	1	A	EP	1	\N	18	\N	\N
1324	Mariela		t	966361186	\N		2024-02-22 00:00:00-05	t	f	2024-03-21 11:30:32.177358-05	\N	f	2024-03-21 11:29:23.267615-05	2024-03-21 11:30:32.178951-05	17	1	A	EP	1	\N	18	\N	\N
1318	S/N		t	939147481	\N		2024-02-22 00:00:00-05	t	f	2024-03-21 11:30:32.22335-05	\N	f	2024-03-21 11:29:23.184153-05	2024-03-21 11:30:32.224306-05	17	1	A	EP	1	\N	18	\N	\N
1312	S/N		t	954052671	\N		2024-02-22 00:00:00-05	t	f	2024-03-21 11:30:32.260617-05	\N	f	2024-03-21 11:29:23.100995-05	2024-03-21 11:30:32.261289-05	17	1	A	EP	1	\N	18	\N	\N
1307	Sergio		t	951848821	\N		2024-02-22 00:00:00-05	t	f	2024-03-21 11:30:32.290541-05	\N	f	2024-03-21 11:29:23.046713-05	2024-03-21 11:30:32.291227-05	16	1	A	EP	1	\N	18	\N	\N
1301	Luc칤a		t	985138245	\N		2024-02-22 00:00:00-05	t	f	2024-03-21 11:30:32.327714-05	\N	f	2024-03-21 11:29:22.986967-05	2024-03-21 11:30:32.328731-05	16	1	A	EP	1	\N	18	\N	\N
1296	Mily		t	986580844	\N		2024-02-22 00:00:00-05	t	f	2024-03-21 11:30:32.36088-05	\N	f	2024-03-21 11:29:22.936747-05	2024-03-21 11:30:32.361891-05	17	1	A	EP	1	\N	18	\N	\N
1290	Alfredo		t	950856669	\N		2024-02-21 00:00:00-05	t	f	2024-03-21 11:30:32.401124-05	\N	f	2024-03-21 11:29:22.859697-05	2024-03-21 11:30:32.402658-05	17	1	A	EP	1	\N	18	\N	\N
1289	S/N		t	998740161	\N		2024-02-21 00:00:00-05	t	f	2024-03-21 11:30:32.409313-05	\N	f	2024-03-21 11:29:22.842894-05	2024-03-21 11:30:32.410338-05	16	1	A	EP	1	\N	18	\N	\N
1285	S/N		t	956284503	\N		2024-02-21 00:00:00-05	t	f	2024-03-21 11:30:32.437021-05	\N	f	2024-03-21 11:29:22.763031-05	2024-03-21 11:30:32.437954-05	16	1	A	EP	1	\N	18	\N	\N
1280	S/N		t	943045084	\N		2024-02-21 00:00:00-05	t	f	2024-03-21 11:30:32.466656-05	\N	f	2024-03-21 11:29:22.659782-05	2024-03-21 11:30:32.467938-05	17	1	A	EP	1	\N	18	\N	\N
1274	Maria		t	951325550	\N		2024-02-21 00:00:00-05	t	f	2024-03-21 11:30:32.501482-05	\N	f	2024-03-21 11:29:22.560868-05	2024-03-21 11:30:32.503002-05	17	1	A	EP	1	\N	18	\N	\N
1268	Lidia		t	983347539	\N		2024-02-21 00:00:00-05	t	f	2024-03-21 11:30:32.540656-05	\N	f	2024-03-21 11:29:22.461928-05	2024-03-21 11:30:32.541427-05	17	1	A	EP	1	\N	18	\N	\N
1263	Martin		t	944915252	\N		2024-02-20 00:00:00-05	t	f	2024-03-21 11:30:32.57192-05	\N	f	2024-03-21 11:29:22.379136-05	2024-03-21 11:30:32.572666-05	16	1	A	EP	1	\N	18	\N	\N
1257	Nico		t	923454514	\N		2024-02-20 00:00:00-05	t	f	2024-03-21 11:30:32.609586-05	\N	f	2024-03-21 11:29:22.273169-05	2024-03-21 11:30:32.610734-05	16	1	A	EP	1	\N	18	\N	\N
1252	S/N		t	901689693	\N		2024-02-20 00:00:00-05	t	f	2024-03-21 11:30:32.641671-05	\N	f	2024-03-21 11:29:22.196315-05	2024-03-21 11:30:32.642459-05	17	1	A	EP	1	\N	18	\N	\N
1246	Roque		t	967280854	\N		2024-02-20 00:00:00-05	t	f	2024-03-21 11:30:32.677372-05	\N	f	2024-03-21 11:29:22.098089-05	2024-03-21 11:30:32.678025-05	17	1	A	EP	1	\N	18	\N	\N
1241	Kathy		t	932367660	\N		2024-02-20 00:00:00-05	t	f	2024-03-21 11:30:32.708367-05	\N	f	2024-03-21 11:29:22.009077-05	2024-03-21 11:30:32.709064-05	16	1	A	EP	1	\N	18	\N	\N
1235	Julio		t	976390040	\N		2024-02-19 00:00:00-05	t	f	2024-03-21 11:30:32.748306-05	\N	f	2024-03-21 11:29:21.947766-05	2024-03-21 11:30:32.749521-05	16	1	A	EP	1	\N	18	\N	\N
1229	Andr칠		t	989511985	\N		2024-02-19 00:00:00-05	t	f	2024-03-21 11:30:32.783413-05	\N	f	2024-03-21 11:29:21.891096-05	2024-03-21 11:30:32.78432-05	16	1	A	EP	1	\N	18	\N	\N
1228	S/N		t	954116072	\N		2024-02-19 00:00:00-05	t	f	2024-03-21 11:30:32.790384-05	\N	f	2024-03-21 11:29:21.880831-05	2024-03-21 11:30:32.791452-05	17	1	A	EP	1	\N	18	\N	\N
1223	Lizeth		t	941036327	\N		2024-02-19 00:00:00-05	t	f	2024-03-21 11:30:32.820761-05	\N	f	2024-03-21 11:29:21.833095-05	2024-03-21 11:30:32.821633-05	16	1	A	EP	1	\N	18	\N	\N
1218	GianCarlos		t	943832925	\N		2024-02-19 00:00:00-05	t	f	2024-03-21 11:30:32.853572-05	\N	f	2024-03-21 11:29:21.790966-05	2024-03-21 11:30:32.854445-05	17	1	A	EP	1	\N	18	\N	\N
1212	Luz		t	985084600	\N		2024-02-19 00:00:00-05	t	f	2024-03-21 11:30:32.890189-05	\N	f	2024-03-21 11:29:21.738839-05	2024-03-21 11:30:32.891273-05	17	1	A	EP	1	\N	18	\N	\N
1207	Freddy		t	957751003	\N		2024-02-18 00:00:00-05	t	f	2024-03-21 11:30:32.922354-05	\N	f	2024-03-21 11:29:21.696276-05	2024-03-21 11:30:32.923285-05	16	1	A	EP	1	\N	18	\N	\N
1201	S/N		t	967722611	\N		2024-02-18 00:00:00-05	t	f	2024-03-21 11:30:32.96335-05	\N	f	2024-03-21 11:29:21.641286-05	2024-03-21 11:30:32.964307-05	16	1	A	EP	1	\N	18	\N	\N
1195	Ximena		t	994331831	\N		2024-02-18 00:00:00-05	t	f	2024-03-21 11:30:32.999213-05	\N	f	2024-03-21 11:29:21.578181-05	2024-03-21 11:30:33.00059-05	16	1	A	EP	1	\N	18	\N	\N
1190	S/N		t	928130120	\N		2024-02-18 00:00:00-05	t	f	2024-03-21 11:30:33.031321-05	\N	f	2024-03-21 11:29:21.5319-05	2024-03-21 11:30:33.032592-05	17	1	A	EP	1	\N	18	\N	\N
1184	Walter		t	951133227	\N		2024-02-18 00:00:00-05	t	f	2024-03-21 11:30:33.074465-05	\N	f	2024-03-21 11:29:21.47099-05	2024-03-21 11:30:33.0756-05	17	1	A	EP	1	\N	18	\N	\N
1179	S/N		t	953517551	\N		2024-02-18 00:00:00-05	t	f	2024-03-21 11:30:33.110072-05	\N	f	2024-03-21 11:29:21.421214-05	2024-03-21 11:30:33.111227-05	16	1	A	EP	1	\N	18	\N	\N
1173	Miguel		t	986837813	\N		2024-02-17 00:00:00-05	t	f	2024-03-21 11:30:33.151919-05	\N	f	2024-03-21 11:29:21.364185-05	2024-03-21 11:30:33.153618-05	16	1	A	EP	1	\N	18	\N	\N
1168	S/N		t	970959404	\N		2024-02-17 00:00:00-05	t	f	2024-03-21 11:30:33.187163-05	\N	f	2024-03-21 11:29:21.316326-05	2024-03-21 11:30:33.187997-05	17	1	A	EP	1	\N	18	\N	\N
1167	Luis		t	974783781	\N		2024-02-17 00:00:00-05	t	f	2024-03-21 11:30:33.192147-05	\N	f	2024-03-21 11:29:21.305955-05	2024-03-21 11:30:33.192798-05	16	1	A	EP	1	\N	18	\N	\N
1162	Luis		t	991754071	\N		2024-02-17 00:00:00-05	t	f	2024-03-21 11:30:33.221716-05	\N	f	2024-03-21 11:29:21.257685-05	2024-03-21 11:30:33.222477-05	17	1	A	EP	1	\N	18	\N	\N
1157	Walter		t	953663620	\N		2024-02-17 00:00:00-05	t	f	2024-03-21 11:30:33.254437-05	\N	f	2024-03-21 11:29:21.208646-05	2024-03-21 11:30:33.255419-05	16	1	A	EP	1	\N	18	\N	\N
1151	Paulita		t	967642581	\N		2024-02-17 00:00:00-05	t	f	2024-03-21 11:30:33.29231-05	\N	f	2024-03-21 11:29:21.150857-05	2024-03-21 11:30:33.293297-05	16	1	A	EP	1	\N	18	\N	\N
1146	Ivan		t	977137930	\N		2024-02-17 00:00:00-05	t	f	2024-03-21 11:30:33.325615-05	\N	f	2024-03-21 11:29:21.098682-05	2024-03-21 11:30:33.326676-05	17	1	A	EP	1	\N	18	\N	\N
1140	S/N		t	969719407	\N		2024-02-17 00:00:00-05	t	f	2024-03-21 11:30:33.362716-05	\N	f	2024-03-21 11:29:21.041128-05	2024-03-21 11:30:33.363844-05	17	1	A	EP	1	\N	18	\N	\N
1134	Juan Carlos		t	959322335	\N		2024-02-16 00:00:00-05	t	f	2024-03-21 11:30:33.401495-05	\N	f	2024-03-21 11:29:20.984243-05	2024-03-21 11:30:33.402861-05	17	1	A	EP	1	\N	18	\N	\N
1129	Jean		t	958110041	\N		2024-02-16 00:00:00-05	t	f	2024-03-21 11:30:33.434329-05	\N	f	2024-03-21 11:29:20.935281-05	2024-03-21 11:30:33.435967-05	16	1	A	EP	1	\N	18	\N	\N
1123	Kamila		t	992894807	\N		2024-02-16 00:00:00-05	t	f	2024-03-21 11:30:33.481232-05	\N	f	2024-03-21 11:29:20.880203-05	2024-03-21 11:30:33.482059-05	16	1	A	EP	1	\N	18	\N	\N
1117	Heydi		t	976631832	\N		2024-02-16 00:00:00-05	t	f	2024-03-21 11:30:33.524227-05	\N	f	2024-03-21 11:29:20.819954-05	2024-03-21 11:30:33.524955-05	16	1	A	EP	1	\N	18	\N	\N
1112	Raquel		t	959374465	\N		2024-02-16 00:00:00-05	t	f	2024-03-21 11:30:33.552399-05	\N	f	2024-03-21 11:29:20.746885-05	2024-03-21 11:30:33.553559-05	17	1	A	EP	1	\N	18	\N	\N
1106	Enrique		t	958001647	\N		2024-02-16 00:00:00-05	t	f	2024-03-21 11:30:33.589191-05	\N	f	2024-03-21 11:29:20.643689-05	2024-03-21 11:30:33.590018-05	17	1	A	EP	1	\N	18	\N	\N
1101	S/N		t	930423374	\N		2024-02-16 00:00:00-05	t	f	2024-03-21 11:30:33.618073-05	\N	f	2024-03-21 11:29:20.596145-05	2024-03-21 11:30:33.619465-05	16	1	A	EP	1	\N	18	\N	\N
1096	Guadalupe		t	960720879	\N		2024-02-15 00:00:00-05	t	f	2024-03-21 11:30:33.647172-05	\N	f	2024-03-21 11:29:20.547701-05	2024-03-21 11:30:33.647964-05	17	1	A	EP	1	\N	18	\N	\N
1090	Nicole		t	914692387	\N		2024-02-15 00:00:00-05	t	f	2024-03-21 11:30:33.683112-05	\N	f	2024-03-21 11:29:20.485335-05	2024-03-21 11:30:33.683955-05	17	1	A	EP	1	\N	18	\N	\N
1085	Nohely		t	916565263	\N		2024-02-15 00:00:00-05	t	f	2024-03-21 11:30:33.716577-05	\N	f	2024-03-21 11:29:20.437622-05	2024-03-21 11:30:33.717518-05	16	1	A	EP	1	\N	18	\N	\N
1079	Deyvis		t	993213669	\N		2024-02-15 00:00:00-05	t	f	2024-03-21 11:30:33.754575-05	\N	f	2024-03-21 11:29:20.321681-05	2024-03-21 11:30:33.755423-05	16	1	A	EP	1	\N	18	\N	\N
1073	Juan		t	928160294	\N		2024-02-14 00:00:00-05	t	f	2024-03-21 11:30:33.793346-05	\N	f	2024-03-21 11:29:20.262979-05	2024-03-21 11:30:33.794456-05	16	1	A	EP	1	\N	18	\N	\N
1068	Armando		t	941163582	\N		2024-02-14 00:00:00-05	t	f	2024-03-21 11:30:33.82446-05	\N	f	2024-03-21 11:29:20.215843-05	2024-03-21 11:30:33.825419-05	17	1	A	EP	1	\N	18	\N	\N
1062	S/N		t	975638420	\N		2024-02-14 00:00:00-05	t	f	2024-03-21 11:30:33.864935-05	\N	f	2024-03-21 11:29:20.162035-05	2024-03-21 11:30:33.86611-05	17	1	A	EP	1	\N	18	\N	\N
1057	Luz		t	940456210	\N		2024-02-14 00:00:00-05	t	f	2024-03-21 11:30:33.897619-05	\N	f	2024-03-21 11:29:20.11254-05	2024-03-21 11:30:33.898371-05	16	1	A	EP	1	\N	18	\N	\N
1051	Julia		t	992227372	\N		2024-02-14 00:00:00-05	t	f	2024-03-21 11:30:33.93546-05	\N	f	2024-03-21 11:29:20.054183-05	2024-03-21 11:30:33.936684-05	16	1	A	EP	1	\N	18	\N	\N
1046	Flor		t	999001263	\N		2024-02-13 00:00:00-05	t	f	2024-03-21 11:30:33.965611-05	\N	f	2024-03-21 11:29:20.000508-05	2024-03-21 11:30:33.966822-05	17	1	A	EP	1	\N	18	\N	\N
1045	Giuliano		t	993943900	\N		2024-02-13 00:00:00-05	t	f	2024-03-21 11:30:33.971955-05	\N	f	2024-03-21 11:29:19.991361-05	2024-03-21 11:30:33.972939-05	16	1	A	EP	1	\N	18	\N	\N
1040	Carlos		t	933674716	\N		2024-02-13 00:00:00-05	t	f	2024-03-21 11:30:34.001289-05	\N	f	2024-03-21 11:29:19.945513-05	2024-03-21 11:30:34.002906-05	17	1	A	EP	1	\N	18	\N	\N
1035	Alvaro		t	947774804	\N		2024-02-12 00:00:00-05	t	f	2024-03-21 11:30:34.036361-05	\N	f	2024-03-21 11:29:19.895181-05	2024-03-21 11:30:34.037677-05	16	1	A	EP	1	\N	18	\N	\N
1029	Hermelinda		t	960320390	\N		2024-02-12 00:00:00-05	t	f	2024-03-21 11:30:34.074664-05	\N	f	2024-03-21 11:29:19.837687-05	2024-03-21 11:30:34.075648-05	16	1	A	EP	1	\N	18	\N	\N
1024	Sandro		t	983983097	\N		2024-02-12 00:00:00-05	t	f	2024-03-21 11:30:34.10486-05	\N	f	2024-03-21 11:29:19.783233-05	2024-03-21 11:30:34.10583-05	17	1	A	EP	1	\N	18	\N	\N
1018	Karla		t	946325977	\N		2024-02-11 00:00:00-05	t	f	2024-03-21 11:30:34.144466-05	\N	f	2024-03-21 11:29:19.650673-05	2024-03-21 11:30:34.145177-05	17	1	A	EP	1	\N	18	\N	\N
1012	Lilian		t	959166399	\N		2024-02-11 00:00:00-05	t	f	2024-03-21 11:30:34.182099-05	\N	f	2024-03-21 11:29:19.589892-05	2024-03-21 11:30:34.183355-05	17	1	A	EP	1	\N	18	\N	\N
1007	Elvis		t	931853828	\N		2024-02-11 00:00:00-05	t	f	2024-03-21 11:30:34.213082-05	\N	f	2024-03-21 11:29:19.545708-05	2024-03-21 11:30:34.214008-05	16	1	A	EP	1	\N	18	\N	\N
1001	Paul		t	951208744	\N		2024-02-11 00:00:00-05	t	f	2024-03-21 11:30:34.253603-05	\N	f	2024-03-21 11:29:19.477122-05	2024-03-21 11:30:34.254734-05	16	1	A	EP	1	\N	18	\N	\N
996	Angelica		t	900125384	\N		2024-02-10 00:00:00-05	t	f	2024-03-21 11:30:34.283296-05	\N	f	2024-03-21 11:29:19.422932-05	2024-03-21 11:30:34.284676-05	17	1	A	EP	1	\N	18	\N	\N
990	Cristhian		t	924525419	\N		2024-02-10 00:00:00-05	t	f	2024-03-21 11:30:34.320891-05	\N	f	2024-03-21 11:29:19.364557-05	2024-03-21 11:30:34.321753-05	17	1	A	EP	1	\N	18	\N	\N
985	Marilia		t	976156409	\N		2024-02-10 00:00:00-05	t	f	2024-03-21 11:30:34.350778-05	\N	f	2024-03-21 11:29:19.317447-05	2024-03-21 11:30:34.352168-05	16	1	A	EP	1	\N	18	\N	\N
976	Danitza		t	989759496	\N		2024-02-09 00:00:00-05	t	f	2024-03-21 11:30:34.408103-05	\N	f	2024-03-21 11:29:19.222914-05	2024-03-21 11:30:34.40886-05	17	1	A	EP	1	\N	18	\N	\N
970	Sayda		t	915341146	\N		2024-02-09 00:00:00-05	t	f	2024-03-21 11:30:34.447576-05	\N	f	2024-03-21 11:29:19.160612-05	2024-03-21 11:30:34.448455-05	17	1	A	EP	1	\N	18	\N	\N
965	Luz		t	973056264	\N		2024-02-08 00:00:00-05	t	f	2024-03-21 11:30:34.478028-05	\N	f	2024-03-21 11:29:19.111131-05	2024-03-21 11:30:34.479181-05	16	1	A	EP	1	\N	18	\N	\N
959	Marco		t	977136217	\N		2024-02-08 00:00:00-05	t	f	2024-03-21 11:30:34.513853-05	\N	f	2024-03-21 11:29:19.04736-05	2024-03-21 11:30:34.514601-05	16	1	A	EP	1	\N	18	\N	\N
954	Angelica		t	942057171	\N		2024-02-08 00:00:00-05	t	f	2024-03-21 11:30:34.543433-05	\N	f	2024-03-21 11:29:18.998296-05	2024-03-21 11:30:34.544251-05	17	1	A	EP	1	\N	18	\N	\N
948	Mar칤a		t	972680009	\N		2024-02-07 00:00:00-05	t	f	2024-03-21 11:30:34.580246-05	\N	f	2024-03-21 11:29:18.938475-05	2024-03-21 11:30:34.581022-05	17	1	A	EP	1	\N	18	\N	\N
942	Mariluz		t	985990402	\N	Atencion urgente	2024-02-07 00:00:00-05	t	f	2024-03-21 11:30:34.617205-05	\N	f	2024-03-21 11:29:18.880722-05	2024-03-21 11:30:34.619289-05	17	1	A	EP	1	\N	18	\N	\N
936	Lupita		t	997003247	\N		2024-02-06 00:00:00-05	t	f	2024-03-21 11:30:34.656339-05	\N	f	2024-03-21 11:29:18.81782-05	2024-03-21 11:30:34.657164-05	17	1	A	EP	1	\N	18	\N	\N
927	BRIAN	VELASCO	t	51966666666			2024-03-21 11:26:59.960571-05	t	t	2024-03-21 11:26:59.951242-05	2024-03-22 07:03:21.53916-05	f	2024-03-21 11:26:59.960677-05	2024-03-22 07:03:21.558171-05	14	2	A	EP	1	14	18	4	6
930	jose		f	941679269	\N		2024-02-01 00:00:00-05	t	f	2024-03-26 10:46:07.765585-05	2024-03-26 10:47:05.058539-05	f	2024-03-21 11:29:18.749203-05	2024-03-26 10:47:05.075738-05	\N	1	A	SE	6	17	18	5	\N
\.


--
-- Data for Name: ventas_llamada; Type: TABLE DATA; Schema: public; Owner: postgres
--

COPY public.ventas_llamada (id, detalle, contesto, fecha_creacion, fecha_actualizacion, asesor_id, estado_id, lead_id, objecion_id, "usuarioActualizador_id", "usuarioCreador_id") FROM stdin;
2	asvasvas	f	2024-03-24 10:35:21.824188-05	2024-03-24 10:35:21.824984-05	17	A	984	6	\N	17
1	ascsacas	f	2024-03-24 10:33:23.098548-05	2024-03-24 10:33:23.099218-05	17	A	\N	6	\N	17
\.


--
-- Data for Name: ventas_objecion; Type: TABLE DATA; Schema: public; Owner: postgres
--

COPY public.ventas_objecion (id, nombre, estado_id) FROM stdin;
1	Ninguna	A
2	No estoy interesado	A
3	N칰mero equivocado	A
4	Muy caro	A
5	Yo les devuelvo la llamada	A
6	Vu칠lveme a llamar	A
7	La ubicaci칩n no me gusta	A
\.


--
-- Data for Name: ventas_precio; Type: TABLE DATA; Schema: public; Owner: postgres
--

COPY public.ventas_precio (id, precio, cotizacion_id, estado_id, "tipoProducto_id") FROM stdin;
\.


--
-- Data for Name: ventas_producto; Type: TABLE DATA; Schema: public; Owner: postgres
--

COPY public.ventas_producto (id, nombre, codigo, reservado, numero, area, fecha_creacion, fecha_actualizacion, estado_id, proyecto_id, tipo_id, "usuarioActualizador_id", "usuarioCreador_id") FROM stdin;
1	Producto	6f1a27a4-c533-4a2e-a3fb-33044c9a85fb	f	1	1	2024-03-20 21:39:28.278545-05	2024-03-20 21:39:28.279042-05	A	1	3	1	1
5	Producto2	07652aeb-3f19-4fef-ad4d-0d40491225e9	f	1	1	2024-03-20 22:00:27.95175-05	2024-03-20 22:00:44.268046-05	A	2	2	1	1
6	p3	55fb1aab-eb8a-4965-82b8-240432d2140c	f	111	110	2024-03-20 23:26:28.705253-05	2024-03-20 23:26:28.705533-05	A	2	4	1	1
\.


--
-- Data for Name: ventas_proyectotipoproducto; Type: TABLE DATA; Schema: public; Owner: postgres
--

COPY public.ventas_proyectotipoproducto (id, proyecto_id, tipo_producto_id) FROM stdin;
\.


--
-- Data for Name: ventas_tipocotizacion; Type: TABLE DATA; Schema: public; Owner: postgres
--

COPY public.ventas_tipocotizacion (id, nombre, estado_id) FROM stdin;
\.


--
-- Data for Name: ventas_tipocuota; Type: TABLE DATA; Schema: public; Owner: postgres
--

COPY public.ventas_tipocuota (id, nombre, estado_id) FROM stdin;
1	Pago Contado	A
\.


--
-- Data for Name: ventas_tipoevento; Type: TABLE DATA; Schema: public; Owner: postgres
--

COPY public.ventas_tipoevento (id, nombre, estado_id, color) FROM stdin;
1	Visita Campo	A	#00B2FF
2	Visita Oficina	A	#111111
\.


--
-- Data for Name: ventas_tipoproducto; Type: TABLE DATA; Schema: public; Owner: postgres
--

COPY public.ventas_tipoproducto (id, nombre, estado_id) FROM stdin;
1	Departamento	A
2	Lote	A
3	Cochera	A
4	Deposito	A
5	Condominio	A
\.


--
-- Data for Name: ventas_whatsapp; Type: TABLE DATA; Schema: public; Owner: postgres
--

COPY public.ventas_whatsapp (id, detalle, respondio, fecha_creacion, fecha_actualizacion, asesor_id, estado_id, lead_id, objecion_id, "usuarioActualizador_id", "usuarioCreador_id") FROM stdin;
1	Bueno	t	2024-03-17 19:46:26.152079-05	2024-03-17 19:46:26.152375-05	14	A	\N	5	\N	14
2	hola	f	2024-03-19 18:43:50.068855-05	2024-03-19 18:43:50.070479-05	14	A	\N	1	\N	\N
3	hola	f	2024-03-19 18:43:50.079088-05	2024-03-19 18:43:50.081884-05	14	A	\N	1	\N	\N
4	holsssssa	f	2024-03-19 18:47:35.731871-05	2024-03-19 18:47:35.735405-05	14	A	\N	1	\N	\N
5	holsssssa	f	2024-03-19 18:47:35.746907-05	2024-03-19 18:47:35.749266-05	14	A	\N	1	\N	\N
6	holsssssa	f	2024-03-19 18:48:11.568406-05	2024-03-19 18:48:11.572061-05	1	A	\N	1	\N	\N
7	holsssssa	f	2024-03-19 18:48:11.58924-05	2024-03-19 18:48:11.591106-05	1	A	\N	1	\N	\N
8	CGVUBIHBHONN	f	2024-03-20 23:41:04.548973-05	2024-03-20 23:41:04.551913-05	15	A	\N	1	\N	\N
9	fbdbdbf	f	2024-03-21 21:25:19.98315-05	2024-03-21 21:25:19.98388-05	14	A	927	4	\N	14
11	ascasc	f	2024-03-24 10:40:15.160167-05	2024-03-24 10:40:15.160646-05	17	A	984	6	\N	17
12	ascsacsa	f	2024-03-24 10:40:19.180248-05	2024-03-24 10:40:19.18065-05	17	A	984	4	\N	17
10	ascascas	f	2024-03-24 10:33:11.589471-05	2024-03-24 10:33:11.589947-05	17	A	\N	6	\N	17
\.


--
-- Name: auth_group_id_seq; Type: SEQUENCE SET; Schema: public; Owner: postgres
--

SELECT pg_catalog.setval('public.auth_group_id_seq', 3, true);


--
-- Name: auth_group_permissions_id_seq; Type: SEQUENCE SET; Schema: public; Owner: postgres
--

SELECT pg_catalog.setval('public.auth_group_permissions_id_seq', 60, true);


--
-- Name: auth_permission_id_seq; Type: SEQUENCE SET; Schema: public; Owner: postgres
--

SELECT pg_catalog.setval('public.auth_permission_id_seq', 184, true);


--
-- Name: cuenta_modulo_id_seq; Type: SEQUENCE SET; Schema: public; Owner: postgres
--

SELECT pg_catalog.setval('public.cuenta_modulo_id_seq', 7, true);


--
-- Name: cuenta_user_groups_id_seq; Type: SEQUENCE SET; Schema: public; Owner: postgres
--

SELECT pg_catalog.setval('public.cuenta_user_groups_id_seq', 12, true);


--
-- Name: cuenta_user_id_seq; Type: SEQUENCE SET; Schema: public; Owner: postgres
--

SELECT pg_catalog.setval('public.cuenta_user_id_seq', 19, true);


--
-- Name: cuenta_user_user_permissions_id_seq; Type: SEQUENCE SET; Schema: public; Owner: postgres
--

SELECT pg_catalog.setval('public.cuenta_user_user_permissions_id_seq', 1, false);


--
-- Name: django_admin_log_id_seq; Type: SEQUENCE SET; Schema: public; Owner: postgres
--

SELECT pg_catalog.setval('public.django_admin_log_id_seq', 999, true);


--
-- Name: django_celery_beat_clockedschedule_id_seq; Type: SEQUENCE SET; Schema: public; Owner: postgres
--

SELECT pg_catalog.setval('public.django_celery_beat_clockedschedule_id_seq', 1, false);


--
-- Name: django_celery_beat_crontabschedule_id_seq; Type: SEQUENCE SET; Schema: public; Owner: postgres
--

SELECT pg_catalog.setval('public.django_celery_beat_crontabschedule_id_seq', 1, false);


--
-- Name: django_celery_beat_intervalschedule_id_seq; Type: SEQUENCE SET; Schema: public; Owner: postgres
--

SELECT pg_catalog.setval('public.django_celery_beat_intervalschedule_id_seq', 1, false);


--
-- Name: django_celery_beat_periodictask_id_seq; Type: SEQUENCE SET; Schema: public; Owner: postgres
--

SELECT pg_catalog.setval('public.django_celery_beat_periodictask_id_seq', 1, false);


--
-- Name: django_celery_beat_solarschedule_id_seq; Type: SEQUENCE SET; Schema: public; Owner: postgres
--

SELECT pg_catalog.setval('public.django_celery_beat_solarschedule_id_seq', 1, false);


--
-- Name: django_content_type_id_seq; Type: SEQUENCE SET; Schema: public; Owner: postgres
--

SELECT pg_catalog.setval('public.django_content_type_id_seq', 46, true);


--
-- Name: django_migrations_id_seq; Type: SEQUENCE SET; Schema: public; Owner: postgres
--

SELECT pg_catalog.setval('public.django_migrations_id_seq', 64, true);


--
-- Name: marketing_banco_id_seq; Type: SEQUENCE SET; Schema: public; Owner: postgres
--

SELECT pg_catalog.setval('public.marketing_banco_id_seq', 4, true);


--
-- Name: marketing_campania_id_seq; Type: SEQUENCE SET; Schema: public; Owner: postgres
--

SELECT pg_catalog.setval('public.marketing_campania_id_seq', 16, true);


--
-- Name: marketing_categoria_id_seq; Type: SEQUENCE SET; Schema: public; Owner: postgres
--

SELECT pg_catalog.setval('public.marketing_categoria_id_seq', 7, true);


--
-- Name: marketing_gastocampania_id_seq; Type: SEQUENCE SET; Schema: public; Owner: postgres
--

SELECT pg_catalog.setval('public.marketing_gastocampania_id_seq', 10, true);


--
-- Name: marketing_presupuestoproyecto_id_seq; Type: SEQUENCE SET; Schema: public; Owner: postgres
--

SELECT pg_catalog.setval('public.marketing_presupuestoproyecto_id_seq', 3, true);


--
-- Name: marketing_proyecto_id_seq; Type: SEQUENCE SET; Schema: public; Owner: postgres
--

SELECT pg_catalog.setval('public.marketing_proyecto_id_seq', 2, true);


--
-- Name: multimedia_imagenproducto_id_seq; Type: SEQUENCE SET; Schema: public; Owner: postgres
--

SELECT pg_catalog.setval('public.multimedia_imagenproducto_id_seq', 1, true);


--
-- Name: multimedia_imagenproyecto_id_seq; Type: SEQUENCE SET; Schema: public; Owner: postgres
--

SELECT pg_catalog.setval('public.multimedia_imagenproyecto_id_seq', 4, true);


--
-- Name: multimedia_videoproducto_id_seq; Type: SEQUENCE SET; Schema: public; Owner: postgres
--

SELECT pg_catalog.setval('public.multimedia_videoproducto_id_seq', 1, false);


--
-- Name: multimedia_videoproyecto_id_seq; Type: SEQUENCE SET; Schema: public; Owner: postgres
--

SELECT pg_catalog.setval('public.multimedia_videoproyecto_id_seq', 1, false);


--
-- Name: token_blacklist_blacklistedtoken_id_seq; Type: SEQUENCE SET; Schema: public; Owner: postgres
--

SELECT pg_catalog.setval('public.token_blacklist_blacklistedtoken_id_seq', 1, false);


--
-- Name: token_blacklist_outstandingtoken_id_seq; Type: SEQUENCE SET; Schema: public; Owner: postgres
--

SELECT pg_catalog.setval('public.token_blacklist_outstandingtoken_id_seq', 124, true);


--
-- Name: ventas_cotizacion_id_seq; Type: SEQUENCE SET; Schema: public; Owner: postgres
--

SELECT pg_catalog.setval('public.ventas_cotizacion_id_seq', 1, false);


--
-- Name: ventas_cuota_id_seq; Type: SEQUENCE SET; Schema: public; Owner: postgres
--

SELECT pg_catalog.setval('public.ventas_cuota_id_seq', 1, false);


--
-- Name: ventas_desasignacionconfiguracion_id_seq; Type: SEQUENCE SET; Schema: public; Owner: postgres
--

SELECT pg_catalog.setval('public.ventas_desasignacionconfiguracion_id_seq', 1, false);


--
-- Name: ventas_desasignacionleadasesor_id_seq; Type: SEQUENCE SET; Schema: public; Owner: postgres
--

SELECT pg_catalog.setval('public.ventas_desasignacionleadasesor_id_seq', 62, true);


--
-- Name: ventas_estadoevento_id_seq; Type: SEQUENCE SET; Schema: public; Owner: postgres
--

SELECT pg_catalog.setval('public.ventas_estadoevento_id_seq', 3, true);


--
-- Name: ventas_estadoseparacionlead_id_seq; Type: SEQUENCE SET; Schema: public; Owner: postgres
--

SELECT pg_catalog.setval('public.ventas_estadoseparacionlead_id_seq', 5, true);


--
-- Name: ventas_evento_id_seq; Type: SEQUENCE SET; Schema: public; Owner: postgres
--

SELECT pg_catalog.setval('public.ventas_evento_id_seq', 11, true);


--
-- Name: ventas_historicoleadasesor_id_seq; Type: SEQUENCE SET; Schema: public; Owner: postgres
--

SELECT pg_catalog.setval('public.ventas_historicoleadasesor_id_seq', 911, true);


--
-- Name: ventas_lead_id_seq; Type: SEQUENCE SET; Schema: public; Owner: postgres
--

SELECT pg_catalog.setval('public.ventas_lead_id_seq', 1373, true);


--
-- Name: ventas_llamada_id_seq; Type: SEQUENCE SET; Schema: public; Owner: postgres
--

SELECT pg_catalog.setval('public.ventas_llamada_id_seq', 2, true);


--
-- Name: ventas_objecion_id_seq; Type: SEQUENCE SET; Schema: public; Owner: postgres
--

SELECT pg_catalog.setval('public.ventas_objecion_id_seq', 7, true);


--
-- Name: ventas_precio_id_seq; Type: SEQUENCE SET; Schema: public; Owner: postgres
--

SELECT pg_catalog.setval('public.ventas_precio_id_seq', 1, false);


--
-- Name: ventas_producto_id_seq; Type: SEQUENCE SET; Schema: public; Owner: postgres
--

SELECT pg_catalog.setval('public.ventas_producto_id_seq', 6, true);


--
-- Name: ventas_proyectotipoproducto_id_seq; Type: SEQUENCE SET; Schema: public; Owner: postgres
--

SELECT pg_catalog.setval('public.ventas_proyectotipoproducto_id_seq', 1, false);


--
-- Name: ventas_tipocotizacion_id_seq; Type: SEQUENCE SET; Schema: public; Owner: postgres
--

SELECT pg_catalog.setval('public.ventas_tipocotizacion_id_seq', 1, false);


--
-- Name: ventas_tipocuota_id_seq; Type: SEQUENCE SET; Schema: public; Owner: postgres
--

SELECT pg_catalog.setval('public.ventas_tipocuota_id_seq', 1, true);


--
-- Name: ventas_tipoevento_id_seq; Type: SEQUENCE SET; Schema: public; Owner: postgres
--

SELECT pg_catalog.setval('public.ventas_tipoevento_id_seq', 2, true);


--
-- Name: ventas_tipoproducto_id_seq; Type: SEQUENCE SET; Schema: public; Owner: postgres
--

SELECT pg_catalog.setval('public.ventas_tipoproducto_id_seq', 5, true);


--
-- Name: ventas_whatsapp_id_seq; Type: SEQUENCE SET; Schema: public; Owner: postgres
--

SELECT pg_catalog.setval('public.ventas_whatsapp_id_seq', 12, true);


--
-- Name: auth_group auth_group_name_key; Type: CONSTRAINT; Schema: public; Owner: postgres
--

ALTER TABLE ONLY public.auth_group
    ADD CONSTRAINT auth_group_name_key UNIQUE (name);


--
-- Name: auth_group_permissions auth_group_permissions_group_id_permission_id_0cd325b0_uniq; Type: CONSTRAINT; Schema: public; Owner: postgres
--

ALTER TABLE ONLY public.auth_group_permissions
    ADD CONSTRAINT auth_group_permissions_group_id_permission_id_0cd325b0_uniq UNIQUE (group_id, permission_id);


--
-- Name: auth_group_permissions auth_group_permissions_pkey; Type: CONSTRAINT; Schema: public; Owner: postgres
--

ALTER TABLE ONLY public.auth_group_permissions
    ADD CONSTRAINT auth_group_permissions_pkey PRIMARY KEY (id);


--
-- Name: auth_group auth_group_pkey; Type: CONSTRAINT; Schema: public; Owner: postgres
--

ALTER TABLE ONLY public.auth_group
    ADD CONSTRAINT auth_group_pkey PRIMARY KEY (id);


--
-- Name: auth_permission auth_permission_content_type_id_codename_01ab375a_uniq; Type: CONSTRAINT; Schema: public; Owner: postgres
--

ALTER TABLE ONLY public.auth_permission
    ADD CONSTRAINT auth_permission_content_type_id_codename_01ab375a_uniq UNIQUE (content_type_id, codename);


--
-- Name: auth_permission auth_permission_pkey; Type: CONSTRAINT; Schema: public; Owner: postgres
--

ALTER TABLE ONLY public.auth_permission
    ADD CONSTRAINT auth_permission_pkey PRIMARY KEY (id);


--
-- Name: cuenta_estadoregistro cuenta_estadoregistro_pkey; Type: CONSTRAINT; Schema: public; Owner: postgres
--

ALTER TABLE ONLY public.cuenta_estadoregistro
    ADD CONSTRAINT cuenta_estadoregistro_pkey PRIMARY KEY (estado);


--
-- Name: cuenta_modulo cuenta_modulo_pkey; Type: CONSTRAINT; Schema: public; Owner: postgres
--

ALTER TABLE ONLY public.cuenta_modulo
    ADD CONSTRAINT cuenta_modulo_pkey PRIMARY KEY (id);


--
-- Name: cuenta_user cuenta_user_codigoAsesor_key; Type: CONSTRAINT; Schema: public; Owner: postgres
--

ALTER TABLE ONLY public.cuenta_user
    ADD CONSTRAINT "cuenta_user_codigoAsesor_key" UNIQUE ("codigoAsesor");


--
-- Name: cuenta_user_groups cuenta_user_groups_pkey; Type: CONSTRAINT; Schema: public; Owner: postgres
--

ALTER TABLE ONLY public.cuenta_user_groups
    ADD CONSTRAINT cuenta_user_groups_pkey PRIMARY KEY (id);


--
-- Name: cuenta_user_groups cuenta_user_groups_user_id_group_id_aa2c9476_uniq; Type: CONSTRAINT; Schema: public; Owner: postgres
--

ALTER TABLE ONLY public.cuenta_user_groups
    ADD CONSTRAINT cuenta_user_groups_user_id_group_id_aa2c9476_uniq UNIQUE (user_id, group_id);


--
-- Name: cuenta_user cuenta_user_pkey; Type: CONSTRAINT; Schema: public; Owner: postgres
--

ALTER TABLE ONLY public.cuenta_user
    ADD CONSTRAINT cuenta_user_pkey PRIMARY KEY (id);


--
-- Name: cuenta_user_user_permissions cuenta_user_user_permiss_user_id_permission_id_4ab227af_uniq; Type: CONSTRAINT; Schema: public; Owner: postgres
--

ALTER TABLE ONLY public.cuenta_user_user_permissions
    ADD CONSTRAINT cuenta_user_user_permiss_user_id_permission_id_4ab227af_uniq UNIQUE (user_id, permission_id);


--
-- Name: cuenta_user_user_permissions cuenta_user_user_permissions_pkey; Type: CONSTRAINT; Schema: public; Owner: postgres
--

ALTER TABLE ONLY public.cuenta_user_user_permissions
    ADD CONSTRAINT cuenta_user_user_permissions_pkey PRIMARY KEY (id);


--
-- Name: cuenta_user cuenta_user_username_key; Type: CONSTRAINT; Schema: public; Owner: postgres
--

ALTER TABLE ONLY public.cuenta_user
    ADD CONSTRAINT cuenta_user_username_key UNIQUE (username);


--
-- Name: django_admin_log django_admin_log_pkey; Type: CONSTRAINT; Schema: public; Owner: postgres
--

ALTER TABLE ONLY public.django_admin_log
    ADD CONSTRAINT django_admin_log_pkey PRIMARY KEY (id);


--
-- Name: django_celery_beat_clockedschedule django_celery_beat_clockedschedule_pkey; Type: CONSTRAINT; Schema: public; Owner: postgres
--

ALTER TABLE ONLY public.django_celery_beat_clockedschedule
    ADD CONSTRAINT django_celery_beat_clockedschedule_pkey PRIMARY KEY (id);


--
-- Name: django_celery_beat_crontabschedule django_celery_beat_crontabschedule_pkey; Type: CONSTRAINT; Schema: public; Owner: postgres
--

ALTER TABLE ONLY public.django_celery_beat_crontabschedule
    ADD CONSTRAINT django_celery_beat_crontabschedule_pkey PRIMARY KEY (id);


--
-- Name: django_celery_beat_intervalschedule django_celery_beat_intervalschedule_pkey; Type: CONSTRAINT; Schema: public; Owner: postgres
--

ALTER TABLE ONLY public.django_celery_beat_intervalschedule
    ADD CONSTRAINT django_celery_beat_intervalschedule_pkey PRIMARY KEY (id);


--
-- Name: django_celery_beat_periodictask django_celery_beat_periodictask_name_key; Type: CONSTRAINT; Schema: public; Owner: postgres
--

ALTER TABLE ONLY public.django_celery_beat_periodictask
    ADD CONSTRAINT django_celery_beat_periodictask_name_key UNIQUE (name);


--
-- Name: django_celery_beat_periodictask django_celery_beat_periodictask_pkey; Type: CONSTRAINT; Schema: public; Owner: postgres
--

ALTER TABLE ONLY public.django_celery_beat_periodictask
    ADD CONSTRAINT django_celery_beat_periodictask_pkey PRIMARY KEY (id);


--
-- Name: django_celery_beat_periodictasks django_celery_beat_periodictasks_pkey; Type: CONSTRAINT; Schema: public; Owner: postgres
--

ALTER TABLE ONLY public.django_celery_beat_periodictasks
    ADD CONSTRAINT django_celery_beat_periodictasks_pkey PRIMARY KEY (ident);


--
-- Name: django_celery_beat_solarschedule django_celery_beat_solar_event_latitude_longitude_ba64999a_uniq; Type: CONSTRAINT; Schema: public; Owner: postgres
--

ALTER TABLE ONLY public.django_celery_beat_solarschedule
    ADD CONSTRAINT django_celery_beat_solar_event_latitude_longitude_ba64999a_uniq UNIQUE (event, latitude, longitude);


--
-- Name: django_celery_beat_solarschedule django_celery_beat_solarschedule_pkey; Type: CONSTRAINT; Schema: public; Owner: postgres
--

ALTER TABLE ONLY public.django_celery_beat_solarschedule
    ADD CONSTRAINT django_celery_beat_solarschedule_pkey PRIMARY KEY (id);


--
-- Name: django_content_type django_content_type_app_label_model_76bd3d3b_uniq; Type: CONSTRAINT; Schema: public; Owner: postgres
--

ALTER TABLE ONLY public.django_content_type
    ADD CONSTRAINT django_content_type_app_label_model_76bd3d3b_uniq UNIQUE (app_label, model);


--
-- Name: django_content_type django_content_type_pkey; Type: CONSTRAINT; Schema: public; Owner: postgres
--

ALTER TABLE ONLY public.django_content_type
    ADD CONSTRAINT django_content_type_pkey PRIMARY KEY (id);


--
-- Name: django_migrations django_migrations_pkey; Type: CONSTRAINT; Schema: public; Owner: postgres
--

ALTER TABLE ONLY public.django_migrations
    ADD CONSTRAINT django_migrations_pkey PRIMARY KEY (id);


--
-- Name: django_session django_session_pkey; Type: CONSTRAINT; Schema: public; Owner: postgres
--

ALTER TABLE ONLY public.django_session
    ADD CONSTRAINT django_session_pkey PRIMARY KEY (session_key);


--
-- Name: marketing_banco marketing_banco_codigo_key; Type: CONSTRAINT; Schema: public; Owner: postgres
--

ALTER TABLE ONLY public.marketing_banco
    ADD CONSTRAINT marketing_banco_codigo_key UNIQUE (codigo);


--
-- Name: marketing_banco marketing_banco_nombre_key; Type: CONSTRAINT; Schema: public; Owner: postgres
--

ALTER TABLE ONLY public.marketing_banco
    ADD CONSTRAINT marketing_banco_nombre_key UNIQUE (nombre);


--
-- Name: marketing_banco marketing_banco_pkey; Type: CONSTRAINT; Schema: public; Owner: postgres
--

ALTER TABLE ONLY public.marketing_banco
    ADD CONSTRAINT marketing_banco_pkey PRIMARY KEY (id);


--
-- Name: marketing_campania marketing_campania_codigo_key; Type: CONSTRAINT; Schema: public; Owner: postgres
--

ALTER TABLE ONLY public.marketing_campania
    ADD CONSTRAINT marketing_campania_codigo_key UNIQUE (codigo);


--
-- Name: marketing_campania marketing_campania_nombre_key; Type: CONSTRAINT; Schema: public; Owner: postgres
--

ALTER TABLE ONLY public.marketing_campania
    ADD CONSTRAINT marketing_campania_nombre_key UNIQUE (nombre);


--
-- Name: marketing_campania marketing_campania_pkey; Type: CONSTRAINT; Schema: public; Owner: postgres
--

ALTER TABLE ONLY public.marketing_campania
    ADD CONSTRAINT marketing_campania_pkey PRIMARY KEY (id);


--
-- Name: marketing_categoria marketing_categoria_codigo_key; Type: CONSTRAINT; Schema: public; Owner: postgres
--

ALTER TABLE ONLY public.marketing_categoria
    ADD CONSTRAINT marketing_categoria_codigo_key UNIQUE (codigo);


--
-- Name: marketing_categoria marketing_categoria_nombre_key; Type: CONSTRAINT; Schema: public; Owner: postgres
--

ALTER TABLE ONLY public.marketing_categoria
    ADD CONSTRAINT marketing_categoria_nombre_key UNIQUE (nombre);


--
-- Name: marketing_categoria marketing_categoria_pkey; Type: CONSTRAINT; Schema: public; Owner: postgres
--

ALTER TABLE ONLY public.marketing_categoria
    ADD CONSTRAINT marketing_categoria_pkey PRIMARY KEY (id);


--
-- Name: marketing_gastocampania marketing_gastocampania_pkey; Type: CONSTRAINT; Schema: public; Owner: postgres
--

ALTER TABLE ONLY public.marketing_gastocampania
    ADD CONSTRAINT marketing_gastocampania_pkey PRIMARY KEY (id);


--
-- Name: marketing_presupuestoproyecto marketing_presupuestoproyecto_pkey; Type: CONSTRAINT; Schema: public; Owner: postgres
--

ALTER TABLE ONLY public.marketing_presupuestoproyecto
    ADD CONSTRAINT marketing_presupuestoproyecto_pkey PRIMARY KEY (id);


--
-- Name: marketing_proyecto marketing_proyecto_codigo_key; Type: CONSTRAINT; Schema: public; Owner: postgres
--

ALTER TABLE ONLY public.marketing_proyecto
    ADD CONSTRAINT marketing_proyecto_codigo_key UNIQUE (codigo);


--
-- Name: marketing_proyecto marketing_proyecto_nombre_key; Type: CONSTRAINT; Schema: public; Owner: postgres
--

ALTER TABLE ONLY public.marketing_proyecto
    ADD CONSTRAINT marketing_proyecto_nombre_key UNIQUE (nombre);


--
-- Name: marketing_proyecto marketing_proyecto_pkey; Type: CONSTRAINT; Schema: public; Owner: postgres
--

ALTER TABLE ONLY public.marketing_proyecto
    ADD CONSTRAINT marketing_proyecto_pkey PRIMARY KEY (id);


--
-- Name: multimedia_imagenproducto multimedia_imagenproducto_pkey; Type: CONSTRAINT; Schema: public; Owner: postgres
--

ALTER TABLE ONLY public.multimedia_imagenproducto
    ADD CONSTRAINT multimedia_imagenproducto_pkey PRIMARY KEY (id);


--
-- Name: multimedia_imagenproyecto multimedia_imagenproyecto_pkey; Type: CONSTRAINT; Schema: public; Owner: postgres
--

ALTER TABLE ONLY public.multimedia_imagenproyecto
    ADD CONSTRAINT multimedia_imagenproyecto_pkey PRIMARY KEY (id);


--
-- Name: multimedia_videoproducto multimedia_videoproducto_pkey; Type: CONSTRAINT; Schema: public; Owner: postgres
--

ALTER TABLE ONLY public.multimedia_videoproducto
    ADD CONSTRAINT multimedia_videoproducto_pkey PRIMARY KEY (id);


--
-- Name: multimedia_videoproyecto multimedia_videoproyecto_pkey; Type: CONSTRAINT; Schema: public; Owner: postgres
--

ALTER TABLE ONLY public.multimedia_videoproyecto
    ADD CONSTRAINT multimedia_videoproyecto_pkey PRIMARY KEY (id);


--
-- Name: token_blacklist_blacklistedtoken token_blacklist_blacklistedtoken_pkey; Type: CONSTRAINT; Schema: public; Owner: postgres
--

ALTER TABLE ONLY public.token_blacklist_blacklistedtoken
    ADD CONSTRAINT token_blacklist_blacklistedtoken_pkey PRIMARY KEY (id);


--
-- Name: token_blacklist_blacklistedtoken token_blacklist_blacklistedtoken_token_id_key; Type: CONSTRAINT; Schema: public; Owner: postgres
--

ALTER TABLE ONLY public.token_blacklist_blacklistedtoken
    ADD CONSTRAINT token_blacklist_blacklistedtoken_token_id_key UNIQUE (token_id);


--
-- Name: token_blacklist_outstandingtoken token_blacklist_outstandingtoken_jti_hex_d9bdf6f7_uniq; Type: CONSTRAINT; Schema: public; Owner: postgres
--

ALTER TABLE ONLY public.token_blacklist_outstandingtoken
    ADD CONSTRAINT token_blacklist_outstandingtoken_jti_hex_d9bdf6f7_uniq UNIQUE (jti);


--
-- Name: token_blacklist_outstandingtoken token_blacklist_outstandingtoken_pkey; Type: CONSTRAINT; Schema: public; Owner: postgres
--

ALTER TABLE ONLY public.token_blacklist_outstandingtoken
    ADD CONSTRAINT token_blacklist_outstandingtoken_pkey PRIMARY KEY (id);


--
-- Name: ventas_cotizacion ventas_cotizacion_pkey; Type: CONSTRAINT; Schema: public; Owner: postgres
--

ALTER TABLE ONLY public.ventas_cotizacion
    ADD CONSTRAINT ventas_cotizacion_pkey PRIMARY KEY (id);


--
-- Name: ventas_cuota ventas_cuota_pkey; Type: CONSTRAINT; Schema: public; Owner: postgres
--

ALTER TABLE ONLY public.ventas_cuota
    ADD CONSTRAINT ventas_cuota_pkey PRIMARY KEY (id);


--
-- Name: ventas_desasignacionconfiguracion ventas_desasignacionconfiguracion_pkey; Type: CONSTRAINT; Schema: public; Owner: postgres
--

ALTER TABLE ONLY public.ventas_desasignacionconfiguracion
    ADD CONSTRAINT ventas_desasignacionconfiguracion_pkey PRIMARY KEY (id);


--
-- Name: ventas_desasignacionleadasesor ventas_desasignacionleadasesor_pkey; Type: CONSTRAINT; Schema: public; Owner: postgres
--

ALTER TABLE ONLY public.ventas_desasignacionleadasesor
    ADD CONSTRAINT ventas_desasignacionleadasesor_pkey PRIMARY KEY (id);


--
-- Name: ventas_estadoevento ventas_estadoevento_pkey; Type: CONSTRAINT; Schema: public; Owner: postgres
--

ALTER TABLE ONLY public.ventas_estadoevento
    ADD CONSTRAINT ventas_estadoevento_pkey PRIMARY KEY (id);


--
-- Name: ventas_estadolead ventas_estadolead_pkey; Type: CONSTRAINT; Schema: public; Owner: postgres
--

ALTER TABLE ONLY public.ventas_estadolead
    ADD CONSTRAINT ventas_estadolead_pkey PRIMARY KEY (nombre);


--
-- Name: ventas_estadoseparacionlead ventas_estadoseparacionlead_pkey; Type: CONSTRAINT; Schema: public; Owner: postgres
--

ALTER TABLE ONLY public.ventas_estadoseparacionlead
    ADD CONSTRAINT ventas_estadoseparacionlead_pkey PRIMARY KEY (id);


--
-- Name: ventas_evento ventas_evento_pkey; Type: CONSTRAINT; Schema: public; Owner: postgres
--

ALTER TABLE ONLY public.ventas_evento
    ADD CONSTRAINT ventas_evento_pkey PRIMARY KEY (id);


--
-- Name: ventas_historicoleadasesor ventas_historicoleadasesor_pkey; Type: CONSTRAINT; Schema: public; Owner: postgres
--

ALTER TABLE ONLY public.ventas_historicoleadasesor
    ADD CONSTRAINT ventas_historicoleadasesor_pkey PRIMARY KEY (id);


--
-- Name: ventas_lead ventas_lead_pkey; Type: CONSTRAINT; Schema: public; Owner: postgres
--

ALTER TABLE ONLY public.ventas_lead
    ADD CONSTRAINT ventas_lead_pkey PRIMARY KEY (id);


--
-- Name: ventas_llamada ventas_llamada_pkey; Type: CONSTRAINT; Schema: public; Owner: postgres
--

ALTER TABLE ONLY public.ventas_llamada
    ADD CONSTRAINT ventas_llamada_pkey PRIMARY KEY (id);


--
-- Name: ventas_objecion ventas_objecion_nombre_key; Type: CONSTRAINT; Schema: public; Owner: postgres
--

ALTER TABLE ONLY public.ventas_objecion
    ADD CONSTRAINT ventas_objecion_nombre_key UNIQUE (nombre);


--
-- Name: ventas_objecion ventas_objecion_pkey; Type: CONSTRAINT; Schema: public; Owner: postgres
--

ALTER TABLE ONLY public.ventas_objecion
    ADD CONSTRAINT ventas_objecion_pkey PRIMARY KEY (id);


--
-- Name: ventas_precio ventas_precio_pkey; Type: CONSTRAINT; Schema: public; Owner: postgres
--

ALTER TABLE ONLY public.ventas_precio
    ADD CONSTRAINT ventas_precio_pkey PRIMARY KEY (id);


--
-- Name: ventas_producto ventas_producto_codigo_key; Type: CONSTRAINT; Schema: public; Owner: postgres
--

ALTER TABLE ONLY public.ventas_producto
    ADD CONSTRAINT ventas_producto_codigo_key UNIQUE (codigo);


--
-- Name: ventas_producto ventas_producto_pkey; Type: CONSTRAINT; Schema: public; Owner: postgres
--

ALTER TABLE ONLY public.ventas_producto
    ADD CONSTRAINT ventas_producto_pkey PRIMARY KEY (id);


--
-- Name: ventas_proyectotipoproducto ventas_proyectotipoproducto_pkey; Type: CONSTRAINT; Schema: public; Owner: postgres
--

ALTER TABLE ONLY public.ventas_proyectotipoproducto
    ADD CONSTRAINT ventas_proyectotipoproducto_pkey PRIMARY KEY (id);


--
-- Name: ventas_tipocotizacion ventas_tipocotizacion_pkey; Type: CONSTRAINT; Schema: public; Owner: postgres
--

ALTER TABLE ONLY public.ventas_tipocotizacion
    ADD CONSTRAINT ventas_tipocotizacion_pkey PRIMARY KEY (id);


--
-- Name: ventas_tipocuota ventas_tipocuota_pkey; Type: CONSTRAINT; Schema: public; Owner: postgres
--

ALTER TABLE ONLY public.ventas_tipocuota
    ADD CONSTRAINT ventas_tipocuota_pkey PRIMARY KEY (id);


--
-- Name: ventas_tipoevento ventas_tipoevento_pkey; Type: CONSTRAINT; Schema: public; Owner: postgres
--

ALTER TABLE ONLY public.ventas_tipoevento
    ADD CONSTRAINT ventas_tipoevento_pkey PRIMARY KEY (id);


--
-- Name: ventas_tipoproducto ventas_tipoproducto_pkey; Type: CONSTRAINT; Schema: public; Owner: postgres
--

ALTER TABLE ONLY public.ventas_tipoproducto
    ADD CONSTRAINT ventas_tipoproducto_pkey PRIMARY KEY (id);


--
-- Name: ventas_whatsapp ventas_whatsapp_pkey; Type: CONSTRAINT; Schema: public; Owner: postgres
--

ALTER TABLE ONLY public.ventas_whatsapp
    ADD CONSTRAINT ventas_whatsapp_pkey PRIMARY KEY (id);


--
-- Name: auth_group_name_a6ea08ec_like; Type: INDEX; Schema: public; Owner: postgres
--

CREATE INDEX auth_group_name_a6ea08ec_like ON public.auth_group USING btree (name varchar_pattern_ops);


--
-- Name: auth_group_permissions_group_id_b120cbf9; Type: INDEX; Schema: public; Owner: postgres
--

CREATE INDEX auth_group_permissions_group_id_b120cbf9 ON public.auth_group_permissions USING btree (group_id);


--
-- Name: auth_group_permissions_permission_id_84c5c92e; Type: INDEX; Schema: public; Owner: postgres
--

CREATE INDEX auth_group_permissions_permission_id_84c5c92e ON public.auth_group_permissions USING btree (permission_id);


--
-- Name: auth_permission_content_type_id_2f476e4b; Type: INDEX; Schema: public; Owner: postgres
--

CREATE INDEX auth_permission_content_type_id_2f476e4b ON public.auth_permission USING btree (content_type_id);


--
-- Name: cuenta_estadoregistro_estado_97a7a969_like; Type: INDEX; Schema: public; Owner: postgres
--

CREATE INDEX cuenta_estadoregistro_estado_97a7a969_like ON public.cuenta_estadoregistro USING btree (estado varchar_pattern_ops);


--
-- Name: cuenta_modulo_contentType_id_2a61d120; Type: INDEX; Schema: public; Owner: postgres
--

CREATE INDEX "cuenta_modulo_contentType_id_2a61d120" ON public.cuenta_modulo USING btree ("contentType_id");


--
-- Name: cuenta_modulo_estado_id_5859d6c7; Type: INDEX; Schema: public; Owner: postgres
--

CREATE INDEX cuenta_modulo_estado_id_5859d6c7 ON public.cuenta_modulo USING btree (estado_id);


--
-- Name: cuenta_modulo_estado_id_5859d6c7_like; Type: INDEX; Schema: public; Owner: postgres
--

CREATE INDEX cuenta_modulo_estado_id_5859d6c7_like ON public.cuenta_modulo USING btree (estado_id varchar_pattern_ops);


--
-- Name: cuenta_user_codigoAsesor_0db83882_like; Type: INDEX; Schema: public; Owner: postgres
--

CREATE INDEX "cuenta_user_codigoAsesor_0db83882_like" ON public.cuenta_user USING btree ("codigoAsesor" varchar_pattern_ops);


--
-- Name: cuenta_user_estado_id_d5a492ba; Type: INDEX; Schema: public; Owner: postgres
--

CREATE INDEX cuenta_user_estado_id_d5a492ba ON public.cuenta_user USING btree (estado_id);


--
-- Name: cuenta_user_estado_id_d5a492ba_like; Type: INDEX; Schema: public; Owner: postgres
--

CREATE INDEX cuenta_user_estado_id_d5a492ba_like ON public.cuenta_user USING btree (estado_id varchar_pattern_ops);


--
-- Name: cuenta_user_groups_group_id_cf2ca9f2; Type: INDEX; Schema: public; Owner: postgres
--

CREATE INDEX cuenta_user_groups_group_id_cf2ca9f2 ON public.cuenta_user_groups USING btree (group_id);


--
-- Name: cuenta_user_groups_user_id_70f894f5; Type: INDEX; Schema: public; Owner: postgres
--

CREATE INDEX cuenta_user_groups_user_id_70f894f5 ON public.cuenta_user_groups USING btree (user_id);


--
-- Name: cuenta_user_user_permissions_permission_id_401431f5; Type: INDEX; Schema: public; Owner: postgres
--

CREATE INDEX cuenta_user_user_permissions_permission_id_401431f5 ON public.cuenta_user_user_permissions USING btree (permission_id);


--
-- Name: cuenta_user_user_permissions_user_id_7b5627c2; Type: INDEX; Schema: public; Owner: postgres
--

CREATE INDEX cuenta_user_user_permissions_user_id_7b5627c2 ON public.cuenta_user_user_permissions USING btree (user_id);


--
-- Name: cuenta_user_username_7a232732_like; Type: INDEX; Schema: public; Owner: postgres
--

CREATE INDEX cuenta_user_username_7a232732_like ON public.cuenta_user USING btree (username varchar_pattern_ops);


--
-- Name: django_admin_log_content_type_id_c4bce8eb; Type: INDEX; Schema: public; Owner: postgres
--

CREATE INDEX django_admin_log_content_type_id_c4bce8eb ON public.django_admin_log USING btree (content_type_id);


--
-- Name: django_admin_log_user_id_c564eba6; Type: INDEX; Schema: public; Owner: postgres
--

CREATE INDEX django_admin_log_user_id_c564eba6 ON public.django_admin_log USING btree (user_id);


--
-- Name: django_celery_beat_periodictask_clocked_id_47a69f82; Type: INDEX; Schema: public; Owner: postgres
--

CREATE INDEX django_celery_beat_periodictask_clocked_id_47a69f82 ON public.django_celery_beat_periodictask USING btree (clocked_id);


--
-- Name: django_celery_beat_periodictask_crontab_id_d3cba168; Type: INDEX; Schema: public; Owner: postgres
--

CREATE INDEX django_celery_beat_periodictask_crontab_id_d3cba168 ON public.django_celery_beat_periodictask USING btree (crontab_id);


--
-- Name: django_celery_beat_periodictask_interval_id_a8ca27da; Type: INDEX; Schema: public; Owner: postgres
--

CREATE INDEX django_celery_beat_periodictask_interval_id_a8ca27da ON public.django_celery_beat_periodictask USING btree (interval_id);


--
-- Name: django_celery_beat_periodictask_name_265a36b7_like; Type: INDEX; Schema: public; Owner: postgres
--

CREATE INDEX django_celery_beat_periodictask_name_265a36b7_like ON public.django_celery_beat_periodictask USING btree (name varchar_pattern_ops);


--
-- Name: django_celery_beat_periodictask_solar_id_a87ce72c; Type: INDEX; Schema: public; Owner: postgres
--

CREATE INDEX django_celery_beat_periodictask_solar_id_a87ce72c ON public.django_celery_beat_periodictask USING btree (solar_id);


--
-- Name: django_session_expire_date_a5c62663; Type: INDEX; Schema: public; Owner: postgres
--

CREATE INDEX django_session_expire_date_a5c62663 ON public.django_session USING btree (expire_date);


--
-- Name: django_session_session_key_c0390e0f_like; Type: INDEX; Schema: public; Owner: postgres
--

CREATE INDEX django_session_session_key_c0390e0f_like ON public.django_session USING btree (session_key varchar_pattern_ops);


--
-- Name: marketing_banco_codigo_7ad8b8d5_like; Type: INDEX; Schema: public; Owner: postgres
--

CREATE INDEX marketing_banco_codigo_7ad8b8d5_like ON public.marketing_banco USING btree (codigo varchar_pattern_ops);


--
-- Name: marketing_banco_estado_id_c9e1bc17; Type: INDEX; Schema: public; Owner: postgres
--

CREATE INDEX marketing_banco_estado_id_c9e1bc17 ON public.marketing_banco USING btree (estado_id);


--
-- Name: marketing_banco_estado_id_c9e1bc17_like; Type: INDEX; Schema: public; Owner: postgres
--

CREATE INDEX marketing_banco_estado_id_c9e1bc17_like ON public.marketing_banco USING btree (estado_id varchar_pattern_ops);


--
-- Name: marketing_banco_nombre_60b703da_like; Type: INDEX; Schema: public; Owner: postgres
--

CREATE INDEX marketing_banco_nombre_60b703da_like ON public.marketing_banco USING btree (nombre varchar_pattern_ops);


--
-- Name: marketing_campania_categoria_id_947d87f4; Type: INDEX; Schema: public; Owner: postgres
--

CREATE INDEX marketing_campania_categoria_id_947d87f4 ON public.marketing_campania USING btree (categoria_id);


--
-- Name: marketing_campania_codigo_3ca493fd_like; Type: INDEX; Schema: public; Owner: postgres
--

CREATE INDEX marketing_campania_codigo_3ca493fd_like ON public.marketing_campania USING btree (codigo varchar_pattern_ops);


--
-- Name: marketing_campania_estado_id_8af5896d; Type: INDEX; Schema: public; Owner: postgres
--

CREATE INDEX marketing_campania_estado_id_8af5896d ON public.marketing_campania USING btree (estado_id);


--
-- Name: marketing_campania_estado_id_8af5896d_like; Type: INDEX; Schema: public; Owner: postgres
--

CREATE INDEX marketing_campania_estado_id_8af5896d_like ON public.marketing_campania USING btree (estado_id varchar_pattern_ops);


--
-- Name: marketing_campania_nombre_fb034c88_like; Type: INDEX; Schema: public; Owner: postgres
--

CREATE INDEX marketing_campania_nombre_fb034c88_like ON public.marketing_campania USING btree (nombre varchar_pattern_ops);


--
-- Name: marketing_campania_proyecto_id_c61271da; Type: INDEX; Schema: public; Owner: postgres
--

CREATE INDEX marketing_campania_proyecto_id_c61271da ON public.marketing_campania USING btree (proyecto_id);


--
-- Name: marketing_campania_usuarioActualizador_id_26cc158f; Type: INDEX; Schema: public; Owner: postgres
--

CREATE INDEX "marketing_campania_usuarioActualizador_id_26cc158f" ON public.marketing_campania USING btree ("usuarioActualizador_id");


--
-- Name: marketing_campania_usuarioCreador_id_cc3ec0ac; Type: INDEX; Schema: public; Owner: postgres
--

CREATE INDEX "marketing_campania_usuarioCreador_id_cc3ec0ac" ON public.marketing_campania USING btree ("usuarioCreador_id");


--
-- Name: marketing_categoria_codigo_eec4fe94_like; Type: INDEX; Schema: public; Owner: postgres
--

CREATE INDEX marketing_categoria_codigo_eec4fe94_like ON public.marketing_categoria USING btree (codigo varchar_pattern_ops);


--
-- Name: marketing_categoria_estado_id_0601d1ae; Type: INDEX; Schema: public; Owner: postgres
--

CREATE INDEX marketing_categoria_estado_id_0601d1ae ON public.marketing_categoria USING btree (estado_id);


--
-- Name: marketing_categoria_estado_id_0601d1ae_like; Type: INDEX; Schema: public; Owner: postgres
--

CREATE INDEX marketing_categoria_estado_id_0601d1ae_like ON public.marketing_categoria USING btree (estado_id varchar_pattern_ops);


--
-- Name: marketing_categoria_nombre_8436bce3_like; Type: INDEX; Schema: public; Owner: postgres
--

CREATE INDEX marketing_categoria_nombre_8436bce3_like ON public.marketing_categoria USING btree (nombre varchar_pattern_ops);


--
-- Name: marketing_gastocampania_campania_id_6fb3fd34; Type: INDEX; Schema: public; Owner: postgres
--

CREATE INDEX marketing_gastocampania_campania_id_6fb3fd34 ON public.marketing_gastocampania USING btree (campania_id);


--
-- Name: marketing_gastocampania_estado_id_fe5439ef; Type: INDEX; Schema: public; Owner: postgres
--

CREATE INDEX marketing_gastocampania_estado_id_fe5439ef ON public.marketing_gastocampania USING btree (estado_id);


--
-- Name: marketing_gastocampania_estado_id_fe5439ef_like; Type: INDEX; Schema: public; Owner: postgres
--

CREATE INDEX marketing_gastocampania_estado_id_fe5439ef_like ON public.marketing_gastocampania USING btree (estado_id varchar_pattern_ops);


--
-- Name: marketing_gastocampania_presupuestoProyecto_id_df552315; Type: INDEX; Schema: public; Owner: postgres
--

CREATE INDEX "marketing_gastocampania_presupuestoProyecto_id_df552315" ON public.marketing_gastocampania USING btree ("presupuestoProyecto_id");


--
-- Name: marketing_gastocampania_usuarioActualizador_id_baaf3e31; Type: INDEX; Schema: public; Owner: postgres
--

CREATE INDEX "marketing_gastocampania_usuarioActualizador_id_baaf3e31" ON public.marketing_gastocampania USING btree ("usuarioActualizador_id");


--
-- Name: marketing_gastocampania_usuarioCreador_id_56a44e00; Type: INDEX; Schema: public; Owner: postgres
--

CREATE INDEX "marketing_gastocampania_usuarioCreador_id_56a44e00" ON public.marketing_gastocampania USING btree ("usuarioCreador_id");


--
-- Name: marketing_presupuestoproyecto_banco_id_42d29700; Type: INDEX; Schema: public; Owner: postgres
--

CREATE INDEX marketing_presupuestoproyecto_banco_id_42d29700 ON public.marketing_presupuestoproyecto USING btree (banco_id);


--
-- Name: marketing_presupuestoproyecto_estado_id_bc699b14; Type: INDEX; Schema: public; Owner: postgres
--

CREATE INDEX marketing_presupuestoproyecto_estado_id_bc699b14 ON public.marketing_presupuestoproyecto USING btree (estado_id);


--
-- Name: marketing_presupuestoproyecto_estado_id_bc699b14_like; Type: INDEX; Schema: public; Owner: postgres
--

CREATE INDEX marketing_presupuestoproyecto_estado_id_bc699b14_like ON public.marketing_presupuestoproyecto USING btree (estado_id varchar_pattern_ops);


--
-- Name: marketing_presupuestoproyecto_proyecto_id_83365fcd; Type: INDEX; Schema: public; Owner: postgres
--

CREATE INDEX marketing_presupuestoproyecto_proyecto_id_83365fcd ON public.marketing_presupuestoproyecto USING btree (proyecto_id);


--
-- Name: marketing_presupuestoproyecto_usuarioActualizador_id_d32e45e3; Type: INDEX; Schema: public; Owner: postgres
--

CREATE INDEX "marketing_presupuestoproyecto_usuarioActualizador_id_d32e45e3" ON public.marketing_presupuestoproyecto USING btree ("usuarioActualizador_id");


--
-- Name: marketing_presupuestoproyecto_usuarioCreador_id_a8538403; Type: INDEX; Schema: public; Owner: postgres
--

CREATE INDEX "marketing_presupuestoproyecto_usuarioCreador_id_a8538403" ON public.marketing_presupuestoproyecto USING btree ("usuarioCreador_id");


--
-- Name: marketing_proyecto_codigo_192b48c5_like; Type: INDEX; Schema: public; Owner: postgres
--

CREATE INDEX marketing_proyecto_codigo_192b48c5_like ON public.marketing_proyecto USING btree (codigo varchar_pattern_ops);


--
-- Name: marketing_proyecto_estado_id_a4076a2a; Type: INDEX; Schema: public; Owner: postgres
--

CREATE INDEX marketing_proyecto_estado_id_a4076a2a ON public.marketing_proyecto USING btree (estado_id);


--
-- Name: marketing_proyecto_estado_id_a4076a2a_like; Type: INDEX; Schema: public; Owner: postgres
--

CREATE INDEX marketing_proyecto_estado_id_a4076a2a_like ON public.marketing_proyecto USING btree (estado_id varchar_pattern_ops);


--
-- Name: marketing_proyecto_nombre_2f05dab4_like; Type: INDEX; Schema: public; Owner: postgres
--

CREATE INDEX marketing_proyecto_nombre_2f05dab4_like ON public.marketing_proyecto USING btree (nombre varchar_pattern_ops);


--
-- Name: marketing_proyecto_usuarioActualizador_id_798e545a; Type: INDEX; Schema: public; Owner: postgres
--

CREATE INDEX "marketing_proyecto_usuarioActualizador_id_798e545a" ON public.marketing_proyecto USING btree ("usuarioActualizador_id");


--
-- Name: marketing_proyecto_usuarioCreador_id_c864e0fc; Type: INDEX; Schema: public; Owner: postgres
--

CREATE INDEX "marketing_proyecto_usuarioCreador_id_c864e0fc" ON public.marketing_proyecto USING btree ("usuarioCreador_id");


--
-- Name: multimedia_imagenproducto_producto_id_13dd33a4; Type: INDEX; Schema: public; Owner: postgres
--

CREATE INDEX multimedia_imagenproducto_producto_id_13dd33a4 ON public.multimedia_imagenproducto USING btree (producto_id);


--
-- Name: multimedia_imagenproyecto_proyecto_id_c3dc9bd9; Type: INDEX; Schema: public; Owner: postgres
--

CREATE INDEX multimedia_imagenproyecto_proyecto_id_c3dc9bd9 ON public.multimedia_imagenproyecto USING btree (proyecto_id);


--
-- Name: multimedia_videoproducto_producto_id_5fc246d7; Type: INDEX; Schema: public; Owner: postgres
--

CREATE INDEX multimedia_videoproducto_producto_id_5fc246d7 ON public.multimedia_videoproducto USING btree (producto_id);


--
-- Name: multimedia_videoproyecto_proyecto_id_2602a1bb; Type: INDEX; Schema: public; Owner: postgres
--

CREATE INDEX multimedia_videoproyecto_proyecto_id_2602a1bb ON public.multimedia_videoproyecto USING btree (proyecto_id);


--
-- Name: token_blacklist_outstandingtoken_jti_hex_d9bdf6f7_like; Type: INDEX; Schema: public; Owner: postgres
--

CREATE INDEX token_blacklist_outstandingtoken_jti_hex_d9bdf6f7_like ON public.token_blacklist_outstandingtoken USING btree (jti varchar_pattern_ops);


--
-- Name: token_blacklist_outstandingtoken_user_id_83bc629a; Type: INDEX; Schema: public; Owner: postgres
--

CREATE INDEX token_blacklist_outstandingtoken_user_id_83bc629a ON public.token_blacklist_outstandingtoken USING btree (user_id);


--
-- Name: ventas_cotizacion_estado_id_4c03ed64; Type: INDEX; Schema: public; Owner: postgres
--

CREATE INDEX ventas_cotizacion_estado_id_4c03ed64 ON public.ventas_cotizacion USING btree (estado_id);


--
-- Name: ventas_cotizacion_estado_id_4c03ed64_like; Type: INDEX; Schema: public; Owner: postgres
--

CREATE INDEX ventas_cotizacion_estado_id_4c03ed64_like ON public.ventas_cotizacion USING btree (estado_id varchar_pattern_ops);


--
-- Name: ventas_cotizacion_proyecto_id_5133ce3a; Type: INDEX; Schema: public; Owner: postgres
--

CREATE INDEX ventas_cotizacion_proyecto_id_5133ce3a ON public.ventas_cotizacion USING btree (proyecto_id);


--
-- Name: ventas_cotizacion_tipo_id_76158ba5; Type: INDEX; Schema: public; Owner: postgres
--

CREATE INDEX ventas_cotizacion_tipo_id_76158ba5 ON public.ventas_cotizacion USING btree (tipo_id);


--
-- Name: ventas_cuota_cotizacion_id_03c69e16; Type: INDEX; Schema: public; Owner: postgres
--

CREATE INDEX ventas_cuota_cotizacion_id_03c69e16 ON public.ventas_cuota USING btree (cotizacion_id);


--
-- Name: ventas_cuota_estado_id_7e2e6470; Type: INDEX; Schema: public; Owner: postgres
--

CREATE INDEX ventas_cuota_estado_id_7e2e6470 ON public.ventas_cuota USING btree (estado_id);


--
-- Name: ventas_cuota_estado_id_7e2e6470_like; Type: INDEX; Schema: public; Owner: postgres
--

CREATE INDEX ventas_cuota_estado_id_7e2e6470_like ON public.ventas_cuota USING btree (estado_id varchar_pattern_ops);


--
-- Name: ventas_cuota_tipo_id_7ef78424; Type: INDEX; Schema: public; Owner: postgres
--

CREATE INDEX ventas_cuota_tipo_id_7ef78424 ON public.ventas_cuota USING btree (tipo_id);


--
-- Name: ventas_desasignacionleadasesor_lead_id_9c79fb06; Type: INDEX; Schema: public; Owner: postgres
--

CREATE INDEX ventas_desasignacionleadasesor_lead_id_9c79fb06 ON public.ventas_desasignacionleadasesor USING btree (lead_id);


--
-- Name: ventas_desasignacionleadasesor_usuario_id_2767a2a3; Type: INDEX; Schema: public; Owner: postgres
--

CREATE INDEX ventas_desasignacionleadasesor_usuario_id_2767a2a3 ON public.ventas_desasignacionleadasesor USING btree (usuario_id);


--
-- Name: ventas_estadoevento_estado_id_c129a6f0; Type: INDEX; Schema: public; Owner: postgres
--

CREATE INDEX ventas_estadoevento_estado_id_c129a6f0 ON public.ventas_estadoevento USING btree (estado_id);


--
-- Name: ventas_estadoevento_estado_id_c129a6f0_like; Type: INDEX; Schema: public; Owner: postgres
--

CREATE INDEX ventas_estadoevento_estado_id_c129a6f0_like ON public.ventas_estadoevento USING btree (estado_id varchar_pattern_ops);


--
-- Name: ventas_estadolead_estado_id_bb594f1b; Type: INDEX; Schema: public; Owner: postgres
--

CREATE INDEX ventas_estadolead_estado_id_bb594f1b ON public.ventas_estadolead USING btree (estado_id);


--
-- Name: ventas_estadolead_estado_id_bb594f1b_like; Type: INDEX; Schema: public; Owner: postgres
--

CREATE INDEX ventas_estadolead_estado_id_bb594f1b_like ON public.ventas_estadolead USING btree (estado_id varchar_pattern_ops);


--
-- Name: ventas_estadolead_nombre_70866519_like; Type: INDEX; Schema: public; Owner: postgres
--

CREATE INDEX ventas_estadolead_nombre_70866519_like ON public.ventas_estadolead USING btree (nombre varchar_pattern_ops);


--
-- Name: ventas_estadoseparacionlead_estado_id_5a88d3d7; Type: INDEX; Schema: public; Owner: postgres
--

CREATE INDEX ventas_estadoseparacionlead_estado_id_5a88d3d7 ON public.ventas_estadoseparacionlead USING btree (estado_id);


--
-- Name: ventas_estadoseparacionlead_estado_id_5a88d3d7_like; Type: INDEX; Schema: public; Owner: postgres
--

CREATE INDEX ventas_estadoseparacionlead_estado_id_5a88d3d7_like ON public.ventas_estadoseparacionlead USING btree (estado_id varchar_pattern_ops);


--
-- Name: ventas_evento_asesor_id_ea375381; Type: INDEX; Schema: public; Owner: postgres
--

CREATE INDEX ventas_evento_asesor_id_ea375381 ON public.ventas_evento USING btree (asesor_id);


--
-- Name: ventas_evento_estadoEvento_id_fd2e2eb2; Type: INDEX; Schema: public; Owner: postgres
--

CREATE INDEX "ventas_evento_estadoEvento_id_fd2e2eb2" ON public.ventas_evento USING btree ("estadoEvento_id");


--
-- Name: ventas_evento_estado_id_e829db5d; Type: INDEX; Schema: public; Owner: postgres
--

CREATE INDEX ventas_evento_estado_id_e829db5d ON public.ventas_evento USING btree (estado_id);


--
-- Name: ventas_evento_estado_id_e829db5d_like; Type: INDEX; Schema: public; Owner: postgres
--

CREATE INDEX ventas_evento_estado_id_e829db5d_like ON public.ventas_evento USING btree (estado_id varchar_pattern_ops);


--
-- Name: ventas_evento_lead_id_08e70c93; Type: INDEX; Schema: public; Owner: postgres
--

CREATE INDEX ventas_evento_lead_id_08e70c93 ON public.ventas_evento USING btree (lead_id);


--
-- Name: ventas_evento_objecion_id_469e0133; Type: INDEX; Schema: public; Owner: postgres
--

CREATE INDEX ventas_evento_objecion_id_469e0133 ON public.ventas_evento USING btree (objecion_id);


--
-- Name: ventas_evento_tipo_id_78657756; Type: INDEX; Schema: public; Owner: postgres
--

CREATE INDEX ventas_evento_tipo_id_78657756 ON public.ventas_evento USING btree (tipo_id);


--
-- Name: ventas_evento_usuarioActualizador_id_88d7c969; Type: INDEX; Schema: public; Owner: postgres
--

CREATE INDEX "ventas_evento_usuarioActualizador_id_88d7c969" ON public.ventas_evento USING btree ("usuarioActualizador_id");


--
-- Name: ventas_evento_usuarioCreador_id_67d617c4; Type: INDEX; Schema: public; Owner: postgres
--

CREATE INDEX "ventas_evento_usuarioCreador_id_67d617c4" ON public.ventas_evento USING btree ("usuarioCreador_id");


--
-- Name: ventas_historicoleadasesor_lead_id_19bc7b14; Type: INDEX; Schema: public; Owner: postgres
--

CREATE INDEX ventas_historicoleadasesor_lead_id_19bc7b14 ON public.ventas_historicoleadasesor USING btree (lead_id);


--
-- Name: ventas_historicoleadasesor_usuario_id_88ac90e1; Type: INDEX; Schema: public; Owner: postgres
--

CREATE INDEX ventas_historicoleadasesor_usuario_id_88ac90e1 ON public.ventas_historicoleadasesor USING btree (usuario_id);


--
-- Name: ventas_lead_asesor_id_dd870e0e; Type: INDEX; Schema: public; Owner: postgres
--

CREATE INDEX ventas_lead_asesor_id_dd870e0e ON public.ventas_lead USING btree (asesor_id);


--
-- Name: ventas_lead_campania_id_f4e01b2b; Type: INDEX; Schema: public; Owner: postgres
--

CREATE INDEX ventas_lead_campania_id_f4e01b2b ON public.ventas_lead USING btree (campania_id);


--
-- Name: ventas_lead_estadoLead_id_d1be3161; Type: INDEX; Schema: public; Owner: postgres
--

CREATE INDEX "ventas_lead_estadoLead_id_d1be3161" ON public.ventas_lead USING btree ("estadoLead_id");


--
-- Name: ventas_lead_estadoLead_id_d1be3161_like; Type: INDEX; Schema: public; Owner: postgres
--

CREATE INDEX "ventas_lead_estadoLead_id_d1be3161_like" ON public.ventas_lead USING btree ("estadoLead_id" varchar_pattern_ops);


--
-- Name: ventas_lead_estadoSeparacionLead_id_8a386dde; Type: INDEX; Schema: public; Owner: postgres
--

CREATE INDEX "ventas_lead_estadoSeparacionLead_id_8a386dde" ON public.ventas_lead USING btree ("estadoSeparacionLead_id");


--
-- Name: ventas_lead_estado_id_54a193d0; Type: INDEX; Schema: public; Owner: postgres
--

CREATE INDEX ventas_lead_estado_id_54a193d0 ON public.ventas_lead USING btree (estado_id);


--
-- Name: ventas_lead_estado_id_54a193d0_like; Type: INDEX; Schema: public; Owner: postgres
--

CREATE INDEX ventas_lead_estado_id_54a193d0_like ON public.ventas_lead USING btree (estado_id varchar_pattern_ops);


--
-- Name: ventas_lead_objecion_id_0176a2b4; Type: INDEX; Schema: public; Owner: postgres
--

CREATE INDEX ventas_lead_objecion_id_0176a2b4 ON public.ventas_lead USING btree (objecion_id);


--
-- Name: ventas_lead_producto_id_7c52a6b2; Type: INDEX; Schema: public; Owner: postgres
--

CREATE INDEX ventas_lead_producto_id_7c52a6b2 ON public.ventas_lead USING btree (producto_id);


--
-- Name: ventas_lead_usuarioActualizador_id_a33040e6; Type: INDEX; Schema: public; Owner: postgres
--

CREATE INDEX "ventas_lead_usuarioActualizador_id_a33040e6" ON public.ventas_lead USING btree ("usuarioActualizador_id");


--
-- Name: ventas_lead_usuarioCreador_id_a34d2acb; Type: INDEX; Schema: public; Owner: postgres
--

CREATE INDEX "ventas_lead_usuarioCreador_id_a34d2acb" ON public.ventas_lead USING btree ("usuarioCreador_id");


--
-- Name: ventas_llamada_asesor_id_8151be6e; Type: INDEX; Schema: public; Owner: postgres
--

CREATE INDEX ventas_llamada_asesor_id_8151be6e ON public.ventas_llamada USING btree (asesor_id);


--
-- Name: ventas_llamada_estado_id_0cfebce4; Type: INDEX; Schema: public; Owner: postgres
--

CREATE INDEX ventas_llamada_estado_id_0cfebce4 ON public.ventas_llamada USING btree (estado_id);


--
-- Name: ventas_llamada_estado_id_0cfebce4_like; Type: INDEX; Schema: public; Owner: postgres
--

CREATE INDEX ventas_llamada_estado_id_0cfebce4_like ON public.ventas_llamada USING btree (estado_id varchar_pattern_ops);


--
-- Name: ventas_llamada_lead_id_78d422d7; Type: INDEX; Schema: public; Owner: postgres
--

CREATE INDEX ventas_llamada_lead_id_78d422d7 ON public.ventas_llamada USING btree (lead_id);


--
-- Name: ventas_llamada_objecion_id_132f66c4; Type: INDEX; Schema: public; Owner: postgres
--

CREATE INDEX ventas_llamada_objecion_id_132f66c4 ON public.ventas_llamada USING btree (objecion_id);


--
-- Name: ventas_llamada_usuarioActualizador_id_53da2ff0; Type: INDEX; Schema: public; Owner: postgres
--

CREATE INDEX "ventas_llamada_usuarioActualizador_id_53da2ff0" ON public.ventas_llamada USING btree ("usuarioActualizador_id");


--
-- Name: ventas_llamada_usuarioCreador_id_c5f588ab; Type: INDEX; Schema: public; Owner: postgres
--

CREATE INDEX "ventas_llamada_usuarioCreador_id_c5f588ab" ON public.ventas_llamada USING btree ("usuarioCreador_id");


--
-- Name: ventas_objecion_estado_id_e3665317; Type: INDEX; Schema: public; Owner: postgres
--

CREATE INDEX ventas_objecion_estado_id_e3665317 ON public.ventas_objecion USING btree (estado_id);


--
-- Name: ventas_objecion_estado_id_e3665317_like; Type: INDEX; Schema: public; Owner: postgres
--

CREATE INDEX ventas_objecion_estado_id_e3665317_like ON public.ventas_objecion USING btree (estado_id varchar_pattern_ops);


--
-- Name: ventas_objecion_nombre_48d83928_like; Type: INDEX; Schema: public; Owner: postgres
--

CREATE INDEX ventas_objecion_nombre_48d83928_like ON public.ventas_objecion USING btree (nombre varchar_pattern_ops);


--
-- Name: ventas_precio_cotizacion_id_723444f0; Type: INDEX; Schema: public; Owner: postgres
--

CREATE INDEX ventas_precio_cotizacion_id_723444f0 ON public.ventas_precio USING btree (cotizacion_id);


--
-- Name: ventas_precio_estado_id_0c23bcdc; Type: INDEX; Schema: public; Owner: postgres
--

CREATE INDEX ventas_precio_estado_id_0c23bcdc ON public.ventas_precio USING btree (estado_id);


--
-- Name: ventas_precio_estado_id_0c23bcdc_like; Type: INDEX; Schema: public; Owner: postgres
--

CREATE INDEX ventas_precio_estado_id_0c23bcdc_like ON public.ventas_precio USING btree (estado_id varchar_pattern_ops);


--
-- Name: ventas_precio_tipoProducto_id_db5855af; Type: INDEX; Schema: public; Owner: postgres
--

CREATE INDEX "ventas_precio_tipoProducto_id_db5855af" ON public.ventas_precio USING btree ("tipoProducto_id");


--
-- Name: ventas_producto_codigo_7c2d1be4_like; Type: INDEX; Schema: public; Owner: postgres
--

CREATE INDEX ventas_producto_codigo_7c2d1be4_like ON public.ventas_producto USING btree (codigo varchar_pattern_ops);


--
-- Name: ventas_producto_estado_id_24db19a3; Type: INDEX; Schema: public; Owner: postgres
--

CREATE INDEX ventas_producto_estado_id_24db19a3 ON public.ventas_producto USING btree (estado_id);


--
-- Name: ventas_producto_estado_id_24db19a3_like; Type: INDEX; Schema: public; Owner: postgres
--

CREATE INDEX ventas_producto_estado_id_24db19a3_like ON public.ventas_producto USING btree (estado_id varchar_pattern_ops);


--
-- Name: ventas_producto_proyecto_id_50e7196a; Type: INDEX; Schema: public; Owner: postgres
--

CREATE INDEX ventas_producto_proyecto_id_50e7196a ON public.ventas_producto USING btree (proyecto_id);


--
-- Name: ventas_producto_tipo_id_12a8cb82; Type: INDEX; Schema: public; Owner: postgres
--

CREATE INDEX ventas_producto_tipo_id_12a8cb82 ON public.ventas_producto USING btree (tipo_id);


--
-- Name: ventas_producto_usuarioActualizador_id_71ae7343; Type: INDEX; Schema: public; Owner: postgres
--

CREATE INDEX "ventas_producto_usuarioActualizador_id_71ae7343" ON public.ventas_producto USING btree ("usuarioActualizador_id");


--
-- Name: ventas_producto_usuarioCreador_id_69bcb9f9; Type: INDEX; Schema: public; Owner: postgres
--

CREATE INDEX "ventas_producto_usuarioCreador_id_69bcb9f9" ON public.ventas_producto USING btree ("usuarioCreador_id");


--
-- Name: ventas_proyectotipoproducto_proyecto_id_49eff36f; Type: INDEX; Schema: public; Owner: postgres
--

CREATE INDEX ventas_proyectotipoproducto_proyecto_id_49eff36f ON public.ventas_proyectotipoproducto USING btree (proyecto_id);


--
-- Name: ventas_proyectotipoproducto_tipo_producto_id_8af26c72; Type: INDEX; Schema: public; Owner: postgres
--

CREATE INDEX ventas_proyectotipoproducto_tipo_producto_id_8af26c72 ON public.ventas_proyectotipoproducto USING btree (tipo_producto_id);


--
-- Name: ventas_tipocotizacion_estado_id_65417f55; Type: INDEX; Schema: public; Owner: postgres
--

CREATE INDEX ventas_tipocotizacion_estado_id_65417f55 ON public.ventas_tipocotizacion USING btree (estado_id);


--
-- Name: ventas_tipocotizacion_estado_id_65417f55_like; Type: INDEX; Schema: public; Owner: postgres
--

CREATE INDEX ventas_tipocotizacion_estado_id_65417f55_like ON public.ventas_tipocotizacion USING btree (estado_id varchar_pattern_ops);


--
-- Name: ventas_tipocuota_estado_id_9266ec5f; Type: INDEX; Schema: public; Owner: postgres
--

CREATE INDEX ventas_tipocuota_estado_id_9266ec5f ON public.ventas_tipocuota USING btree (estado_id);


--
-- Name: ventas_tipocuota_estado_id_9266ec5f_like; Type: INDEX; Schema: public; Owner: postgres
--

CREATE INDEX ventas_tipocuota_estado_id_9266ec5f_like ON public.ventas_tipocuota USING btree (estado_id varchar_pattern_ops);


--
-- Name: ventas_tipoevento_estado_id_9c7fb81b; Type: INDEX; Schema: public; Owner: postgres
--

CREATE INDEX ventas_tipoevento_estado_id_9c7fb81b ON public.ventas_tipoevento USING btree (estado_id);


--
-- Name: ventas_tipoevento_estado_id_9c7fb81b_like; Type: INDEX; Schema: public; Owner: postgres
--

CREATE INDEX ventas_tipoevento_estado_id_9c7fb81b_like ON public.ventas_tipoevento USING btree (estado_id varchar_pattern_ops);


--
-- Name: ventas_tipoproducto_estado_id_34c73ef0; Type: INDEX; Schema: public; Owner: postgres
--

CREATE INDEX ventas_tipoproducto_estado_id_34c73ef0 ON public.ventas_tipoproducto USING btree (estado_id);


--
-- Name: ventas_tipoproducto_estado_id_34c73ef0_like; Type: INDEX; Schema: public; Owner: postgres
--

CREATE INDEX ventas_tipoproducto_estado_id_34c73ef0_like ON public.ventas_tipoproducto USING btree (estado_id varchar_pattern_ops);


--
-- Name: ventas_whatsapp_asesor_id_5ce5d395; Type: INDEX; Schema: public; Owner: postgres
--

CREATE INDEX ventas_whatsapp_asesor_id_5ce5d395 ON public.ventas_whatsapp USING btree (asesor_id);


--
-- Name: ventas_whatsapp_estado_id_6e36a6d1; Type: INDEX; Schema: public; Owner: postgres
--

CREATE INDEX ventas_whatsapp_estado_id_6e36a6d1 ON public.ventas_whatsapp USING btree (estado_id);


--
-- Name: ventas_whatsapp_estado_id_6e36a6d1_like; Type: INDEX; Schema: public; Owner: postgres
--

CREATE INDEX ventas_whatsapp_estado_id_6e36a6d1_like ON public.ventas_whatsapp USING btree (estado_id varchar_pattern_ops);


--
-- Name: ventas_whatsapp_lead_id_49f8bd1e; Type: INDEX; Schema: public; Owner: postgres
--

CREATE INDEX ventas_whatsapp_lead_id_49f8bd1e ON public.ventas_whatsapp USING btree (lead_id);


--
-- Name: ventas_whatsapp_objecion_id_b79425dd; Type: INDEX; Schema: public; Owner: postgres
--

CREATE INDEX ventas_whatsapp_objecion_id_b79425dd ON public.ventas_whatsapp USING btree (objecion_id);


--
-- Name: ventas_whatsapp_usuarioActualizador_id_1d344f29; Type: INDEX; Schema: public; Owner: postgres
--

CREATE INDEX "ventas_whatsapp_usuarioActualizador_id_1d344f29" ON public.ventas_whatsapp USING btree ("usuarioActualizador_id");


--
-- Name: ventas_whatsapp_usuarioCreador_id_b47920f5; Type: INDEX; Schema: public; Owner: postgres
--

CREATE INDEX "ventas_whatsapp_usuarioCreador_id_b47920f5" ON public.ventas_whatsapp USING btree ("usuarioCreador_id");


--
-- Name: auth_group_permissions auth_group_permissio_permission_id_84c5c92e_fk_auth_perm; Type: FK CONSTRAINT; Schema: public; Owner: postgres
--

ALTER TABLE ONLY public.auth_group_permissions
    ADD CONSTRAINT auth_group_permissio_permission_id_84c5c92e_fk_auth_perm FOREIGN KEY (permission_id) REFERENCES public.auth_permission(id) DEFERRABLE INITIALLY DEFERRED;


--
-- Name: auth_group_permissions auth_group_permissions_group_id_b120cbf9_fk_auth_group_id; Type: FK CONSTRAINT; Schema: public; Owner: postgres
--

ALTER TABLE ONLY public.auth_group_permissions
    ADD CONSTRAINT auth_group_permissions_group_id_b120cbf9_fk_auth_group_id FOREIGN KEY (group_id) REFERENCES public.auth_group(id) DEFERRABLE INITIALLY DEFERRED;


--
-- Name: auth_permission auth_permission_content_type_id_2f476e4b_fk_django_co; Type: FK CONSTRAINT; Schema: public; Owner: postgres
--

ALTER TABLE ONLY public.auth_permission
    ADD CONSTRAINT auth_permission_content_type_id_2f476e4b_fk_django_co FOREIGN KEY (content_type_id) REFERENCES public.django_content_type(id) DEFERRABLE INITIALLY DEFERRED;


--
-- Name: cuenta_modulo cuenta_modulo_contentType_id_2a61d120_fk_django_content_type_id; Type: FK CONSTRAINT; Schema: public; Owner: postgres
--

ALTER TABLE ONLY public.cuenta_modulo
    ADD CONSTRAINT "cuenta_modulo_contentType_id_2a61d120_fk_django_content_type_id" FOREIGN KEY ("contentType_id") REFERENCES public.django_content_type(id) DEFERRABLE INITIALLY DEFERRED;


--
-- Name: cuenta_modulo cuenta_modulo_estado_id_5859d6c7_fk_cuenta_es; Type: FK CONSTRAINT; Schema: public; Owner: postgres
--

ALTER TABLE ONLY public.cuenta_modulo
    ADD CONSTRAINT cuenta_modulo_estado_id_5859d6c7_fk_cuenta_es FOREIGN KEY (estado_id) REFERENCES public.cuenta_estadoregistro(estado) DEFERRABLE INITIALLY DEFERRED;


--
-- Name: cuenta_user cuenta_user_estado_id_d5a492ba_fk_cuenta_estadoregistro_estado; Type: FK CONSTRAINT; Schema: public; Owner: postgres
--

ALTER TABLE ONLY public.cuenta_user
    ADD CONSTRAINT cuenta_user_estado_id_d5a492ba_fk_cuenta_estadoregistro_estado FOREIGN KEY (estado_id) REFERENCES public.cuenta_estadoregistro(estado) DEFERRABLE INITIALLY DEFERRED;


--
-- Name: cuenta_user_groups cuenta_user_groups_group_id_cf2ca9f2_fk_auth_group_id; Type: FK CONSTRAINT; Schema: public; Owner: postgres
--

ALTER TABLE ONLY public.cuenta_user_groups
    ADD CONSTRAINT cuenta_user_groups_group_id_cf2ca9f2_fk_auth_group_id FOREIGN KEY (group_id) REFERENCES public.auth_group(id) DEFERRABLE INITIALLY DEFERRED;


--
-- Name: cuenta_user_groups cuenta_user_groups_user_id_70f894f5_fk_cuenta_user_id; Type: FK CONSTRAINT; Schema: public; Owner: postgres
--

ALTER TABLE ONLY public.cuenta_user_groups
    ADD CONSTRAINT cuenta_user_groups_user_id_70f894f5_fk_cuenta_user_id FOREIGN KEY (user_id) REFERENCES public.cuenta_user(id) DEFERRABLE INITIALLY DEFERRED;


--
-- Name: cuenta_user_user_permissions cuenta_user_user_per_permission_id_401431f5_fk_auth_perm; Type: FK CONSTRAINT; Schema: public; Owner: postgres
--

ALTER TABLE ONLY public.cuenta_user_user_permissions
    ADD CONSTRAINT cuenta_user_user_per_permission_id_401431f5_fk_auth_perm FOREIGN KEY (permission_id) REFERENCES public.auth_permission(id) DEFERRABLE INITIALLY DEFERRED;


--
-- Name: cuenta_user_user_permissions cuenta_user_user_permissions_user_id_7b5627c2_fk_cuenta_user_id; Type: FK CONSTRAINT; Schema: public; Owner: postgres
--

ALTER TABLE ONLY public.cuenta_user_user_permissions
    ADD CONSTRAINT cuenta_user_user_permissions_user_id_7b5627c2_fk_cuenta_user_id FOREIGN KEY (user_id) REFERENCES public.cuenta_user(id) DEFERRABLE INITIALLY DEFERRED;


--
-- Name: django_admin_log django_admin_log_content_type_id_c4bce8eb_fk_django_co; Type: FK CONSTRAINT; Schema: public; Owner: postgres
--

ALTER TABLE ONLY public.django_admin_log
    ADD CONSTRAINT django_admin_log_content_type_id_c4bce8eb_fk_django_co FOREIGN KEY (content_type_id) REFERENCES public.django_content_type(id) DEFERRABLE INITIALLY DEFERRED;


--
-- Name: django_admin_log django_admin_log_user_id_c564eba6_fk_cuenta_user_id; Type: FK CONSTRAINT; Schema: public; Owner: postgres
--

ALTER TABLE ONLY public.django_admin_log
    ADD CONSTRAINT django_admin_log_user_id_c564eba6_fk_cuenta_user_id FOREIGN KEY (user_id) REFERENCES public.cuenta_user(id) DEFERRABLE INITIALLY DEFERRED;


--
-- Name: django_celery_beat_periodictask django_celery_beat_p_clocked_id_47a69f82_fk_django_ce; Type: FK CONSTRAINT; Schema: public; Owner: postgres
--

ALTER TABLE ONLY public.django_celery_beat_periodictask
    ADD CONSTRAINT django_celery_beat_p_clocked_id_47a69f82_fk_django_ce FOREIGN KEY (clocked_id) REFERENCES public.django_celery_beat_clockedschedule(id) DEFERRABLE INITIALLY DEFERRED;


--
-- Name: django_celery_beat_periodictask django_celery_beat_p_crontab_id_d3cba168_fk_django_ce; Type: FK CONSTRAINT; Schema: public; Owner: postgres
--

ALTER TABLE ONLY public.django_celery_beat_periodictask
    ADD CONSTRAINT django_celery_beat_p_crontab_id_d3cba168_fk_django_ce FOREIGN KEY (crontab_id) REFERENCES public.django_celery_beat_crontabschedule(id) DEFERRABLE INITIALLY DEFERRED;


--
-- Name: django_celery_beat_periodictask django_celery_beat_p_interval_id_a8ca27da_fk_django_ce; Type: FK CONSTRAINT; Schema: public; Owner: postgres
--

ALTER TABLE ONLY public.django_celery_beat_periodictask
    ADD CONSTRAINT django_celery_beat_p_interval_id_a8ca27da_fk_django_ce FOREIGN KEY (interval_id) REFERENCES public.django_celery_beat_intervalschedule(id) DEFERRABLE INITIALLY DEFERRED;


--
-- Name: django_celery_beat_periodictask django_celery_beat_p_solar_id_a87ce72c_fk_django_ce; Type: FK CONSTRAINT; Schema: public; Owner: postgres
--

ALTER TABLE ONLY public.django_celery_beat_periodictask
    ADD CONSTRAINT django_celery_beat_p_solar_id_a87ce72c_fk_django_ce FOREIGN KEY (solar_id) REFERENCES public.django_celery_beat_solarschedule(id) DEFERRABLE INITIALLY DEFERRED;


--
-- Name: marketing_banco marketing_banco_estado_id_c9e1bc17_fk_cuenta_es; Type: FK CONSTRAINT; Schema: public; Owner: postgres
--

ALTER TABLE ONLY public.marketing_banco
    ADD CONSTRAINT marketing_banco_estado_id_c9e1bc17_fk_cuenta_es FOREIGN KEY (estado_id) REFERENCES public.cuenta_estadoregistro(estado) DEFERRABLE INITIALLY DEFERRED;


--
-- Name: marketing_campania marketing_campania_categoria_id_947d87f4_fk_marketing; Type: FK CONSTRAINT; Schema: public; Owner: postgres
--

ALTER TABLE ONLY public.marketing_campania
    ADD CONSTRAINT marketing_campania_categoria_id_947d87f4_fk_marketing FOREIGN KEY (categoria_id) REFERENCES public.marketing_categoria(id) DEFERRABLE INITIALLY DEFERRED;


--
-- Name: marketing_campania marketing_campania_estado_id_8af5896d_fk_cuenta_es; Type: FK CONSTRAINT; Schema: public; Owner: postgres
--

ALTER TABLE ONLY public.marketing_campania
    ADD CONSTRAINT marketing_campania_estado_id_8af5896d_fk_cuenta_es FOREIGN KEY (estado_id) REFERENCES public.cuenta_estadoregistro(estado) DEFERRABLE INITIALLY DEFERRED;


--
-- Name: marketing_campania marketing_campania_proyecto_id_c61271da_fk_marketing; Type: FK CONSTRAINT; Schema: public; Owner: postgres
--

ALTER TABLE ONLY public.marketing_campania
    ADD CONSTRAINT marketing_campania_proyecto_id_c61271da_fk_marketing FOREIGN KEY (proyecto_id) REFERENCES public.marketing_proyecto(id) DEFERRABLE INITIALLY DEFERRED;


--
-- Name: marketing_campania marketing_campania_usuarioActualizador__26cc158f_fk_cuenta_us; Type: FK CONSTRAINT; Schema: public; Owner: postgres
--

ALTER TABLE ONLY public.marketing_campania
    ADD CONSTRAINT "marketing_campania_usuarioActualizador__26cc158f_fk_cuenta_us" FOREIGN KEY ("usuarioActualizador_id") REFERENCES public.cuenta_user(id) DEFERRABLE INITIALLY DEFERRED;


--
-- Name: marketing_campania marketing_campania_usuarioCreador_id_cc3ec0ac_fk_cuenta_user_id; Type: FK CONSTRAINT; Schema: public; Owner: postgres
--

ALTER TABLE ONLY public.marketing_campania
    ADD CONSTRAINT "marketing_campania_usuarioCreador_id_cc3ec0ac_fk_cuenta_user_id" FOREIGN KEY ("usuarioCreador_id") REFERENCES public.cuenta_user(id) DEFERRABLE INITIALLY DEFERRED;


--
-- Name: marketing_categoria marketing_categoria_estado_id_0601d1ae_fk_cuenta_es; Type: FK CONSTRAINT; Schema: public; Owner: postgres
--

ALTER TABLE ONLY public.marketing_categoria
    ADD CONSTRAINT marketing_categoria_estado_id_0601d1ae_fk_cuenta_es FOREIGN KEY (estado_id) REFERENCES public.cuenta_estadoregistro(estado) DEFERRABLE INITIALLY DEFERRED;


--
-- Name: marketing_gastocampania marketing_gastocampa_campania_id_6fb3fd34_fk_marketing; Type: FK CONSTRAINT; Schema: public; Owner: postgres
--

ALTER TABLE ONLY public.marketing_gastocampania
    ADD CONSTRAINT marketing_gastocampa_campania_id_6fb3fd34_fk_marketing FOREIGN KEY (campania_id) REFERENCES public.marketing_campania(id) DEFERRABLE INITIALLY DEFERRED;


--
-- Name: marketing_gastocampania marketing_gastocampa_estado_id_fe5439ef_fk_cuenta_es; Type: FK CONSTRAINT; Schema: public; Owner: postgres
--

ALTER TABLE ONLY public.marketing_gastocampania
    ADD CONSTRAINT marketing_gastocampa_estado_id_fe5439ef_fk_cuenta_es FOREIGN KEY (estado_id) REFERENCES public.cuenta_estadoregistro(estado) DEFERRABLE INITIALLY DEFERRED;


--
-- Name: marketing_gastocampania marketing_gastocampa_presupuestoProyecto__df552315_fk_marketing; Type: FK CONSTRAINT; Schema: public; Owner: postgres
--

ALTER TABLE ONLY public.marketing_gastocampania
    ADD CONSTRAINT "marketing_gastocampa_presupuestoProyecto__df552315_fk_marketing" FOREIGN KEY ("presupuestoProyecto_id") REFERENCES public.marketing_presupuestoproyecto(id) DEFERRABLE INITIALLY DEFERRED;


--
-- Name: marketing_gastocampania marketing_gastocampa_usuarioActualizador__baaf3e31_fk_cuenta_us; Type: FK CONSTRAINT; Schema: public; Owner: postgres
--

ALTER TABLE ONLY public.marketing_gastocampania
    ADD CONSTRAINT "marketing_gastocampa_usuarioActualizador__baaf3e31_fk_cuenta_us" FOREIGN KEY ("usuarioActualizador_id") REFERENCES public.cuenta_user(id) DEFERRABLE INITIALLY DEFERRED;


--
-- Name: marketing_gastocampania marketing_gastocampa_usuarioCreador_id_56a44e00_fk_cuenta_us; Type: FK CONSTRAINT; Schema: public; Owner: postgres
--

ALTER TABLE ONLY public.marketing_gastocampania
    ADD CONSTRAINT "marketing_gastocampa_usuarioCreador_id_56a44e00_fk_cuenta_us" FOREIGN KEY ("usuarioCreador_id") REFERENCES public.cuenta_user(id) DEFERRABLE INITIALLY DEFERRED;


--
-- Name: marketing_presupuestoproyecto marketing_presupuest_banco_id_42d29700_fk_marketing; Type: FK CONSTRAINT; Schema: public; Owner: postgres
--

ALTER TABLE ONLY public.marketing_presupuestoproyecto
    ADD CONSTRAINT marketing_presupuest_banco_id_42d29700_fk_marketing FOREIGN KEY (banco_id) REFERENCES public.marketing_banco(id) DEFERRABLE INITIALLY DEFERRED;


--
-- Name: marketing_presupuestoproyecto marketing_presupuest_estado_id_bc699b14_fk_cuenta_es; Type: FK CONSTRAINT; Schema: public; Owner: postgres
--

ALTER TABLE ONLY public.marketing_presupuestoproyecto
    ADD CONSTRAINT marketing_presupuest_estado_id_bc699b14_fk_cuenta_es FOREIGN KEY (estado_id) REFERENCES public.cuenta_estadoregistro(estado) DEFERRABLE INITIALLY DEFERRED;


--
-- Name: marketing_presupuestoproyecto marketing_presupuest_proyecto_id_83365fcd_fk_marketing; Type: FK CONSTRAINT; Schema: public; Owner: postgres
--

ALTER TABLE ONLY public.marketing_presupuestoproyecto
    ADD CONSTRAINT marketing_presupuest_proyecto_id_83365fcd_fk_marketing FOREIGN KEY (proyecto_id) REFERENCES public.marketing_proyecto(id) DEFERRABLE INITIALLY DEFERRED;


--
-- Name: marketing_presupuestoproyecto marketing_presupuest_usuarioActualizador__d32e45e3_fk_cuenta_us; Type: FK CONSTRAINT; Schema: public; Owner: postgres
--

ALTER TABLE ONLY public.marketing_presupuestoproyecto
    ADD CONSTRAINT "marketing_presupuest_usuarioActualizador__d32e45e3_fk_cuenta_us" FOREIGN KEY ("usuarioActualizador_id") REFERENCES public.cuenta_user(id) DEFERRABLE INITIALLY DEFERRED;


--
-- Name: marketing_presupuestoproyecto marketing_presupuest_usuarioCreador_id_a8538403_fk_cuenta_us; Type: FK CONSTRAINT; Schema: public; Owner: postgres
--

ALTER TABLE ONLY public.marketing_presupuestoproyecto
    ADD CONSTRAINT "marketing_presupuest_usuarioCreador_id_a8538403_fk_cuenta_us" FOREIGN KEY ("usuarioCreador_id") REFERENCES public.cuenta_user(id) DEFERRABLE INITIALLY DEFERRED;


--
-- Name: marketing_proyecto marketing_proyecto_estado_id_a4076a2a_fk_cuenta_es; Type: FK CONSTRAINT; Schema: public; Owner: postgres
--

ALTER TABLE ONLY public.marketing_proyecto
    ADD CONSTRAINT marketing_proyecto_estado_id_a4076a2a_fk_cuenta_es FOREIGN KEY (estado_id) REFERENCES public.cuenta_estadoregistro(estado) DEFERRABLE INITIALLY DEFERRED;


--
-- Name: marketing_proyecto marketing_proyecto_usuarioActualizador__798e545a_fk_cuenta_us; Type: FK CONSTRAINT; Schema: public; Owner: postgres
--

ALTER TABLE ONLY public.marketing_proyecto
    ADD CONSTRAINT "marketing_proyecto_usuarioActualizador__798e545a_fk_cuenta_us" FOREIGN KEY ("usuarioActualizador_id") REFERENCES public.cuenta_user(id) DEFERRABLE INITIALLY DEFERRED;


--
-- Name: marketing_proyecto marketing_proyecto_usuarioCreador_id_c864e0fc_fk_cuenta_user_id; Type: FK CONSTRAINT; Schema: public; Owner: postgres
--

ALTER TABLE ONLY public.marketing_proyecto
    ADD CONSTRAINT "marketing_proyecto_usuarioCreador_id_c864e0fc_fk_cuenta_user_id" FOREIGN KEY ("usuarioCreador_id") REFERENCES public.cuenta_user(id) DEFERRABLE INITIALLY DEFERRED;


--
-- Name: multimedia_imagenproducto multimedia_imagenpro_producto_id_13dd33a4_fk_ventas_pr; Type: FK CONSTRAINT; Schema: public; Owner: postgres
--

ALTER TABLE ONLY public.multimedia_imagenproducto
    ADD CONSTRAINT multimedia_imagenpro_producto_id_13dd33a4_fk_ventas_pr FOREIGN KEY (producto_id) REFERENCES public.ventas_producto(id) DEFERRABLE INITIALLY DEFERRED;


--
-- Name: multimedia_imagenproyecto multimedia_imagenpro_proyecto_id_c3dc9bd9_fk_marketing; Type: FK CONSTRAINT; Schema: public; Owner: postgres
--

ALTER TABLE ONLY public.multimedia_imagenproyecto
    ADD CONSTRAINT multimedia_imagenpro_proyecto_id_c3dc9bd9_fk_marketing FOREIGN KEY (proyecto_id) REFERENCES public.marketing_proyecto(id) DEFERRABLE INITIALLY DEFERRED;


--
-- Name: multimedia_videoproducto multimedia_videoprod_producto_id_5fc246d7_fk_ventas_pr; Type: FK CONSTRAINT; Schema: public; Owner: postgres
--

ALTER TABLE ONLY public.multimedia_videoproducto
    ADD CONSTRAINT multimedia_videoprod_producto_id_5fc246d7_fk_ventas_pr FOREIGN KEY (producto_id) REFERENCES public.ventas_producto(id) DEFERRABLE INITIALLY DEFERRED;


--
-- Name: multimedia_videoproyecto multimedia_videoproy_proyecto_id_2602a1bb_fk_marketing; Type: FK CONSTRAINT; Schema: public; Owner: postgres
--

ALTER TABLE ONLY public.multimedia_videoproyecto
    ADD CONSTRAINT multimedia_videoproy_proyecto_id_2602a1bb_fk_marketing FOREIGN KEY (proyecto_id) REFERENCES public.marketing_proyecto(id) DEFERRABLE INITIALLY DEFERRED;


--
-- Name: token_blacklist_blacklistedtoken token_blacklist_blacklistedtoken_token_id_3cc7fe56_fk; Type: FK CONSTRAINT; Schema: public; Owner: postgres
--

ALTER TABLE ONLY public.token_blacklist_blacklistedtoken
    ADD CONSTRAINT token_blacklist_blacklistedtoken_token_id_3cc7fe56_fk FOREIGN KEY (token_id) REFERENCES public.token_blacklist_outstandingtoken(id) DEFERRABLE INITIALLY DEFERRED;


--
-- Name: token_blacklist_outstandingtoken token_blacklist_outs_user_id_83bc629a_fk_cuenta_us; Type: FK CONSTRAINT; Schema: public; Owner: postgres
--

ALTER TABLE ONLY public.token_blacklist_outstandingtoken
    ADD CONSTRAINT token_blacklist_outs_user_id_83bc629a_fk_cuenta_us FOREIGN KEY (user_id) REFERENCES public.cuenta_user(id) DEFERRABLE INITIALLY DEFERRED;


--
-- Name: ventas_cotizacion ventas_cotizacion_estado_id_4c03ed64_fk_cuenta_es; Type: FK CONSTRAINT; Schema: public; Owner: postgres
--

ALTER TABLE ONLY public.ventas_cotizacion
    ADD CONSTRAINT ventas_cotizacion_estado_id_4c03ed64_fk_cuenta_es FOREIGN KEY (estado_id) REFERENCES public.cuenta_estadoregistro(estado) DEFERRABLE INITIALLY DEFERRED;


--
-- Name: ventas_cotizacion ventas_cotizacion_proyecto_id_5133ce3a_fk_marketing_proyecto_id; Type: FK CONSTRAINT; Schema: public; Owner: postgres
--

ALTER TABLE ONLY public.ventas_cotizacion
    ADD CONSTRAINT ventas_cotizacion_proyecto_id_5133ce3a_fk_marketing_proyecto_id FOREIGN KEY (proyecto_id) REFERENCES public.marketing_proyecto(id) DEFERRABLE INITIALLY DEFERRED;


--
-- Name: ventas_cotizacion ventas_cotizacion_tipo_id_76158ba5_fk_ventas_tipocotizacion_id; Type: FK CONSTRAINT; Schema: public; Owner: postgres
--

ALTER TABLE ONLY public.ventas_cotizacion
    ADD CONSTRAINT ventas_cotizacion_tipo_id_76158ba5_fk_ventas_tipocotizacion_id FOREIGN KEY (tipo_id) REFERENCES public.ventas_tipocotizacion(id) DEFERRABLE INITIALLY DEFERRED;


--
-- Name: ventas_cuota ventas_cuota_cotizacion_id_03c69e16_fk_ventas_cotizacion_id; Type: FK CONSTRAINT; Schema: public; Owner: postgres
--

ALTER TABLE ONLY public.ventas_cuota
    ADD CONSTRAINT ventas_cuota_cotizacion_id_03c69e16_fk_ventas_cotizacion_id FOREIGN KEY (cotizacion_id) REFERENCES public.ventas_cotizacion(id) DEFERRABLE INITIALLY DEFERRED;


--
-- Name: ventas_cuota ventas_cuota_estado_id_7e2e6470_fk_cuenta_estadoregistro_estado; Type: FK CONSTRAINT; Schema: public; Owner: postgres
--

ALTER TABLE ONLY public.ventas_cuota
    ADD CONSTRAINT ventas_cuota_estado_id_7e2e6470_fk_cuenta_estadoregistro_estado FOREIGN KEY (estado_id) REFERENCES public.cuenta_estadoregistro(estado) DEFERRABLE INITIALLY DEFERRED;


--
-- Name: ventas_cuota ventas_cuota_tipo_id_7ef78424_fk_ventas_tipocuota_id; Type: FK CONSTRAINT; Schema: public; Owner: postgres
--

ALTER TABLE ONLY public.ventas_cuota
    ADD CONSTRAINT ventas_cuota_tipo_id_7ef78424_fk_ventas_tipocuota_id FOREIGN KEY (tipo_id) REFERENCES public.ventas_tipocuota(id) DEFERRABLE INITIALLY DEFERRED;


--
-- Name: ventas_desasignacionleadasesor ventas_desasignacion_lead_id_9c79fb06_fk_ventas_le; Type: FK CONSTRAINT; Schema: public; Owner: postgres
--

ALTER TABLE ONLY public.ventas_desasignacionleadasesor
    ADD CONSTRAINT ventas_desasignacion_lead_id_9c79fb06_fk_ventas_le FOREIGN KEY (lead_id) REFERENCES public.ventas_lead(id) DEFERRABLE INITIALLY DEFERRED;


--
-- Name: ventas_desasignacionleadasesor ventas_desasignacion_usuario_id_2767a2a3_fk_cuenta_us; Type: FK CONSTRAINT; Schema: public; Owner: postgres
--

ALTER TABLE ONLY public.ventas_desasignacionleadasesor
    ADD CONSTRAINT ventas_desasignacion_usuario_id_2767a2a3_fk_cuenta_us FOREIGN KEY (usuario_id) REFERENCES public.cuenta_user(id) DEFERRABLE INITIALLY DEFERRED;


--
-- Name: ventas_estadoevento ventas_estadoevento_estado_id_c129a6f0_fk_cuenta_es; Type: FK CONSTRAINT; Schema: public; Owner: postgres
--

ALTER TABLE ONLY public.ventas_estadoevento
    ADD CONSTRAINT ventas_estadoevento_estado_id_c129a6f0_fk_cuenta_es FOREIGN KEY (estado_id) REFERENCES public.cuenta_estadoregistro(estado) DEFERRABLE INITIALLY DEFERRED;


--
-- Name: ventas_estadolead ventas_estadolead_estado_id_bb594f1b_fk_cuenta_es; Type: FK CONSTRAINT; Schema: public; Owner: postgres
--

ALTER TABLE ONLY public.ventas_estadolead
    ADD CONSTRAINT ventas_estadolead_estado_id_bb594f1b_fk_cuenta_es FOREIGN KEY (estado_id) REFERENCES public.cuenta_estadoregistro(estado) DEFERRABLE INITIALLY DEFERRED;


--
-- Name: ventas_estadoseparacionlead ventas_estadoseparac_estado_id_5a88d3d7_fk_cuenta_es; Type: FK CONSTRAINT; Schema: public; Owner: postgres
--

ALTER TABLE ONLY public.ventas_estadoseparacionlead
    ADD CONSTRAINT ventas_estadoseparac_estado_id_5a88d3d7_fk_cuenta_es FOREIGN KEY (estado_id) REFERENCES public.cuenta_estadoregistro(estado) DEFERRABLE INITIALLY DEFERRED;


--
-- Name: ventas_evento ventas_evento_asesor_id_ea375381_fk_cuenta_user_id; Type: FK CONSTRAINT; Schema: public; Owner: postgres
--

ALTER TABLE ONLY public.ventas_evento
    ADD CONSTRAINT ventas_evento_asesor_id_ea375381_fk_cuenta_user_id FOREIGN KEY (asesor_id) REFERENCES public.cuenta_user(id) DEFERRABLE INITIALLY DEFERRED;


--
-- Name: ventas_evento ventas_evento_estadoEvento_id_fd2e2eb2_fk_ventas_es; Type: FK CONSTRAINT; Schema: public; Owner: postgres
--

ALTER TABLE ONLY public.ventas_evento
    ADD CONSTRAINT "ventas_evento_estadoEvento_id_fd2e2eb2_fk_ventas_es" FOREIGN KEY ("estadoEvento_id") REFERENCES public.ventas_estadoevento(id) DEFERRABLE INITIALLY DEFERRED;


--
-- Name: ventas_evento ventas_evento_estado_id_e829db5d_fk_cuenta_es; Type: FK CONSTRAINT; Schema: public; Owner: postgres
--

ALTER TABLE ONLY public.ventas_evento
    ADD CONSTRAINT ventas_evento_estado_id_e829db5d_fk_cuenta_es FOREIGN KEY (estado_id) REFERENCES public.cuenta_estadoregistro(estado) DEFERRABLE INITIALLY DEFERRED;


--
-- Name: ventas_evento ventas_evento_lead_id_08e70c93_fk_ventas_lead_id; Type: FK CONSTRAINT; Schema: public; Owner: postgres
--

ALTER TABLE ONLY public.ventas_evento
    ADD CONSTRAINT ventas_evento_lead_id_08e70c93_fk_ventas_lead_id FOREIGN KEY (lead_id) REFERENCES public.ventas_lead(id) DEFERRABLE INITIALLY DEFERRED;


--
-- Name: ventas_evento ventas_evento_objecion_id_469e0133_fk_ventas_objecion_id; Type: FK CONSTRAINT; Schema: public; Owner: postgres
--

ALTER TABLE ONLY public.ventas_evento
    ADD CONSTRAINT ventas_evento_objecion_id_469e0133_fk_ventas_objecion_id FOREIGN KEY (objecion_id) REFERENCES public.ventas_objecion(id) DEFERRABLE INITIALLY DEFERRED;


--
-- Name: ventas_evento ventas_evento_tipo_id_78657756_fk_ventas_tipoevento_id; Type: FK CONSTRAINT; Schema: public; Owner: postgres
--

ALTER TABLE ONLY public.ventas_evento
    ADD CONSTRAINT ventas_evento_tipo_id_78657756_fk_ventas_tipoevento_id FOREIGN KEY (tipo_id) REFERENCES public.ventas_tipoevento(id) DEFERRABLE INITIALLY DEFERRED;


--
-- Name: ventas_evento ventas_evento_usuarioActualizador_id_88d7c969_fk_cuenta_user_id; Type: FK CONSTRAINT; Schema: public; Owner: postgres
--

ALTER TABLE ONLY public.ventas_evento
    ADD CONSTRAINT "ventas_evento_usuarioActualizador_id_88d7c969_fk_cuenta_user_id" FOREIGN KEY ("usuarioActualizador_id") REFERENCES public.cuenta_user(id) DEFERRABLE INITIALLY DEFERRED;


--
-- Name: ventas_evento ventas_evento_usuarioCreador_id_67d617c4_fk_cuenta_user_id; Type: FK CONSTRAINT; Schema: public; Owner: postgres
--

ALTER TABLE ONLY public.ventas_evento
    ADD CONSTRAINT "ventas_evento_usuarioCreador_id_67d617c4_fk_cuenta_user_id" FOREIGN KEY ("usuarioCreador_id") REFERENCES public.cuenta_user(id) DEFERRABLE INITIALLY DEFERRED;


--
-- Name: ventas_historicoleadasesor ventas_historicolead_usuario_id_88ac90e1_fk_cuenta_us; Type: FK CONSTRAINT; Schema: public; Owner: postgres
--

ALTER TABLE ONLY public.ventas_historicoleadasesor
    ADD CONSTRAINT ventas_historicolead_usuario_id_88ac90e1_fk_cuenta_us FOREIGN KEY (usuario_id) REFERENCES public.cuenta_user(id) DEFERRABLE INITIALLY DEFERRED;


--
-- Name: ventas_historicoleadasesor ventas_historicoleadasesor_lead_id_19bc7b14_fk_ventas_lead_id; Type: FK CONSTRAINT; Schema: public; Owner: postgres
--

ALTER TABLE ONLY public.ventas_historicoleadasesor
    ADD CONSTRAINT ventas_historicoleadasesor_lead_id_19bc7b14_fk_ventas_lead_id FOREIGN KEY (lead_id) REFERENCES public.ventas_lead(id) DEFERRABLE INITIALLY DEFERRED;


--
-- Name: ventas_lead ventas_lead_asesor_id_dd870e0e_fk_cuenta_user_id; Type: FK CONSTRAINT; Schema: public; Owner: postgres
--

ALTER TABLE ONLY public.ventas_lead
    ADD CONSTRAINT ventas_lead_asesor_id_dd870e0e_fk_cuenta_user_id FOREIGN KEY (asesor_id) REFERENCES public.cuenta_user(id) DEFERRABLE INITIALLY DEFERRED;


--
-- Name: ventas_lead ventas_lead_campania_id_f4e01b2b_fk_marketing_campania_id; Type: FK CONSTRAINT; Schema: public; Owner: postgres
--

ALTER TABLE ONLY public.ventas_lead
    ADD CONSTRAINT ventas_lead_campania_id_f4e01b2b_fk_marketing_campania_id FOREIGN KEY (campania_id) REFERENCES public.marketing_campania(id) DEFERRABLE INITIALLY DEFERRED;


--
-- Name: ventas_lead ventas_lead_estadoLead_id_d1be3161_fk_ventas_estadolead_nombre; Type: FK CONSTRAINT; Schema: public; Owner: postgres
--

ALTER TABLE ONLY public.ventas_lead
    ADD CONSTRAINT "ventas_lead_estadoLead_id_d1be3161_fk_ventas_estadolead_nombre" FOREIGN KEY ("estadoLead_id") REFERENCES public.ventas_estadolead(nombre) DEFERRABLE INITIALLY DEFERRED;


--
-- Name: ventas_lead ventas_lead_estadoSeparacionLead_8a386dde_fk_ventas_es; Type: FK CONSTRAINT; Schema: public; Owner: postgres
--

ALTER TABLE ONLY public.ventas_lead
    ADD CONSTRAINT "ventas_lead_estadoSeparacionLead_8a386dde_fk_ventas_es" FOREIGN KEY ("estadoSeparacionLead_id") REFERENCES public.ventas_estadoseparacionlead(id) DEFERRABLE INITIALLY DEFERRED;


--
-- Name: ventas_lead ventas_lead_estado_id_54a193d0_fk_cuenta_estadoregistro_estado; Type: FK CONSTRAINT; Schema: public; Owner: postgres
--

ALTER TABLE ONLY public.ventas_lead
    ADD CONSTRAINT ventas_lead_estado_id_54a193d0_fk_cuenta_estadoregistro_estado FOREIGN KEY (estado_id) REFERENCES public.cuenta_estadoregistro(estado) DEFERRABLE INITIALLY DEFERRED;


--
-- Name: ventas_lead ventas_lead_objecion_id_0176a2b4_fk_ventas_objecion_id; Type: FK CONSTRAINT; Schema: public; Owner: postgres
--

ALTER TABLE ONLY public.ventas_lead
    ADD CONSTRAINT ventas_lead_objecion_id_0176a2b4_fk_ventas_objecion_id FOREIGN KEY (objecion_id) REFERENCES public.ventas_objecion(id) DEFERRABLE INITIALLY DEFERRED;


--
-- Name: ventas_lead ventas_lead_producto_id_7c52a6b2_fk_ventas_producto_id; Type: FK CONSTRAINT; Schema: public; Owner: postgres
--

ALTER TABLE ONLY public.ventas_lead
    ADD CONSTRAINT ventas_lead_producto_id_7c52a6b2_fk_ventas_producto_id FOREIGN KEY (producto_id) REFERENCES public.ventas_producto(id) DEFERRABLE INITIALLY DEFERRED;


--
-- Name: ventas_lead ventas_lead_usuarioActualizador_id_a33040e6_fk_cuenta_user_id; Type: FK CONSTRAINT; Schema: public; Owner: postgres
--

ALTER TABLE ONLY public.ventas_lead
    ADD CONSTRAINT "ventas_lead_usuarioActualizador_id_a33040e6_fk_cuenta_user_id" FOREIGN KEY ("usuarioActualizador_id") REFERENCES public.cuenta_user(id) DEFERRABLE INITIALLY DEFERRED;


--
-- Name: ventas_lead ventas_lead_usuarioCreador_id_a34d2acb_fk_cuenta_user_id; Type: FK CONSTRAINT; Schema: public; Owner: postgres
--

ALTER TABLE ONLY public.ventas_lead
    ADD CONSTRAINT "ventas_lead_usuarioCreador_id_a34d2acb_fk_cuenta_user_id" FOREIGN KEY ("usuarioCreador_id") REFERENCES public.cuenta_user(id) DEFERRABLE INITIALLY DEFERRED;


--
-- Name: ventas_llamada ventas_llamada_asesor_id_8151be6e_fk_cuenta_user_id; Type: FK CONSTRAINT; Schema: public; Owner: postgres
--

ALTER TABLE ONLY public.ventas_llamada
    ADD CONSTRAINT ventas_llamada_asesor_id_8151be6e_fk_cuenta_user_id FOREIGN KEY (asesor_id) REFERENCES public.cuenta_user(id) DEFERRABLE INITIALLY DEFERRED;


--
-- Name: ventas_llamada ventas_llamada_estado_id_0cfebce4_fk_cuenta_es; Type: FK CONSTRAINT; Schema: public; Owner: postgres
--

ALTER TABLE ONLY public.ventas_llamada
    ADD CONSTRAINT ventas_llamada_estado_id_0cfebce4_fk_cuenta_es FOREIGN KEY (estado_id) REFERENCES public.cuenta_estadoregistro(estado) DEFERRABLE INITIALLY DEFERRED;


--
-- Name: ventas_llamada ventas_llamada_lead_id_78d422d7_fk_ventas_lead_id; Type: FK CONSTRAINT; Schema: public; Owner: postgres
--

ALTER TABLE ONLY public.ventas_llamada
    ADD CONSTRAINT ventas_llamada_lead_id_78d422d7_fk_ventas_lead_id FOREIGN KEY (lead_id) REFERENCES public.ventas_lead(id) DEFERRABLE INITIALLY DEFERRED;


--
-- Name: ventas_llamada ventas_llamada_objecion_id_132f66c4_fk_ventas_objecion_id; Type: FK CONSTRAINT; Schema: public; Owner: postgres
--

ALTER TABLE ONLY public.ventas_llamada
    ADD CONSTRAINT ventas_llamada_objecion_id_132f66c4_fk_ventas_objecion_id FOREIGN KEY (objecion_id) REFERENCES public.ventas_objecion(id) DEFERRABLE INITIALLY DEFERRED;


--
-- Name: ventas_llamada ventas_llamada_usuarioActualizador__53da2ff0_fk_cuenta_us; Type: FK CONSTRAINT; Schema: public; Owner: postgres
--

ALTER TABLE ONLY public.ventas_llamada
    ADD CONSTRAINT "ventas_llamada_usuarioActualizador__53da2ff0_fk_cuenta_us" FOREIGN KEY ("usuarioActualizador_id") REFERENCES public.cuenta_user(id) DEFERRABLE INITIALLY DEFERRED;


--
-- Name: ventas_llamada ventas_llamada_usuarioCreador_id_c5f588ab_fk_cuenta_user_id; Type: FK CONSTRAINT; Schema: public; Owner: postgres
--

ALTER TABLE ONLY public.ventas_llamada
    ADD CONSTRAINT "ventas_llamada_usuarioCreador_id_c5f588ab_fk_cuenta_user_id" FOREIGN KEY ("usuarioCreador_id") REFERENCES public.cuenta_user(id) DEFERRABLE INITIALLY DEFERRED;


--
-- Name: ventas_objecion ventas_objecion_estado_id_e3665317_fk_cuenta_es; Type: FK CONSTRAINT; Schema: public; Owner: postgres
--

ALTER TABLE ONLY public.ventas_objecion
    ADD CONSTRAINT ventas_objecion_estado_id_e3665317_fk_cuenta_es FOREIGN KEY (estado_id) REFERENCES public.cuenta_estadoregistro(estado) DEFERRABLE INITIALLY DEFERRED;


--
-- Name: ventas_precio ventas_precio_cotizacion_id_723444f0_fk_ventas_cotizacion_id; Type: FK CONSTRAINT; Schema: public; Owner: postgres
--

ALTER TABLE ONLY public.ventas_precio
    ADD CONSTRAINT ventas_precio_cotizacion_id_723444f0_fk_ventas_cotizacion_id FOREIGN KEY (cotizacion_id) REFERENCES public.ventas_cotizacion(id) DEFERRABLE INITIALLY DEFERRED;


--
-- Name: ventas_precio ventas_precio_estado_id_0c23bcdc_fk_cuenta_es; Type: FK CONSTRAINT; Schema: public; Owner: postgres
--

ALTER TABLE ONLY public.ventas_precio
    ADD CONSTRAINT ventas_precio_estado_id_0c23bcdc_fk_cuenta_es FOREIGN KEY (estado_id) REFERENCES public.cuenta_estadoregistro(estado) DEFERRABLE INITIALLY DEFERRED;


--
-- Name: ventas_precio ventas_precio_tipoProducto_id_db5855af_fk_ventas_ti; Type: FK CONSTRAINT; Schema: public; Owner: postgres
--

ALTER TABLE ONLY public.ventas_precio
    ADD CONSTRAINT "ventas_precio_tipoProducto_id_db5855af_fk_ventas_ti" FOREIGN KEY ("tipoProducto_id") REFERENCES public.ventas_tipoproducto(id) DEFERRABLE INITIALLY DEFERRED;


--
-- Name: ventas_producto ventas_producto_estado_id_24db19a3_fk_cuenta_es; Type: FK CONSTRAINT; Schema: public; Owner: postgres
--

ALTER TABLE ONLY public.ventas_producto
    ADD CONSTRAINT ventas_producto_estado_id_24db19a3_fk_cuenta_es FOREIGN KEY (estado_id) REFERENCES public.cuenta_estadoregistro(estado) DEFERRABLE INITIALLY DEFERRED;


--
-- Name: ventas_producto ventas_producto_proyecto_id_50e7196a_fk_marketing_proyecto_id; Type: FK CONSTRAINT; Schema: public; Owner: postgres
--

ALTER TABLE ONLY public.ventas_producto
    ADD CONSTRAINT ventas_producto_proyecto_id_50e7196a_fk_marketing_proyecto_id FOREIGN KEY (proyecto_id) REFERENCES public.marketing_proyecto(id) DEFERRABLE INITIALLY DEFERRED;


--
-- Name: ventas_producto ventas_producto_tipo_id_12a8cb82_fk_ventas_tipoproducto_id; Type: FK CONSTRAINT; Schema: public; Owner: postgres
--

ALTER TABLE ONLY public.ventas_producto
    ADD CONSTRAINT ventas_producto_tipo_id_12a8cb82_fk_ventas_tipoproducto_id FOREIGN KEY (tipo_id) REFERENCES public.ventas_tipoproducto(id) DEFERRABLE INITIALLY DEFERRED;


--
-- Name: ventas_producto ventas_producto_usuarioActualizador__71ae7343_fk_cuenta_us; Type: FK CONSTRAINT; Schema: public; Owner: postgres
--

ALTER TABLE ONLY public.ventas_producto
    ADD CONSTRAINT "ventas_producto_usuarioActualizador__71ae7343_fk_cuenta_us" FOREIGN KEY ("usuarioActualizador_id") REFERENCES public.cuenta_user(id) DEFERRABLE INITIALLY DEFERRED;


--
-- Name: ventas_producto ventas_producto_usuarioCreador_id_69bcb9f9_fk_cuenta_user_id; Type: FK CONSTRAINT; Schema: public; Owner: postgres
--

ALTER TABLE ONLY public.ventas_producto
    ADD CONSTRAINT "ventas_producto_usuarioCreador_id_69bcb9f9_fk_cuenta_user_id" FOREIGN KEY ("usuarioCreador_id") REFERENCES public.cuenta_user(id) DEFERRABLE INITIALLY DEFERRED;


--
-- Name: ventas_proyectotipoproducto ventas_proyectotipop_proyecto_id_49eff36f_fk_marketing; Type: FK CONSTRAINT; Schema: public; Owner: postgres
--

ALTER TABLE ONLY public.ventas_proyectotipoproducto
    ADD CONSTRAINT ventas_proyectotipop_proyecto_id_49eff36f_fk_marketing FOREIGN KEY (proyecto_id) REFERENCES public.marketing_proyecto(id) DEFERRABLE INITIALLY DEFERRED;


--
-- Name: ventas_proyectotipoproducto ventas_proyectotipop_tipo_producto_id_8af26c72_fk_ventas_ti; Type: FK CONSTRAINT; Schema: public; Owner: postgres
--

ALTER TABLE ONLY public.ventas_proyectotipoproducto
    ADD CONSTRAINT ventas_proyectotipop_tipo_producto_id_8af26c72_fk_ventas_ti FOREIGN KEY (tipo_producto_id) REFERENCES public.ventas_tipoproducto(id) DEFERRABLE INITIALLY DEFERRED;


--
-- Name: ventas_tipocotizacion ventas_tipocotizacio_estado_id_65417f55_fk_cuenta_es; Type: FK CONSTRAINT; Schema: public; Owner: postgres
--

ALTER TABLE ONLY public.ventas_tipocotizacion
    ADD CONSTRAINT ventas_tipocotizacio_estado_id_65417f55_fk_cuenta_es FOREIGN KEY (estado_id) REFERENCES public.cuenta_estadoregistro(estado) DEFERRABLE INITIALLY DEFERRED;


--
-- Name: ventas_tipocuota ventas_tipocuota_estado_id_9266ec5f_fk_cuenta_es; Type: FK CONSTRAINT; Schema: public; Owner: postgres
--

ALTER TABLE ONLY public.ventas_tipocuota
    ADD CONSTRAINT ventas_tipocuota_estado_id_9266ec5f_fk_cuenta_es FOREIGN KEY (estado_id) REFERENCES public.cuenta_estadoregistro(estado) DEFERRABLE INITIALLY DEFERRED;


--
-- Name: ventas_tipoevento ventas_tipoevento_estado_id_9c7fb81b_fk_cuenta_es; Type: FK CONSTRAINT; Schema: public; Owner: postgres
--

ALTER TABLE ONLY public.ventas_tipoevento
    ADD CONSTRAINT ventas_tipoevento_estado_id_9c7fb81b_fk_cuenta_es FOREIGN KEY (estado_id) REFERENCES public.cuenta_estadoregistro(estado) DEFERRABLE INITIALLY DEFERRED;


--
-- Name: ventas_tipoproducto ventas_tipoproducto_estado_id_34c73ef0_fk_cuenta_es; Type: FK CONSTRAINT; Schema: public; Owner: postgres
--

ALTER TABLE ONLY public.ventas_tipoproducto
    ADD CONSTRAINT ventas_tipoproducto_estado_id_34c73ef0_fk_cuenta_es FOREIGN KEY (estado_id) REFERENCES public.cuenta_estadoregistro(estado) DEFERRABLE INITIALLY DEFERRED;


--
-- Name: ventas_whatsapp ventas_whatsapp_asesor_id_5ce5d395_fk_cuenta_user_id; Type: FK CONSTRAINT; Schema: public; Owner: postgres
--

ALTER TABLE ONLY public.ventas_whatsapp
    ADD CONSTRAINT ventas_whatsapp_asesor_id_5ce5d395_fk_cuenta_user_id FOREIGN KEY (asesor_id) REFERENCES public.cuenta_user(id) DEFERRABLE INITIALLY DEFERRED;


--
-- Name: ventas_whatsapp ventas_whatsapp_estado_id_6e36a6d1_fk_cuenta_es; Type: FK CONSTRAINT; Schema: public; Owner: postgres
--

ALTER TABLE ONLY public.ventas_whatsapp
    ADD CONSTRAINT ventas_whatsapp_estado_id_6e36a6d1_fk_cuenta_es FOREIGN KEY (estado_id) REFERENCES public.cuenta_estadoregistro(estado) DEFERRABLE INITIALLY DEFERRED;


--
-- Name: ventas_whatsapp ventas_whatsapp_lead_id_49f8bd1e_fk_ventas_lead_id; Type: FK CONSTRAINT; Schema: public; Owner: postgres
--

ALTER TABLE ONLY public.ventas_whatsapp
    ADD CONSTRAINT ventas_whatsapp_lead_id_49f8bd1e_fk_ventas_lead_id FOREIGN KEY (lead_id) REFERENCES public.ventas_lead(id) DEFERRABLE INITIALLY DEFERRED;


--
-- Name: ventas_whatsapp ventas_whatsapp_objecion_id_b79425dd_fk_ventas_objecion_id; Type: FK CONSTRAINT; Schema: public; Owner: postgres
--

ALTER TABLE ONLY public.ventas_whatsapp
    ADD CONSTRAINT ventas_whatsapp_objecion_id_b79425dd_fk_ventas_objecion_id FOREIGN KEY (objecion_id) REFERENCES public.ventas_objecion(id) DEFERRABLE INITIALLY DEFERRED;


--
-- Name: ventas_whatsapp ventas_whatsapp_usuarioActualizador__1d344f29_fk_cuenta_us; Type: FK CONSTRAINT; Schema: public; Owner: postgres
--

ALTER TABLE ONLY public.ventas_whatsapp
    ADD CONSTRAINT "ventas_whatsapp_usuarioActualizador__1d344f29_fk_cuenta_us" FOREIGN KEY ("usuarioActualizador_id") REFERENCES public.cuenta_user(id) DEFERRABLE INITIALLY DEFERRED;


--
-- Name: ventas_whatsapp ventas_whatsapp_usuarioCreador_id_b47920f5_fk_cuenta_user_id; Type: FK CONSTRAINT; Schema: public; Owner: postgres
--

ALTER TABLE ONLY public.ventas_whatsapp
    ADD CONSTRAINT "ventas_whatsapp_usuarioCreador_id_b47920f5_fk_cuenta_user_id" FOREIGN KEY ("usuarioCreador_id") REFERENCES public.cuenta_user(id) DEFERRABLE INITIALLY DEFERRED;


--
-- PostgreSQL database dump complete
--

