--
-- PostgreSQL database dump
--

-- Dumped from database version 14.10 (Ubuntu 14.10-0ubuntu0.22.04.1)
-- Dumped by pg_dump version 14.10 (Ubuntu 14.10-0ubuntu0.22.04.1)

SET statement_timeout = 0;
SET lock_timeout = 0;
SET idle_in_transaction_session_timeout = 0;
SET client_encoding = 'UTF8';
SET standard_conforming_strings = on;
SELECT pg_catalog.set_config('search_path', '', false);
SET check_function_bodies = false;
SET xmloption = content;
SET client_min_messages = warning;
SET row_security = off;

SET default_tablespace = '';

SET default_table_access_method = heap;

--
-- Name: auth_group; Type: TABLE; Schema: public; Owner: postgres
--

CREATE TABLE public.auth_group (
    id integer NOT NULL,
    name character varying(150) NOT NULL
);


ALTER TABLE public.auth_group OWNER TO postgres;

--
-- Name: auth_group_id_seq; Type: SEQUENCE; Schema: public; Owner: postgres
--

ALTER TABLE public.auth_group ALTER COLUMN id ADD GENERATED BY DEFAULT AS IDENTITY (
    SEQUENCE NAME public.auth_group_id_seq
    START WITH 1
    INCREMENT BY 1
    NO MINVALUE
    NO MAXVALUE
    CACHE 1
);


--
-- Name: auth_group_permissions; Type: TABLE; Schema: public; Owner: postgres
--

CREATE TABLE public.auth_group_permissions (
    id bigint NOT NULL,
    group_id integer NOT NULL,
    permission_id integer NOT NULL
);


ALTER TABLE public.auth_group_permissions OWNER TO postgres;

--
-- Name: auth_group_permissions_id_seq; Type: SEQUENCE; Schema: public; Owner: postgres
--

ALTER TABLE public.auth_group_permissions ALTER COLUMN id ADD GENERATED BY DEFAULT AS IDENTITY (
    SEQUENCE NAME public.auth_group_permissions_id_seq
    START WITH 1
    INCREMENT BY 1
    NO MINVALUE
    NO MAXVALUE
    CACHE 1
);


--
-- Name: auth_permission; Type: TABLE; Schema: public; Owner: postgres
--

CREATE TABLE public.auth_permission (
    id integer NOT NULL,
    name character varying(255) NOT NULL,
    content_type_id integer NOT NULL,
    codename character varying(100) NOT NULL
);


ALTER TABLE public.auth_permission OWNER TO postgres;

--
-- Name: auth_permission_id_seq; Type: SEQUENCE; Schema: public; Owner: postgres
--

ALTER TABLE public.auth_permission ALTER COLUMN id ADD GENERATED BY DEFAULT AS IDENTITY (
    SEQUENCE NAME public.auth_permission_id_seq
    START WITH 1
    INCREMENT BY 1
    NO MINVALUE
    NO MAXVALUE
    CACHE 1
);


--
-- Name: cuenta_estadoregistro; Type: TABLE; Schema: public; Owner: postgres
--

CREATE TABLE public.cuenta_estadoregistro (
    estado character varying(1) NOT NULL,
    nombre character varying(50)
);


ALTER TABLE public.cuenta_estadoregistro OWNER TO postgres;

--
-- Name: cuenta_modulo; Type: TABLE; Schema: public; Owner: postgres
--

CREATE TABLE public.cuenta_modulo (
    id bigint NOT NULL,
    nombre character varying(100),
    url character varying(50),
    "contentType_id" integer,
    estado_id character varying(1)
);


ALTER TABLE public.cuenta_modulo OWNER TO postgres;

--
-- Name: cuenta_modulo_id_seq; Type: SEQUENCE; Schema: public; Owner: postgres
--

ALTER TABLE public.cuenta_modulo ALTER COLUMN id ADD GENERATED BY DEFAULT AS IDENTITY (
    SEQUENCE NAME public.cuenta_modulo_id_seq
    START WITH 1
    INCREMENT BY 1
    NO MINVALUE
    NO MAXVALUE
    CACHE 1
);


--
-- Name: cuenta_user; Type: TABLE; Schema: public; Owner: postgres
--

CREATE TABLE public.cuenta_user (
    id bigint NOT NULL,
    password character varying(128) NOT NULL,
    last_login timestamp with time zone,
    is_superuser boolean NOT NULL,
    username character varying(150) NOT NULL,
    first_name character varying(150) NOT NULL,
    last_name character varying(150) NOT NULL,
    email character varying(254) NOT NULL,
    is_staff boolean NOT NULL,
    is_active boolean NOT NULL,
    date_joined timestamp with time zone NOT NULL,
    "codigoAsesor" character varying(100),
    estado_id character varying(1),
    proyecto_id bigint
);


ALTER TABLE public.cuenta_user OWNER TO postgres;

--
-- Name: cuenta_user_groups; Type: TABLE; Schema: public; Owner: postgres
--

CREATE TABLE public.cuenta_user_groups (
    id bigint NOT NULL,
    user_id bigint NOT NULL,
    group_id integer NOT NULL
);


ALTER TABLE public.cuenta_user_groups OWNER TO postgres;

--
-- Name: cuenta_user_groups_id_seq; Type: SEQUENCE; Schema: public; Owner: postgres
--

ALTER TABLE public.cuenta_user_groups ALTER COLUMN id ADD GENERATED BY DEFAULT AS IDENTITY (
    SEQUENCE NAME public.cuenta_user_groups_id_seq
    START WITH 1
    INCREMENT BY 1
    NO MINVALUE
    NO MAXVALUE
    CACHE 1
);


--
-- Name: cuenta_user_id_seq; Type: SEQUENCE; Schema: public; Owner: postgres
--

ALTER TABLE public.cuenta_user ALTER COLUMN id ADD GENERATED BY DEFAULT AS IDENTITY (
    SEQUENCE NAME public.cuenta_user_id_seq
    START WITH 1
    INCREMENT BY 1
    NO MINVALUE
    NO MAXVALUE
    CACHE 1
);


--
-- Name: cuenta_user_user_permissions; Type: TABLE; Schema: public; Owner: postgres
--

CREATE TABLE public.cuenta_user_user_permissions (
    id bigint NOT NULL,
    user_id bigint NOT NULL,
    permission_id integer NOT NULL
);


ALTER TABLE public.cuenta_user_user_permissions OWNER TO postgres;

--
-- Name: cuenta_user_user_permissions_id_seq; Type: SEQUENCE; Schema: public; Owner: postgres
--

ALTER TABLE public.cuenta_user_user_permissions ALTER COLUMN id ADD GENERATED BY DEFAULT AS IDENTITY (
    SEQUENCE NAME public.cuenta_user_user_permissions_id_seq
    START WITH 1
    INCREMENT BY 1
    NO MINVALUE
    NO MAXVALUE
    CACHE 1
);


--
-- Name: django_admin_log; Type: TABLE; Schema: public; Owner: postgres
--

CREATE TABLE public.django_admin_log (
    id integer NOT NULL,
    action_time timestamp with time zone NOT NULL,
    object_id text,
    object_repr character varying(200) NOT NULL,
    action_flag smallint NOT NULL,
    change_message text NOT NULL,
    content_type_id integer,
    user_id bigint NOT NULL,
    CONSTRAINT django_admin_log_action_flag_check CHECK ((action_flag >= 0))
);


ALTER TABLE public.django_admin_log OWNER TO postgres;

--
-- Name: django_admin_log_id_seq; Type: SEQUENCE; Schema: public; Owner: postgres
--

ALTER TABLE public.django_admin_log ALTER COLUMN id ADD GENERATED BY DEFAULT AS IDENTITY (
    SEQUENCE NAME public.django_admin_log_id_seq
    START WITH 1
    INCREMENT BY 1
    NO MINVALUE
    NO MAXVALUE
    CACHE 1
);


--
-- Name: django_content_type; Type: TABLE; Schema: public; Owner: postgres
--

CREATE TABLE public.django_content_type (
    id integer NOT NULL,
    app_label character varying(100) NOT NULL,
    model character varying(100) NOT NULL
);


ALTER TABLE public.django_content_type OWNER TO postgres;

--
-- Name: django_content_type_id_seq; Type: SEQUENCE; Schema: public; Owner: postgres
--

ALTER TABLE public.django_content_type ALTER COLUMN id ADD GENERATED BY DEFAULT AS IDENTITY (
    SEQUENCE NAME public.django_content_type_id_seq
    START WITH 1
    INCREMENT BY 1
    NO MINVALUE
    NO MAXVALUE
    CACHE 1
);


--
-- Name: django_migrations; Type: TABLE; Schema: public; Owner: postgres
--

CREATE TABLE public.django_migrations (
    id bigint NOT NULL,
    app character varying(255) NOT NULL,
    name character varying(255) NOT NULL,
    applied timestamp with time zone NOT NULL
);


ALTER TABLE public.django_migrations OWNER TO postgres;

--
-- Name: django_migrations_id_seq; Type: SEQUENCE; Schema: public; Owner: postgres
--

ALTER TABLE public.django_migrations ALTER COLUMN id ADD GENERATED BY DEFAULT AS IDENTITY (
    SEQUENCE NAME public.django_migrations_id_seq
    START WITH 1
    INCREMENT BY 1
    NO MINVALUE
    NO MAXVALUE
    CACHE 1
);


--
-- Name: django_session; Type: TABLE; Schema: public; Owner: postgres
--

CREATE TABLE public.django_session (
    session_key character varying(40) NOT NULL,
    session_data text NOT NULL,
    expire_date timestamp with time zone NOT NULL
);


ALTER TABLE public.django_session OWNER TO postgres;

--
-- Name: marketing_campania; Type: TABLE; Schema: public; Owner: postgres
--

CREATE TABLE public.marketing_campania (
    id bigint NOT NULL,
    nombre character varying(100),
    codigo character varying,
    fecha_creacion timestamp with time zone NOT NULL,
    fecha_estimada date,
    fecha_cierre date,
    coste_estimado double precision NOT NULL,
    coste_real double precision NOT NULL,
    descripcion text,
    fecha_actualizacion timestamp with time zone,
    categoria_id bigint NOT NULL,
    estado_id character varying(1),
    proyecto_id bigint NOT NULL,
    "usuarioActualizador_id" bigint,
    "usuarioCreador_id" bigint
);


ALTER TABLE public.marketing_campania OWNER TO postgres;

--
-- Name: marketing_campania_id_seq; Type: SEQUENCE; Schema: public; Owner: postgres
--

ALTER TABLE public.marketing_campania ALTER COLUMN id ADD GENERATED BY DEFAULT AS IDENTITY (
    SEQUENCE NAME public.marketing_campania_id_seq
    START WITH 1
    INCREMENT BY 1
    NO MINVALUE
    NO MAXVALUE
    CACHE 1
);


--
-- Name: marketing_categoria; Type: TABLE; Schema: public; Owner: postgres
--

CREATE TABLE public.marketing_categoria (
    id bigint NOT NULL,
    nombre character varying(100),
    estado_id character varying(1)
);


ALTER TABLE public.marketing_categoria OWNER TO postgres;

--
-- Name: marketing_categoria_id_seq; Type: SEQUENCE; Schema: public; Owner: postgres
--

ALTER TABLE public.marketing_categoria ALTER COLUMN id ADD GENERATED BY DEFAULT AS IDENTITY (
    SEQUENCE NAME public.marketing_categoria_id_seq
    START WITH 1
    INCREMENT BY 1
    NO MINVALUE
    NO MAXVALUE
    CACHE 1
);


--
-- Name: marketing_proyecto; Type: TABLE; Schema: public; Owner: postgres
--

CREATE TABLE public.marketing_proyecto (
    id bigint NOT NULL,
    nombre character varying(100),
    ubicacion character varying(100),
    descripcion text,
    fecha_creacion date NOT NULL,
    fecha_actualizacion timestamp with time zone,
    estado_id character varying(1),
    "usuarioActualizador_id" bigint,
    "usuarioCreador_id" bigint
);


ALTER TABLE public.marketing_proyecto OWNER TO postgres;

--
-- Name: marketing_proyecto_id_seq; Type: SEQUENCE; Schema: public; Owner: postgres
--

ALTER TABLE public.marketing_proyecto ALTER COLUMN id ADD GENERATED BY DEFAULT AS IDENTITY (
    SEQUENCE NAME public.marketing_proyecto_id_seq
    START WITH 1
    INCREMENT BY 1
    NO MINVALUE
    NO MAXVALUE
    CACHE 1
);


--
-- Name: token_blacklist_blacklistedtoken; Type: TABLE; Schema: public; Owner: postgres
--

CREATE TABLE public.token_blacklist_blacklistedtoken (
    id bigint NOT NULL,
    blacklisted_at timestamp with time zone NOT NULL,
    token_id bigint NOT NULL
);


ALTER TABLE public.token_blacklist_blacklistedtoken OWNER TO postgres;

--
-- Name: token_blacklist_blacklistedtoken_id_seq; Type: SEQUENCE; Schema: public; Owner: postgres
--

ALTER TABLE public.token_blacklist_blacklistedtoken ALTER COLUMN id ADD GENERATED BY DEFAULT AS IDENTITY (
    SEQUENCE NAME public.token_blacklist_blacklistedtoken_id_seq
    START WITH 1
    INCREMENT BY 1
    NO MINVALUE
    NO MAXVALUE
    CACHE 1
);


--
-- Name: token_blacklist_outstandingtoken; Type: TABLE; Schema: public; Owner: postgres
--

CREATE TABLE public.token_blacklist_outstandingtoken (
    id bigint NOT NULL,
    token text NOT NULL,
    created_at timestamp with time zone,
    expires_at timestamp with time zone NOT NULL,
    user_id bigint,
    jti character varying(255) NOT NULL
);


ALTER TABLE public.token_blacklist_outstandingtoken OWNER TO postgres;

--
-- Name: token_blacklist_outstandingtoken_id_seq; Type: SEQUENCE; Schema: public; Owner: postgres
--

ALTER TABLE public.token_blacklist_outstandingtoken ALTER COLUMN id ADD GENERATED BY DEFAULT AS IDENTITY (
    SEQUENCE NAME public.token_blacklist_outstandingtoken_id_seq
    START WITH 1
    INCREMENT BY 1
    NO MINVALUE
    NO MAXVALUE
    CACHE 1
);


--
-- Name: ventas_cotizacion; Type: TABLE; Schema: public; Owner: postgres
--

CREATE TABLE public.ventas_cotizacion (
    id bigint NOT NULL,
    nombre character varying(100) NOT NULL,
    fecha timestamp with time zone,
    duracion integer,
    estado_id character varying(1),
    proyecto_id bigint,
    tipo_id bigint
);


ALTER TABLE public.ventas_cotizacion OWNER TO postgres;

--
-- Name: ventas_cotizacion_id_seq; Type: SEQUENCE; Schema: public; Owner: postgres
--

ALTER TABLE public.ventas_cotizacion ALTER COLUMN id ADD GENERATED BY DEFAULT AS IDENTITY (
    SEQUENCE NAME public.ventas_cotizacion_id_seq
    START WITH 1
    INCREMENT BY 1
    NO MINVALUE
    NO MAXVALUE
    CACHE 1
);


--
-- Name: ventas_cuota; Type: TABLE; Schema: public; Owner: postgres
--

CREATE TABLE public.ventas_cuota (
    id bigint NOT NULL,
    numero integer,
    tiempo integer,
    porcentaje double precision,
    fecha timestamp with time zone,
    cotizacion_id bigint,
    estado_id character varying(1),
    tipo_id bigint
);


ALTER TABLE public.ventas_cuota OWNER TO postgres;

--
-- Name: ventas_cuota_id_seq; Type: SEQUENCE; Schema: public; Owner: postgres
--

ALTER TABLE public.ventas_cuota ALTER COLUMN id ADD GENERATED BY DEFAULT AS IDENTITY (
    SEQUENCE NAME public.ventas_cuota_id_seq
    START WITH 1
    INCREMENT BY 1
    NO MINVALUE
    NO MAXVALUE
    CACHE 1
);


--
-- Name: ventas_estadolead; Type: TABLE; Schema: public; Owner: postgres
--

CREATE TABLE public.ventas_estadolead (
    nombre character varying(2) NOT NULL,
    descripcion character varying(50),
    estado_id character varying(1)
);


ALTER TABLE public.ventas_estadolead OWNER TO postgres;

--
-- Name: ventas_evento; Type: TABLE; Schema: public; Owner: postgres
--

CREATE TABLE public.ventas_evento (
    id bigint NOT NULL,
    titulo character varying(100),
    duracion integer,
    fecha_visita timestamp with time zone,
    ubicacion character varying(100),
    descripcion text,
    fecha_creacion date NOT NULL,
    fecha_actualizacion timestamp with time zone,
    asesor_id bigint,
    estado_id character varying(1),
    lead_id bigint,
    proyecto_id bigint NOT NULL,
    tipo_id bigint NOT NULL,
    "usuarioActualizador_id" bigint,
    "usuarioCreador_id" bigint
);


ALTER TABLE public.ventas_evento OWNER TO postgres;

--
-- Name: ventas_evento_id_seq; Type: SEQUENCE; Schema: public; Owner: postgres
--

ALTER TABLE public.ventas_evento ALTER COLUMN id ADD GENERATED BY DEFAULT AS IDENTITY (
    SEQUENCE NAME public.ventas_evento_id_seq
    START WITH 1
    INCREMENT BY 1
    NO MINVALUE
    NO MAXVALUE
    CACHE 1
);


--
-- Name: ventas_historicoleadasesor; Type: TABLE; Schema: public; Owner: postgres
--

CREATE TABLE public.ventas_historicoleadasesor (
    id bigint NOT NULL,
    fecha_creacion date NOT NULL,
    lead_id bigint,
    usuario_id bigint
);


ALTER TABLE public.ventas_historicoleadasesor OWNER TO postgres;

--
-- Name: ventas_historicoleadasesor_id_seq; Type: SEQUENCE; Schema: public; Owner: postgres
--

ALTER TABLE public.ventas_historicoleadasesor ALTER COLUMN id ADD GENERATED BY DEFAULT AS IDENTITY (
    SEQUENCE NAME public.ventas_historicoleadasesor_id_seq
    START WITH 1
    INCREMENT BY 1
    NO MINVALUE
    NO MAXVALUE
    CACHE 1
);


--
-- Name: ventas_lead; Type: TABLE; Schema: public; Owner: postgres
--

CREATE TABLE public.ventas_lead (
    id bigint NOT NULL,
    nombre character varying(100) NOT NULL,
    apellido character varying(100) NOT NULL,
    asignado boolean NOT NULL,
    celular character varying(100) NOT NULL,
    celular2 character varying(100) NOT NULL,
    comentario text NOT NULL,
    "horaRecepcion" timestamp with time zone,
    llamar boolean NOT NULL,
    "recienCreado" boolean NOT NULL,
    fecha_creacion date NOT NULL,
    fecha_actualizacion timestamp with time zone,
    asesor_id bigint,
    campania_id bigint,
    estado_id character varying(1),
    "estadoLead_id" character varying(2),
    objecion_id bigint,
    "usuarioActualizador_id" bigint,
    "usuarioCreador_id" bigint
);


ALTER TABLE public.ventas_lead OWNER TO postgres;

--
-- Name: ventas_lead_id_seq; Type: SEQUENCE; Schema: public; Owner: postgres
--

ALTER TABLE public.ventas_lead ALTER COLUMN id ADD GENERATED BY DEFAULT AS IDENTITY (
    SEQUENCE NAME public.ventas_lead_id_seq
    START WITH 1
    INCREMENT BY 1
    NO MINVALUE
    NO MAXVALUE
    CACHE 1
);


--
-- Name: ventas_llamada; Type: TABLE; Schema: public; Owner: postgres
--

CREATE TABLE public.ventas_llamada (
    id bigint NOT NULL,
    detalle text,
    fecha_creacion date NOT NULL,
    fecha_actualizacion timestamp with time zone,
    estado_id character varying(1),
    lead_id bigint,
    "usuarioActualizador_id" bigint,
    "usuarioCreador_id" bigint
);


ALTER TABLE public.ventas_llamada OWNER TO postgres;

--
-- Name: ventas_llamada_id_seq; Type: SEQUENCE; Schema: public; Owner: postgres
--

ALTER TABLE public.ventas_llamada ALTER COLUMN id ADD GENERATED BY DEFAULT AS IDENTITY (
    SEQUENCE NAME public.ventas_llamada_id_seq
    START WITH 1
    INCREMENT BY 1
    NO MINVALUE
    NO MAXVALUE
    CACHE 1
);


--
-- Name: ventas_objecion; Type: TABLE; Schema: public; Owner: postgres
--

CREATE TABLE public.ventas_objecion (
    id bigint NOT NULL,
    nombre character varying(100),
    estado_id character varying(1)
);


ALTER TABLE public.ventas_objecion OWNER TO postgres;

--
-- Name: ventas_objecion_id_seq; Type: SEQUENCE; Schema: public; Owner: postgres
--

ALTER TABLE public.ventas_objecion ALTER COLUMN id ADD GENERATED BY DEFAULT AS IDENTITY (
    SEQUENCE NAME public.ventas_objecion_id_seq
    START WITH 1
    INCREMENT BY 1
    NO MINVALUE
    NO MAXVALUE
    CACHE 1
);


--
-- Name: ventas_precio; Type: TABLE; Schema: public; Owner: postgres
--

CREATE TABLE public.ventas_precio (
    id bigint NOT NULL,
    precio double precision,
    cotizacion_id bigint,
    estado_id character varying(1),
    "tipoProducto_id" bigint
);


ALTER TABLE public.ventas_precio OWNER TO postgres;

--
-- Name: ventas_precio_id_seq; Type: SEQUENCE; Schema: public; Owner: postgres
--

ALTER TABLE public.ventas_precio ALTER COLUMN id ADD GENERATED BY DEFAULT AS IDENTITY (
    SEQUENCE NAME public.ventas_precio_id_seq
    START WITH 1
    INCREMENT BY 1
    NO MINVALUE
    NO MAXVALUE
    CACHE 1
);


--
-- Name: ventas_producto; Type: TABLE; Schema: public; Owner: postgres
--

CREATE TABLE public.ventas_producto (
    id bigint NOT NULL,
    nombre character varying(100) NOT NULL,
    codigo character varying(100) NOT NULL,
    numero integer,
    area double precision,
    fecha_creacion date NOT NULL,
    fecha_actualizacion timestamp with time zone,
    estado_id character varying(1),
    proyecto_id bigint,
    tipo_id bigint,
    "usuarioActualizador_id" bigint,
    "usuarioCreador_id" bigint
);


ALTER TABLE public.ventas_producto OWNER TO postgres;

--
-- Name: ventas_producto_id_seq; Type: SEQUENCE; Schema: public; Owner: postgres
--

ALTER TABLE public.ventas_producto ALTER COLUMN id ADD GENERATED BY DEFAULT AS IDENTITY (
    SEQUENCE NAME public.ventas_producto_id_seq
    START WITH 1
    INCREMENT BY 1
    NO MINVALUE
    NO MAXVALUE
    CACHE 1
);


--
-- Name: ventas_proyectotipoproducto; Type: TABLE; Schema: public; Owner: postgres
--

CREATE TABLE public.ventas_proyectotipoproducto (
    id bigint NOT NULL,
    proyecto_id bigint,
    tipo_producto_id bigint
);


ALTER TABLE public.ventas_proyectotipoproducto OWNER TO postgres;

--
-- Name: ventas_proyectotipoproducto_id_seq; Type: SEQUENCE; Schema: public; Owner: postgres
--

ALTER TABLE public.ventas_proyectotipoproducto ALTER COLUMN id ADD GENERATED BY DEFAULT AS IDENTITY (
    SEQUENCE NAME public.ventas_proyectotipoproducto_id_seq
    START WITH 1
    INCREMENT BY 1
    NO MINVALUE
    NO MAXVALUE
    CACHE 1
);


--
-- Name: ventas_tipocotizacion; Type: TABLE; Schema: public; Owner: postgres
--

CREATE TABLE public.ventas_tipocotizacion (
    id bigint NOT NULL,
    nombre character varying(100) NOT NULL,
    estado_id character varying(1)
);


ALTER TABLE public.ventas_tipocotizacion OWNER TO postgres;

--
-- Name: ventas_tipocotizacion_id_seq; Type: SEQUENCE; Schema: public; Owner: postgres
--

ALTER TABLE public.ventas_tipocotizacion ALTER COLUMN id ADD GENERATED BY DEFAULT AS IDENTITY (
    SEQUENCE NAME public.ventas_tipocotizacion_id_seq
    START WITH 1
    INCREMENT BY 1
    NO MINVALUE
    NO MAXVALUE
    CACHE 1
);


--
-- Name: ventas_tipocuota; Type: TABLE; Schema: public; Owner: postgres
--

CREATE TABLE public.ventas_tipocuota (
    id bigint NOT NULL,
    nombre character varying(100) NOT NULL,
    estado_id character varying(1)
);


ALTER TABLE public.ventas_tipocuota OWNER TO postgres;

--
-- Name: ventas_tipocuota_id_seq; Type: SEQUENCE; Schema: public; Owner: postgres
--

ALTER TABLE public.ventas_tipocuota ALTER COLUMN id ADD GENERATED BY DEFAULT AS IDENTITY (
    SEQUENCE NAME public.ventas_tipocuota_id_seq
    START WITH 1
    INCREMENT BY 1
    NO MINVALUE
    NO MAXVALUE
    CACHE 1
);


--
-- Name: ventas_tipoevento; Type: TABLE; Schema: public; Owner: postgres
--

CREATE TABLE public.ventas_tipoevento (
    id bigint NOT NULL,
    nombre character varying(100),
    estado_id character varying(1)
);


ALTER TABLE public.ventas_tipoevento OWNER TO postgres;

--
-- Name: ventas_tipoevento_id_seq; Type: SEQUENCE; Schema: public; Owner: postgres
--

ALTER TABLE public.ventas_tipoevento ALTER COLUMN id ADD GENERATED BY DEFAULT AS IDENTITY (
    SEQUENCE NAME public.ventas_tipoevento_id_seq
    START WITH 1
    INCREMENT BY 1
    NO MINVALUE
    NO MAXVALUE
    CACHE 1
);


--
-- Name: ventas_tipoproducto; Type: TABLE; Schema: public; Owner: postgres
--

CREATE TABLE public.ventas_tipoproducto (
    id bigint NOT NULL,
    nombre character varying(100) NOT NULL,
    estado_id character varying(1)
);


ALTER TABLE public.ventas_tipoproducto OWNER TO postgres;

--
-- Name: ventas_tipoproducto_id_seq; Type: SEQUENCE; Schema: public; Owner: postgres
--

ALTER TABLE public.ventas_tipoproducto ALTER COLUMN id ADD GENERATED BY DEFAULT AS IDENTITY (
    SEQUENCE NAME public.ventas_tipoproducto_id_seq
    START WITH 1
    INCREMENT BY 1
    NO MINVALUE
    NO MAXVALUE
    CACHE 1
);


--
-- Name: ventas_whatsapp; Type: TABLE; Schema: public; Owner: postgres
--

CREATE TABLE public.ventas_whatsapp (
    id bigint NOT NULL,
    detalle text,
    fecha_creacion date NOT NULL,
    fecha_actualizacion timestamp with time zone,
    estado_id character varying(1),
    lead_id bigint,
    "usuarioActualizador_id" bigint,
    "usuarioCreador_id" bigint
);


ALTER TABLE public.ventas_whatsapp OWNER TO postgres;

--
-- Name: ventas_whatsapp_id_seq; Type: SEQUENCE; Schema: public; Owner: postgres
--

ALTER TABLE public.ventas_whatsapp ALTER COLUMN id ADD GENERATED BY DEFAULT AS IDENTITY (
    SEQUENCE NAME public.ventas_whatsapp_id_seq
    START WITH 1
    INCREMENT BY 1
    NO MINVALUE
    NO MAXVALUE
    CACHE 1
);


--
-- Data for Name: auth_group; Type: TABLE DATA; Schema: public; Owner: postgres
--

COPY public.auth_group (id, name) FROM stdin;
2	marketing
3	recursos_humanos
4	jefe_ventas
1	asesor
\.


--
-- Data for Name: auth_group_permissions; Type: TABLE DATA; Schema: public; Owner: postgres
--

COPY public.auth_group_permissions (id, group_id, permission_id) FROM stdin;
5	4	57
6	4	58
7	4	59
8	4	60
9	3	32
10	3	29
11	3	30
12	3	31
13	2	41
14	2	42
15	2	43
16	2	44
17	1	57
18	1	58
19	1	59
20	1	60
29	3	9
30	3	10
31	3	11
32	3	12
33	3	41
34	3	42
35	3	43
36	3	44
37	3	105
38	3	106
39	3	107
40	3	108
41	3	57
42	3	58
43	3	59
44	3	60
\.


--
-- Data for Name: auth_permission; Type: TABLE DATA; Schema: public; Owner: postgres
--

COPY public.auth_permission (id, name, content_type_id, codename) FROM stdin;
1	Can add log entry	1	add_logentry
2	Can change log entry	1	change_logentry
3	Can delete log entry	1	delete_logentry
4	Can view log entry	1	view_logentry
5	Can add permission	2	add_permission
6	Can change permission	2	change_permission
7	Can delete permission	2	delete_permission
8	Can view permission	2	view_permission
9	Can add group	3	add_group
10	Can change group	3	change_group
11	Can delete group	3	delete_group
12	Can view group	3	view_group
13	Can add content type	4	add_contenttype
14	Can change content type	4	change_contenttype
15	Can delete content type	4	delete_contenttype
16	Can view content type	4	view_contenttype
17	Can add session	5	add_session
18	Can change session	5	change_session
19	Can delete session	5	delete_session
20	Can view session	5	view_session
21	Can add estado registro	6	add_estadoregistro
22	Can change estado registro	6	change_estadoregistro
23	Can delete estado registro	6	delete_estadoregistro
24	Can view estado registro	6	view_estadoregistro
25	Can add modulo	7	add_modulo
26	Can change modulo	7	change_modulo
27	Can delete modulo	7	delete_modulo
28	Can view modulo	7	view_modulo
29	Can add user	8	add_user
30	Can change user	8	change_user
31	Can delete user	8	delete_user
32	Can view user	8	view_user
33	Can add proyecto	9	add_proyecto
34	Can change proyecto	9	change_proyecto
35	Can delete proyecto	9	delete_proyecto
36	Can view proyecto	9	view_proyecto
37	Can add categoria	10	add_categoria
38	Can change categoria	10	change_categoria
39	Can delete categoria	10	delete_categoria
40	Can view categoria	10	view_categoria
41	Can add campania	11	add_campania
42	Can change campania	11	change_campania
43	Can delete campania	11	delete_campania
44	Can view campania	11	view_campania
45	Can add cotizacion	12	add_cotizacion
46	Can change cotizacion	12	change_cotizacion
47	Can delete cotizacion	12	delete_cotizacion
48	Can view cotizacion	12	view_cotizacion
49	Can add estado lead	13	add_estadolead
50	Can change estado lead	13	change_estadolead
51	Can delete estado lead	13	delete_estadolead
52	Can view estado lead	13	view_estadolead
53	Can add lead	14	add_lead
54	Can change lead	14	change_lead
55	Can delete lead	14	delete_lead
56	Can view lead	14	view_lead
57	Can add whats app	15	add_whatsapp
58	Can change whats app	15	change_whatsapp
59	Can delete whats app	15	delete_whatsapp
60	Can view whats app	15	view_whatsapp
61	Can add tipo producto	16	add_tipoproducto
62	Can change tipo producto	16	change_tipoproducto
63	Can delete tipo producto	16	delete_tipoproducto
64	Can view tipo producto	16	view_tipoproducto
65	Can add tipo evento	17	add_tipoevento
66	Can change tipo evento	17	change_tipoevento
67	Can delete tipo evento	17	delete_tipoevento
68	Can view tipo evento	17	view_tipoevento
69	Can add tipo cuota	18	add_tipocuota
70	Can change tipo cuota	18	change_tipocuota
71	Can delete tipo cuota	18	delete_tipocuota
72	Can view tipo cuota	18	view_tipocuota
73	Can add tipo cotizacion	19	add_tipocotizacion
74	Can change tipo cotizacion	19	change_tipocotizacion
75	Can delete tipo cotizacion	19	delete_tipocotizacion
76	Can view tipo cotizacion	19	view_tipocotizacion
77	Can add proyecto tipo producto	20	add_proyectotipoproducto
78	Can change proyecto tipo producto	20	change_proyectotipoproducto
79	Can delete proyecto tipo producto	20	delete_proyectotipoproducto
80	Can view proyecto tipo producto	20	view_proyectotipoproducto
81	Can add producto	21	add_producto
82	Can change producto	21	change_producto
83	Can delete producto	21	delete_producto
84	Can view producto	21	view_producto
85	Can add precio	22	add_precio
86	Can change precio	22	change_precio
87	Can delete precio	22	delete_precio
88	Can view precio	22	view_precio
89	Can add objecion	23	add_objecion
90	Can change objecion	23	change_objecion
91	Can delete objecion	23	delete_objecion
92	Can view objecion	23	view_objecion
93	Can add llamada	24	add_llamada
94	Can change llamada	24	change_llamada
95	Can delete llamada	24	delete_llamada
96	Can view llamada	24	view_llamada
97	Can add historico lead asesor	25	add_historicoleadasesor
98	Can change historico lead asesor	25	change_historicoleadasesor
99	Can delete historico lead asesor	25	delete_historicoleadasesor
100	Can view historico lead asesor	25	view_historicoleadasesor
101	Can add evento	26	add_evento
102	Can change evento	26	change_evento
103	Can delete evento	26	delete_evento
104	Can view evento	26	view_evento
105	Can add cuota	27	add_cuota
106	Can change cuota	27	change_cuota
107	Can delete cuota	27	delete_cuota
108	Can view cuota	27	view_cuota
109	Can add blacklisted token	28	add_blacklistedtoken
110	Can change blacklisted token	28	change_blacklistedtoken
111	Can delete blacklisted token	28	delete_blacklistedtoken
112	Can view blacklisted token	28	view_blacklistedtoken
113	Can add outstanding token	29	add_outstandingtoken
114	Can change outstanding token	29	change_outstandingtoken
115	Can delete outstanding token	29	delete_outstandingtoken
116	Can view outstanding token	29	view_outstandingtoken
\.


--
-- Data for Name: cuenta_estadoregistro; Type: TABLE DATA; Schema: public; Owner: postgres
--

COPY public.cuenta_estadoregistro (estado, nombre) FROM stdin;
A	Activo
I	Inactivo
\.


--
-- Data for Name: cuenta_modulo; Type: TABLE DATA; Schema: public; Owner: postgres
--

COPY public.cuenta_modulo (id, nombre, url, "contentType_id", estado_id) FROM stdin;
7	Gestión de leads	lead	15	A
2	Gestion de campañas	campania	11	A
3	Gestion de roles	rol	3	A
5	Gestion de usuarios	usuario	8	A
6	Gestion de eventos	evento	27	A
\.


--
-- Data for Name: cuenta_user; Type: TABLE DATA; Schema: public; Owner: postgres
--

COPY public.cuenta_user (id, password, last_login, is_superuser, username, first_name, last_name, email, is_staff, is_active, date_joined, "codigoAsesor", estado_id, proyecto_id) FROM stdin;
2	pbkdf2_sha256$600000$Ntgg4ISllhxBbS1dKBkaxF$NDEQuIj95L9YZlaRkumq6mh4nhjUnNnndDsjMahaQj8=	2023-12-30 10:59:21-05	t	qwerty	BRIAN	VELASCO		t	t	2023-12-29 14:19:38-05	04014	A	1
1	pbkdf2_sha256$600000$BMJ8LF8DGDtK75g1jlAJbH$pvS/k25Y+f0BUQQBOycCYkIImuQJm/vZkxb3UI3Qpzg=	\N	t	andrew				t	t	2023-12-29 14:19:22-05	asesor_a	A	1
\.


--
-- Data for Name: cuenta_user_groups; Type: TABLE DATA; Schema: public; Owner: postgres
--

COPY public.cuenta_user_groups (id, user_id, group_id) FROM stdin;
4	1	1
7	2	4
\.


--
-- Data for Name: cuenta_user_user_permissions; Type: TABLE DATA; Schema: public; Owner: postgres
--

COPY public.cuenta_user_user_permissions (id, user_id, permission_id) FROM stdin;
\.


--
-- Data for Name: django_admin_log; Type: TABLE DATA; Schema: public; Owner: postgres
--

COPY public.django_admin_log (id, action_time, object_id, object_repr, action_flag, change_message, content_type_id, user_id) FROM stdin;
1	2023-12-29 14:20:10.353627-05	4	Gestión de asesores	3		7	2
2	2023-12-29 14:26:33.410287-05	4	Jefe de Ventas	2	[]	3	2
3	2023-12-29 14:29:18.974981-05	4	Jefe de Ventas	2	[{"changed": {"fields": ["Permissions"]}}]	3	2
4	2023-12-29 14:33:11.783996-05	4	Jefe de Ventas	2	[{"changed": {"fields": ["Permissions"]}}]	3	2
5	2023-12-29 14:33:56.967211-05	3	Jefe de Recursos Humanos	2	[{"changed": {"fields": ["Permissions"]}}]	3	2
6	2023-12-29 14:34:26.119902-05	4	Jefe de Ventas	2	[]	3	2
7	2023-12-29 14:35:19.008283-05	2	Asistente de marketing	2	[{"changed": {"fields": ["Permissions"]}}]	3	2
8	2023-12-29 14:36:14.198162-05	1	Jefe de Marketing	3		3	2
9	2023-12-29 14:36:36.9574-05	1	Asesor	1	[{"added": {}}]	3	2
10	2023-12-29 14:36:46.914828-05	3	Recursos Humanos	2	[{"changed": {"fields": ["Name"]}}]	3	2
11	2023-12-29 14:36:57.750479-05	2	Marketing	2	[{"changed": {"fields": ["Name"]}}]	3	2
12	2023-12-29 14:37:26.181598-05	1	Asesor	2	[{"changed": {"fields": ["Permissions"]}}]	3	2
13	2023-12-29 14:37:46.919622-05	3	Recursos Humanos	2	[]	3	2
14	2023-12-29 15:52:54.384857-05	1	socabaya	1	[{"added": {}}]	9	2
15	2023-12-29 15:53:19.570236-05	1	Facebook	1	[{"added": {}}]	10	2
16	2023-12-29 15:53:40.804419-05	1	Socabaya	1	[{"added": {}}]	11	2
17	2023-12-29 15:55:33.434991-05	1	BRIAN	1	[{"added": {}}]	15	2
18	2023-12-29 15:56:37.561293-05	1	BRIAN	2	[{"changed": {"fields": ["EstadoLead"]}}]	15	2
19	2023-12-29 16:00:44.328868-05	1	BRIAN	2	[{"changed": {"fields": ["Asesor", "Campania"]}}]	15	2
20	2023-12-29 16:04:30.444975-05	1	BRIAN	2	[{"changed": {"fields": ["Asesor"]}}]	15	2
21	2023-12-29 16:11:53.038879-05	1	BRIAN	2	[{"changed": {"fields": ["Asesor"]}}]	15	2
22	2023-12-29 16:13:18.426993-05	1	BRIAN	2	[{"changed": {"fields": ["Asesor"]}}]	15	2
23	2023-12-29 16:13:53.381235-05	1	BRIAN	2	[{"changed": {"fields": ["Asesor"]}}]	15	2
24	2023-12-29 16:36:37.839378-05	1	BRIAN	2	[{"changed": {"fields": ["Asesor"]}}]	15	2
25	2023-12-29 18:25:53.132373-05	1	Socabaya Faceook	2	[{"changed": {"fields": ["Nombre", "Codigo"]}}]	11	2
26	2023-12-29 18:26:29.851093-05	2	Alamos	1	[{"added": {}}]	9	2
27	2023-12-29 18:26:49.432248-05	2	Alamos Facebook	1	[{"added": {}}]	11	2
28	2023-12-29 18:27:25.133636-05	2	Fisico	1	[{"added": {}}]	10	2
29	2023-12-29 18:27:33.333612-05	3	Socabaya fisico	1	[{"added": {}}]	11	2
30	2023-12-29 19:19:10.632712-05	2	qwerty	2	[{"changed": {"fields": ["Groups", "CodigoAsesor"]}}]	8	2
31	2023-12-29 19:19:14.755092-05	1	andrew	2	[]	8	2
32	2023-12-29 19:19:48.207118-05	1	andrew	2	[{"changed": {"fields": ["Groups"]}}]	8	2
33	2023-12-29 19:19:48.23085-05	1	andrew	2	[]	8	2
34	2023-12-29 19:22:34.697561-05	3	Recursos Humanos	2	[]	3	2
35	2023-12-29 19:22:55.20508-05	3	Recursos Humanos	2	[{"changed": {"fields": ["Permissions"]}}]	3	2
36	2023-12-29 19:24:35.757069-05	2	qwerty	2	[{"changed": {"fields": ["First name", "Last name", "CodigoAsesor"]}}]	8	2
37	2023-12-29 19:26:10.978975-05	3	Recursos Humanos	2	[{"changed": {"fields": ["Permissions"]}}]	3	2
38	2023-12-29 19:27:19.048066-05	3	Recursos Humanos	2	[{"changed": {"fields": ["Permissions"]}}]	3	2
39	2023-12-29 19:27:19.084828-05	3	Recursos Humanos	2	[]	3	2
40	2023-12-29 21:00:30.695714-05	4	JEFE_VENTAS	2	[{"changed": {"fields": ["Name"]}}]	3	2
41	2023-12-29 21:00:49.544953-05	2	marketing	2	[{"changed": {"fields": ["Name"]}}]	3	2
42	2023-12-29 21:00:59.768883-05	3	recursos_humanos	2	[{"changed": {"fields": ["Name"]}}]	3	2
43	2023-12-29 21:01:08.006147-05	4	jefe_ventas	2	[{"changed": {"fields": ["Name"]}}]	3	2
44	2023-12-29 21:01:12.161765-05	1	asesor	2	[{"changed": {"fields": ["Name"]}}]	3	2
45	2023-12-29 21:15:44.637866-05	2	qwerty	2	[{"changed": {"fields": ["Groups"]}}]	8	2
46	2023-12-29 21:15:49.504322-05	1	andrew	2	[{"changed": {"fields": ["Groups"]}}]	8	2
47	2023-12-29 21:18:44.294518-05	2	qwerty	2	[{"changed": {"fields": ["Groups"]}}]	8	2
48	2023-12-29 22:12:41.924153-05	1	Firma de contrato	1	[{"added": {}}]	18	2
49	2023-12-29 22:12:49.755795-05	2	Visita	1	[{"added": {}}]	18	2
50	2023-12-29 22:13:25.41477-05	1	Firma del contrato de socabaya	1	[{"added": {}}]	27	2
51	2023-12-30 10:49:15.996697-05	1	Firma del contrato de socabaya	2	[{"changed": {"fields": ["Asesor"]}}]	27	2
52	2023-12-30 10:59:32.395412-05	2	qwerty	2	[{"changed": {"fields": ["Groups"]}}]	8	2
53	2023-12-30 10:59:53.809238-05	2	qwerty	2	[{"changed": {"fields": ["Groups"]}}]	8	2
54	2024-01-02 22:46:43.170372-05	2	qwerty	2	[{"changed": {"fields": ["Proyecto"]}}]	8	2
55	2024-01-02 22:46:47.330962-05	1	andrew	2	[{"changed": {"fields": ["Proyecto"]}}]	8	2
\.


--
-- Data for Name: django_content_type; Type: TABLE DATA; Schema: public; Owner: postgres
--

COPY public.django_content_type (id, app_label, model) FROM stdin;
1	admin	logentry
2	auth	permission
3	auth	group
4	contenttypes	contenttype
5	sessions	session
6	cuenta	estadoregistro
7	cuenta	modulo
8	cuenta	user
9	marketing	proyecto
10	marketing	categoria
11	marketing	campania
12	ventas	cotizacion
13	ventas	estadolead
14	ventas	lead
15	ventas	whatsapp
16	ventas	tipoproducto
17	ventas	tipoevento
18	ventas	tipocuota
19	ventas	tipocotizacion
20	ventas	proyectotipoproducto
21	ventas	producto
22	ventas	precio
23	ventas	objecion
24	ventas	llamada
25	ventas	historicoleadasesor
26	ventas	evento
27	ventas	cuota
28	token_blacklist	blacklistedtoken
29	token_blacklist	outstandingtoken
\.


--
-- Data for Name: django_migrations; Type: TABLE DATA; Schema: public; Owner: postgres
--

COPY public.django_migrations (id, app, name, applied) FROM stdin;
1	contenttypes	0001_initial	2024-01-02 22:42:34.368577-05
2	contenttypes	0002_remove_content_type_name	2024-01-02 22:42:34.37881-05
3	auth	0001_initial	2024-01-02 22:42:34.426085-05
4	auth	0002_alter_permission_name_max_length	2024-01-02 22:42:34.433533-05
5	auth	0003_alter_user_email_max_length	2024-01-02 22:42:34.442178-05
6	auth	0004_alter_user_username_opts	2024-01-02 22:42:34.453744-05
7	auth	0005_alter_user_last_login_null	2024-01-02 22:42:34.470232-05
8	auth	0006_require_contenttypes_0002	2024-01-02 22:42:34.47324-05
9	auth	0007_alter_validators_add_error_messages	2024-01-02 22:42:34.499741-05
10	auth	0008_alter_user_username_max_length	2024-01-02 22:42:34.510594-05
11	auth	0009_alter_user_last_name_max_length	2024-01-02 22:42:34.521811-05
12	auth	0010_alter_group_name_max_length	2024-01-02 22:42:34.529435-05
13	auth	0011_update_proxy_permissions	2024-01-02 22:42:34.538117-05
14	auth	0012_alter_user_first_name_max_length	2024-01-02 22:42:34.549424-05
15	cuenta	0001_initial	2024-01-02 22:42:34.641032-05
16	admin	0001_initial	2024-01-02 22:42:34.687527-05
17	admin	0002_logentry_remove_auto_add	2024-01-02 22:42:34.705988-05
18	admin	0003_logentry_add_action_flag_choices	2024-01-02 22:42:34.730565-05
19	marketing	0001_initial	2024-01-02 22:42:34.859062-05
20	sessions	0001_initial	2024-01-02 22:42:34.881107-05
21	token_blacklist	0001_initial	2024-01-02 22:42:34.967394-05
22	token_blacklist	0002_outstandingtoken_jti_hex	2024-01-02 22:42:34.991734-05
23	token_blacklist	0003_auto_20171017_2007	2024-01-02 22:42:35.022249-05
24	token_blacklist	0004_auto_20171017_2013	2024-01-02 22:42:35.06062-05
25	token_blacklist	0005_remove_outstandingtoken_jti	2024-01-02 22:42:35.085555-05
26	token_blacklist	0006_auto_20171017_2113	2024-01-02 22:42:35.108082-05
27	token_blacklist	0007_auto_20171017_2214	2024-01-02 22:42:35.174396-05
28	token_blacklist	0008_migrate_to_bigautofield	2024-01-02 22:42:35.277299-05
29	token_blacklist	0010_fix_migrate_to_bigautofield	2024-01-02 22:42:35.307366-05
30	token_blacklist	0011_linearizes_history	2024-01-02 22:42:35.310173-05
31	token_blacklist	0012_alter_outstandingtoken_user	2024-01-02 22:42:35.389299-05
32	ventas	0001_initial	2024-01-02 22:42:36.238101-05
36	cuenta	0002_user_proyecto	2024-01-02 22:45:56.177684-05
\.


--
-- Data for Name: django_session; Type: TABLE DATA; Schema: public; Owner: postgres
--

COPY public.django_session (session_key, session_data, expire_date) FROM stdin;
diwakbnjte67rjti14p9qc62gcz028kl	.eJxVjDsOwjAQBe_iGlnxP6ak5wzWZneNA8iW4qRC3B0ipYD2zcx7iQTbWtLWeUkzibPQ4vS7TYAPrjugO9Rbk9jqusyT3BV50C6vjfh5Ody_gwK9fOuoRg5ORySyYHVgT07lTMpkcsgUCA2GaCDoPGD2HDWOExkbwQcasnh_AP9sONw:1rJbk9:e1fs76rC7obSZPfG7kNQDyguzctz6wVKyQ3dxw1tpkE	2024-01-13 10:59:21.246485-05
\.


--
-- Data for Name: marketing_campania; Type: TABLE DATA; Schema: public; Owner: postgres
--

COPY public.marketing_campania (id, nombre, codigo, fecha_creacion, fecha_estimada, fecha_cierre, coste_estimado, coste_real, descripcion, fecha_actualizacion, categoria_id, estado_id, proyecto_id, "usuarioActualizador_id", "usuarioCreador_id") FROM stdin;
1	Socabaya Faceook	facebook_socabaya	2023-12-29 18:25:53.130866-05	2023-12-29	2023-12-29	0	0		2023-12-29 15:53:04-05	1	A	1	2	1
2	Alamos Facebook	facebook_alamos	2023-12-29 18:26:49.430875-05	2023-12-29	2023-12-29	0	0		2023-12-29 18:26:42-05	1	A	2	2	2
3	Socabaya fisico	fisico_socabaya	2023-12-29 18:27:33.332633-05	2023-12-29	2023-12-29	0	0		2023-12-29 18:27:32-05	2	A	1	2	2
\.


--
-- Data for Name: marketing_categoria; Type: TABLE DATA; Schema: public; Owner: postgres
--

COPY public.marketing_categoria (id, nombre, estado_id) FROM stdin;
1	Facebook	A
2	Fisico	A
\.


--
-- Data for Name: marketing_proyecto; Type: TABLE DATA; Schema: public; Owner: postgres
--

COPY public.marketing_proyecto (id, nombre, ubicacion, descripcion, fecha_creacion, fecha_actualizacion, estado_id, "usuarioActualizador_id", "usuarioCreador_id") FROM stdin;
1	socabaya	socabaya		2023-12-29	2023-12-29 15:52:53-05	A	2	2
2	Alamos	\N		2023-12-29	2023-12-29 18:26:29-05	A	2	2
\.


--
-- Data for Name: token_blacklist_blacklistedtoken; Type: TABLE DATA; Schema: public; Owner: postgres
--

COPY public.token_blacklist_blacklistedtoken (id, blacklisted_at, token_id) FROM stdin;
\.


--
-- Data for Name: token_blacklist_outstandingtoken; Type: TABLE DATA; Schema: public; Owner: postgres
--

COPY public.token_blacklist_outstandingtoken (id, token, created_at, expires_at, user_id, jti) FROM stdin;
1	eyJhbGciOiJIUzI1NiIsInR5cCI6IkpXVCJ9.eyJ0b2tlbl90eXBlIjoicmVmcmVzaCIsImV4cCI6MTcwMzk4MTg5MCwiaWF0IjoxNzAzODk1NDkwLCJqdGkiOiI5ODhhMGFhZWU1NjY0ODRmYTVjM2I4MTU3ZTQwZjI2MiIsInVzZXJfaWQiOjJ9.xUyI_xaYP4jITRoHz2koVLM0bpSgafgWy4W_XrVh56w	2023-12-29 19:18:10.57334-05	2023-12-30 19:18:10-05	2	988a0aaee566484fa5c3b8157e40f262
2	eyJhbGciOiJIUzI1NiIsInR5cCI6IkpXVCJ9.eyJ0b2tlbl90eXBlIjoicmVmcmVzaCIsImV4cCI6MTcwMzk4MTk2MiwiaWF0IjoxNzAzODk1NTYyLCJqdGkiOiI0YmRjZGY5YTIzYmQ0NzkwYTY1OWQyYjI4ZGU1ZWVmMiIsInVzZXJfaWQiOjJ9.1iarWs0zLdznVALsE27p3-Oti9YDP2zDQUh0JJU8c6k	2023-12-29 19:19:22.363578-05	2023-12-30 19:19:22-05	2	4bdcdf9a23bd4790a659d2b28de5eef2
3	eyJhbGciOiJIUzI1NiIsInR5cCI6IkpXVCJ9.eyJ0b2tlbl90eXBlIjoicmVmcmVzaCIsImV4cCI6MTcwMzk4MTk5OSwiaWF0IjoxNzAzODk1NTk5LCJqdGkiOiI3NWUxMTRhYTFmN2U0MDlhYWQ1MDQ2MzRlNGRlY2YxMyIsInVzZXJfaWQiOjF9.UkeomvXirVX7E2pbq6XKQJYx8yn-yH5UXb7ZkkC5aLg	2023-12-29 19:19:59.895272-05	2023-12-30 19:19:59-05	1	75e114aa1f7e409aad504634e4decf13
4	eyJhbGciOiJIUzI1NiIsInR5cCI6IkpXVCJ9.eyJ0b2tlbl90eXBlIjoicmVmcmVzaCIsImV4cCI6MTcwMzk4MjE4OCwiaWF0IjoxNzAzODk1Nzg4LCJqdGkiOiI5NDg1ZmNhY2JiYWM0YzQ2YjVhNDg1ZDRjNDUzYjIwNyIsInVzZXJfaWQiOjF9.a4q_txmIWnNEhhCkmY6cqmJ9m2b0TZjaNE9kZq3vxBs	2023-12-29 19:23:08.254996-05	2023-12-30 19:23:08-05	1	9485fcacbbac4c46b5a485d4c453b207
5	eyJhbGciOiJIUzI1NiIsInR5cCI6IkpXVCJ9.eyJ0b2tlbl90eXBlIjoicmVmcmVzaCIsImV4cCI6MTcwMzk4MjE5OSwiaWF0IjoxNzAzODk1Nzk5LCJqdGkiOiJlMjg3MGU0ZTUyYTU0OWU4YTczODlhZTg4ZjZiMWUyNiIsInVzZXJfaWQiOjJ9.wiTHZLBRA9ewChd85fmh_EtXILUqikGIG6LFCUVDe4Q	2023-12-29 19:23:19.474386-05	2023-12-30 19:23:19-05	2	e2870e4e52a549e8a7389ae88f6b1e26
6	eyJhbGciOiJIUzI1NiIsInR5cCI6IkpXVCJ9.eyJ0b2tlbl90eXBlIjoicmVmcmVzaCIsImV4cCI6MTcwMzk4MjI4OCwiaWF0IjoxNzAzODk1ODg4LCJqdGkiOiI1ZWY3MDJhNDM0N2U0NWU2OWU5NTkxMzU2ZjJkZDdkZCIsInVzZXJfaWQiOjJ9.28PuEEgCwBK1YfTPPZI1wxakJokSKqTIiN8af6UXo8U	2023-12-29 19:24:48.488721-05	2023-12-30 19:24:48-05	2	5ef702a4347e45e69e9591356f2dd7dd
7	eyJhbGciOiJIUzI1NiIsInR5cCI6IkpXVCJ9.eyJ0b2tlbl90eXBlIjoicmVmcmVzaCIsImV4cCI6MTcwMzk4MjM3NywiaWF0IjoxNzAzODk1OTc3LCJqdGkiOiIzMTkzNDU5NzU2N2Y0ODY4YjgwYjk1OTUwM2M3YzNiYiIsInVzZXJfaWQiOjJ9.OELR3Oy2QHElDwTiiLsuOdiKIJBIlbCvIDavpsmXlzI	2023-12-29 19:26:17.358011-05	2023-12-30 19:26:17-05	2	31934597567f4868b80b959503c7c3bb
8	eyJhbGciOiJIUzI1NiIsInR5cCI6IkpXVCJ9.eyJ0b2tlbl90eXBlIjoicmVmcmVzaCIsImV4cCI6MTcwMzk4MjQ1OCwiaWF0IjoxNzAzODk2MDU4LCJqdGkiOiIwNDZlYjUxNjliYmI0M2E0YjBhNGFlY2YzN2ZkYTczMSIsInVzZXJfaWQiOjJ9.6GeTXgsGI-5U2renn5Ntp3XxbfkRXnR95DgEJ2iaZFc	2023-12-29 19:27:38.753126-05	2023-12-30 19:27:38-05	2	046eb5169bbb43a4b0a4aecf37fda731
9	eyJhbGciOiJIUzI1NiIsInR5cCI6IkpXVCJ9.eyJ0b2tlbl90eXBlIjoicmVmcmVzaCIsImV4cCI6MTcwMzk4MjUwNiwiaWF0IjoxNzAzODk2MTA2LCJqdGkiOiIyOThhOTM1OGI4NGE0MGM1YjQzOGUyMjhmYzg2ODZhZiIsInVzZXJfaWQiOjJ9.Eh15Mcj6_rwUGa3YFhaGqEdOiE8_vjlrlVieYB8Vkzc	2023-12-29 19:28:26.228049-05	2023-12-30 19:28:26-05	2	298a9358b84a40c5b438e228fc8686af
10	eyJhbGciOiJIUzI1NiIsInR5cCI6IkpXVCJ9.eyJ0b2tlbl90eXBlIjoicmVmcmVzaCIsImV4cCI6MTcwMzk4MzA1MSwiaWF0IjoxNzAzODk2NjUxLCJqdGkiOiJkNjI3YWQxYmFiMmQ0YzM2OTFjY2U2N2E4ZjAxYTllYSIsInVzZXJfaWQiOjJ9.i3cruINpJPpwe0TbH9aoEmGaKIUBOk769wNffK_eJJ8	2023-12-29 19:37:31.989769-05	2023-12-30 19:37:31-05	2	d627ad1bab2d4c3691cce67a8f01a9ea
11	eyJhbGciOiJIUzI1NiIsInR5cCI6IkpXVCJ9.eyJ0b2tlbl90eXBlIjoicmVmcmVzaCIsImV4cCI6MTcwMzk4NTYzNywiaWF0IjoxNzAzODk5MjM3LCJqdGkiOiI2NDI4MWFiMWU3OWY0NGU4OWUwMjE3YjdmOGQzMTA0ZiIsInVzZXJfaWQiOjJ9.wNZH7Z0JMOhmqrOCeeRFNvHTrgV6hFB1MDTaexpk7DE	2023-12-29 20:20:37.589203-05	2023-12-30 20:20:37-05	2	64281ab1e79f44e89e0217b7f8d3104f
12	eyJhbGciOiJIUzI1NiIsInR5cCI6IkpXVCJ9.eyJ0b2tlbl90eXBlIjoicmVmcmVzaCIsImV4cCI6MTcwMzk4NTk3OCwiaWF0IjoxNzAzODk5NTc4LCJqdGkiOiJhYTE3MDg3ZTM5NGU0ODhkODdjMDM1YzU1NjE0YmQ4MSIsInVzZXJfaWQiOjJ9.RZYi42uqsdcrwX3eBT0gYlg20oPHPYb7OQ8ak0_w1hE	2023-12-29 20:26:18.835774-05	2023-12-30 20:26:18-05	2	aa17087e394e488d87c035c55614bd81
13	eyJhbGciOiJIUzI1NiIsInR5cCI6IkpXVCJ9.eyJ0b2tlbl90eXBlIjoicmVmcmVzaCIsImV4cCI6MTcwMzk4NjU1NSwiaWF0IjoxNzAzOTAwMTU1LCJqdGkiOiIyOGIwZTJiN2M3NTk0YWYwOTc1Njg0NjE1MGE2Mzk5ZCIsInVzZXJfaWQiOjJ9.iN7VA0nyQkSrwudrqWmQJyC5aFEdQ_xTY7RJUx_z5Kw	2023-12-29 20:35:55.262673-05	2023-12-30 20:35:55-05	2	28b0e2b7c7594af09756846150a6399d
14	eyJhbGciOiJIUzI1NiIsInR5cCI6IkpXVCJ9.eyJ0b2tlbl90eXBlIjoicmVmcmVzaCIsImV4cCI6MTcwMzk4Njk1NiwiaWF0IjoxNzAzOTAwNTU2LCJqdGkiOiI1NGQwOWQ2YzJkZTA0NDk3YjAyMzcxZjU0OGMzOGRiMCIsInVzZXJfaWQiOjJ9.7G49a5HJNros5t_fM3vFLBH2MIi_hJNDBoJ_hKktJxU	2023-12-29 20:42:36.116374-05	2023-12-30 20:42:36-05	2	54d09d6c2de04497b02371f548c38db0
15	eyJhbGciOiJIUzI1NiIsInR5cCI6IkpXVCJ9.eyJ0b2tlbl90eXBlIjoicmVmcmVzaCIsImV4cCI6MTcwMzk4NzczOCwiaWF0IjoxNzAzOTAxMzM4LCJqdGkiOiJkYmZkZjhlYzZlNGY0MTBhYWJjNGUyODE0YTU5NGZlMSIsInVzZXJfaWQiOjJ9.d1u58qpFBheA0UW8REXLsvnWB7bADZtPlCY5p19lQYc	2023-12-29 20:55:38.442923-05	2023-12-30 20:55:38-05	2	dbfdf8ec6e4f410aabc4e2814a594fe1
16	eyJhbGciOiJIUzI1NiIsInR5cCI6IkpXVCJ9.eyJ0b2tlbl90eXBlIjoicmVmcmVzaCIsImV4cCI6MTcwMzk4ODExOCwiaWF0IjoxNzAzOTAxNzE4LCJqdGkiOiJlNTRhMmIyZWU1MTI0OGMyYTMxOGUyNjg0ZGQ2NDUxYSIsInVzZXJfaWQiOjJ9.QiMTRUEtrwVKsgG_rkGriJQOPyS2OHwEJ_sWHmoxGiM	2023-12-29 21:01:58.557973-05	2023-12-30 21:01:58-05	2	e54a2b2ee51248c2a318e2684dd6451a
17	eyJhbGciOiJIUzI1NiIsInR5cCI6IkpXVCJ9.eyJ0b2tlbl90eXBlIjoicmVmcmVzaCIsImV4cCI6MTcwMzk4ODUwOSwiaWF0IjoxNzAzOTAyMTA5LCJqdGkiOiI1Yjg0NTY3YjdkMjg0OGExYWVhZDM0MzFiY2Y5ZGI2ZCIsInVzZXJfaWQiOjJ9.dSRCNQxH82YFb-j5xkcWiIkW1fgmlN6mVmhv1Cmp2J4	2023-12-29 21:08:29.296369-05	2023-12-30 21:08:29-05	2	5b84567b7d2848a1aead3431bcf9db6d
18	eyJhbGciOiJIUzI1NiIsInR5cCI6IkpXVCJ9.eyJ0b2tlbl90eXBlIjoicmVmcmVzaCIsImV4cCI6MTcwMzk4ODkxMywiaWF0IjoxNzAzOTAyNTEzLCJqdGkiOiJmMWM4MDkxODc4ZTc0N2MxYjg1MDI1ZGE3M2VhY2E2YSIsInVzZXJfaWQiOjJ9.5iPd0RE6IGMn-SMwxQWe7sdoHKtZCL_eTpdNDg0XWzM	2023-12-29 21:15:13.987389-05	2023-12-30 21:15:13-05	2	f1c8091878e747c1b85025da73eaca6a
19	eyJhbGciOiJIUzI1NiIsInR5cCI6IkpXVCJ9.eyJ0b2tlbl90eXBlIjoicmVmcmVzaCIsImV4cCI6MTcwMzk5MDM4NSwiaWF0IjoxNzAzOTAzOTg1LCJqdGkiOiJlMmU0NDBmYjQ4MmM0NjkxYmVhMGY1NWM1YzVjMTQ0ZSIsInVzZXJfaWQiOjJ9.eSgd9vcN5bAKX3GBXxVETrZkXxnRIfLIb9PX1uNSJJI	2023-12-29 21:39:45.541346-05	2023-12-30 21:39:45-05	2	e2e440fb482c4691bea0f55c5c5c144e
20	eyJhbGciOiJIUzI1NiIsInR5cCI6IkpXVCJ9.eyJ0b2tlbl90eXBlIjoicmVmcmVzaCIsImV4cCI6MTcwMzk5MDc0NSwiaWF0IjoxNzAzOTA0MzQ1LCJqdGkiOiIxYzIyMzMzYmFkYTg0ZTI3YTY5ZGJhYjc3MGJlNmU5MyIsInVzZXJfaWQiOjJ9.veAQAQ6pkkV5Qpj26reol_4gDFJXzeYRUb56mcx95s0	2023-12-29 21:45:45.601494-05	2023-12-30 21:45:45-05	2	1c22333bada84e27a69dbab770be6e93
21	eyJhbGciOiJIUzI1NiIsInR5cCI6IkpXVCJ9.eyJ0b2tlbl90eXBlIjoicmVmcmVzaCIsImV4cCI6MTcwMzk5MDc3MSwiaWF0IjoxNzAzOTA0MzcxLCJqdGkiOiJiY2JhNTNkNzc3OTg0NDc0YWY5MGJmMDAyM2U5NzNkMCIsInVzZXJfaWQiOjJ9.UvuA1lOPPqYW9OCmE4S_BZgjS_jXifhiVBVBOrkGVQM	2023-12-29 21:46:11.823504-05	2023-12-30 21:46:11-05	2	bcba53d777984474af90bf0023e973d0
22	eyJhbGciOiJIUzI1NiIsInR5cCI6IkpXVCJ9.eyJ0b2tlbl90eXBlIjoicmVmcmVzaCIsImV4cCI6MTcwMzk5MDkyNSwiaWF0IjoxNzAzOTA0NTI1LCJqdGkiOiIzNjVhOWJiNzdlNTQ0ZThjYmIwNzQ0ZDZmMmZkY2RhNiIsInVzZXJfaWQiOjJ9.IDeBYLUMtn8m4d7wtZHv5242Fiz3tQscTr4ZYJ0BV7A	2023-12-29 21:48:45.651372-05	2023-12-30 21:48:45-05	2	365a9bb77e544e8cbb0744d6f2fdcda6
23	eyJhbGciOiJIUzI1NiIsInR5cCI6IkpXVCJ9.eyJ0b2tlbl90eXBlIjoicmVmcmVzaCIsImV4cCI6MTcwMzk5MTI0OCwiaWF0IjoxNzAzOTA0ODQ4LCJqdGkiOiJjOGZkY2ZiZjU5Y2Q0MDFlYjVlMjMzMjQ5ZWY2N2VmOSIsInVzZXJfaWQiOjJ9.hd9NJoAJN67aVLLDIFbf5BiVIxxa39PehiuCqN6LHuY	2023-12-29 21:54:08.729256-05	2023-12-30 21:54:08-05	2	c8fdcfbf59cd401eb5e233249ef67ef9
24	eyJhbGciOiJIUzI1NiIsInR5cCI6IkpXVCJ9.eyJ0b2tlbl90eXBlIjoicmVmcmVzaCIsImV4cCI6MTcwMzk5MTQzOSwiaWF0IjoxNzAzOTA1MDM5LCJqdGkiOiIzYTM1YjY3YzY5YmE0YWUyYmZmYWNjOGE0ZGY1ZWQwZSIsInVzZXJfaWQiOjF9.BKtf3h5RWzHpqcXemOLmOuJvYIQKqIPfZJVq5nnTZU8	2023-12-29 21:57:19.722576-05	2023-12-30 21:57:19-05	1	3a35b67c69ba4ae2bffacc8a4df5ed0e
25	eyJhbGciOiJIUzI1NiIsInR5cCI6IkpXVCJ9.eyJ0b2tlbl90eXBlIjoicmVmcmVzaCIsImV4cCI6MTcwNDAzNTY0MSwiaWF0IjoxNzAzOTQ5MjQxLCJqdGkiOiI2YmUyY2Q1NWI2Y2I0ODdkYjI0OWRjZDVkZjViOTg4NCIsInVzZXJfaWQiOjJ9.77hW_03vpphrFvbO_T0Z4saPRE9yzQ4gY1U3cfJVIVM	2023-12-30 10:14:01.866483-05	2023-12-31 10:14:01-05	2	6be2cd55b6cb487db249dcd5df5b9884
26	eyJhbGciOiJIUzI1NiIsInR5cCI6IkpXVCJ9.eyJ0b2tlbl90eXBlIjoicmVmcmVzaCIsImV4cCI6MTcwNDAzNjAzMSwiaWF0IjoxNzAzOTQ5NjMxLCJqdGkiOiJlOTg5ZTJiODQ1YjA0MTE3OWNlNmRmNmJlYjA2OTRmNCIsInVzZXJfaWQiOjJ9.frs8bXdYsyLC4n9ylit0mfHut7cLmrehbTrDaroZcuY	2023-12-30 10:20:31.888402-05	2023-12-31 10:20:31-05	2	e989e2b845b041179ce6df6beb0694f4
27	eyJhbGciOiJIUzI1NiIsInR5cCI6IkpXVCJ9.eyJ0b2tlbl90eXBlIjoicmVmcmVzaCIsImV4cCI6MTcwNDAzNzIyNiwiaWF0IjoxNzAzOTUwODI2LCJqdGkiOiIyN2IzMWFhZGZkYWQ0Yjc3YjE4ZWI0ZTYwYmExMzY5YiIsInVzZXJfaWQiOjJ9.HQpWkSuaDCjdKqozZnY9IOEAjRXL16gOkHrIGefNRTM	2023-12-30 10:40:26.693639-05	2023-12-31 10:40:26-05	2	27b31aadfdad4b77b18eb4e60ba1369b
28	eyJhbGciOiJIUzI1NiIsInR5cCI6IkpXVCJ9.eyJ0b2tlbl90eXBlIjoicmVmcmVzaCIsImV4cCI6MTcwNDAzNzIyNiwiaWF0IjoxNzAzOTUwODI2LCJqdGkiOiJmMmEzMWI2M2Q3NjM0MmI4ODQxMTI4ZWU5YWM3N2UwOSIsInVzZXJfaWQiOjJ9.c242xA_vZwbuMArgEzfB-KXIskobEJlp2q7JhsG9tGw	2023-12-30 10:40:26.746166-05	2023-12-31 10:40:26-05	2	f2a31b63d76342b8841128ee9ac77e09
29	eyJhbGciOiJIUzI1NiIsInR5cCI6IkpXVCJ9.eyJ0b2tlbl90eXBlIjoicmVmcmVzaCIsImV4cCI6MTcwNDAzNzM5NywiaWF0IjoxNzAzOTUwOTk3LCJqdGkiOiJhNmI2MzViNjUxOTk0M2IwYTI3YWFmMWRlMTEyMzQwZCIsInVzZXJfaWQiOjF9.WVowvKwlwrshmM8GHD7AY-ZtEMYJzw2YUlRgiRkJU0g	2023-12-30 10:43:17.94572-05	2023-12-31 10:43:17-05	1	a6b635b6519943b0a27aaf1de112340d
30	eyJhbGciOiJIUzI1NiIsInR5cCI6IkpXVCJ9.eyJ0b2tlbl90eXBlIjoicmVmcmVzaCIsImV4cCI6MTcwNDAzNzU3NCwiaWF0IjoxNzAzOTUxMTc0LCJqdGkiOiJhZGYzYTc4NDU5ZDY0NjJkYjA1MDZlMWI4MTI2MTk5ZiIsInVzZXJfaWQiOjJ9.AQGqUH9eS7c3Oc7fNSWjtbPOaDNZ8kRZObwAoOYoF0c	2023-12-30 10:46:14.060316-05	2023-12-31 10:46:14-05	2	adf3a78459d6462db0506e1b8126199f
31	eyJhbGciOiJIUzI1NiIsInR5cCI6IkpXVCJ9.eyJ0b2tlbl90eXBlIjoicmVmcmVzaCIsImV4cCI6MTcwNDAzODMzOSwiaWF0IjoxNzAzOTUxOTM5LCJqdGkiOiI3NzdmNzYxYmI5ODE0ZGZiYjQzZGFiMTZmNGQzOTJjOCIsInVzZXJfaWQiOjJ9.rr5xRmrM30BFujgbwgNZgccZulj01Ve8SQmvKecP3l8	2023-12-30 10:58:59.374007-05	2023-12-31 10:58:59-05	2	777f761bb9814dfbb43dab16f4d392c8
32	eyJhbGciOiJIUzI1NiIsInR5cCI6IkpXVCJ9.eyJ0b2tlbl90eXBlIjoicmVmcmVzaCIsImV4cCI6MTcwNDAzODM0NywiaWF0IjoxNzAzOTUxOTQ3LCJqdGkiOiJiMzY5NzUxYmY0NzE0MDFmOTU2OGU4MTBhZmMwNGM4NCIsInVzZXJfaWQiOjJ9.m8fu7OvGaDzfKWb7_WTSMjKdhY_GmMVCeda3zPQIqaQ	2023-12-30 10:59:07.755727-05	2023-12-31 10:59:07-05	2	b369751bf471401f9568e810afc04c84
33	eyJhbGciOiJIUzI1NiIsInR5cCI6IkpXVCJ9.eyJ0b2tlbl90eXBlIjoicmVmcmVzaCIsImV4cCI6MTcwNDMzOTc2NiwiaWF0IjoxNzA0MjUzMzY2LCJqdGkiOiI5ZDdkZDU5MTZlYjQ0YzJhYWZkNjU2MjJkMzNlZDZlYSIsInVzZXJfaWQiOjJ9.G-fToxI4XPY7ZkdxYvWkrcIvX7zci6v__m6TwKQ-nvA	2024-01-02 22:42:46.995644-05	2024-01-03 22:42:46-05	2	9d7dd5916eb44c2aafd65622d33ed6ea
\.


--
-- Data for Name: ventas_cotizacion; Type: TABLE DATA; Schema: public; Owner: postgres
--

COPY public.ventas_cotizacion (id, nombre, fecha, duracion, estado_id, proyecto_id, tipo_id) FROM stdin;
\.


--
-- Data for Name: ventas_cuota; Type: TABLE DATA; Schema: public; Owner: postgres
--

COPY public.ventas_cuota (id, numero, tiempo, porcentaje, fecha, cotizacion_id, estado_id, tipo_id) FROM stdin;
\.


--
-- Data for Name: ventas_estadolead; Type: TABLE DATA; Schema: public; Owner: postgres
--

COPY public.ventas_estadolead (nombre, descripcion, estado_id) FROM stdin;
NR	No responde	A
EP	En proceso	A
FR	Frio	A
TB	Tibio	A
CH	Caliente	A
SE	Separaciones	A
CI	Cierre	A
\.


--
-- Data for Name: ventas_evento; Type: TABLE DATA; Schema: public; Owner: postgres
--

COPY public.ventas_evento (id, titulo, duracion, fecha_visita, ubicacion, descripcion, fecha_creacion, fecha_actualizacion, asesor_id, estado_id, lead_id, proyecto_id, tipo_id, "usuarioActualizador_id", "usuarioCreador_id") FROM stdin;
1	Firma del contrato de socabaya	50	2023-12-29 22:12:30-05	socabaya		2023-12-30	2023-12-29 22:13:24-05	2	A	1	1	1	2	1
\.


--
-- Data for Name: ventas_historicoleadasesor; Type: TABLE DATA; Schema: public; Owner: postgres
--

COPY public.ventas_historicoleadasesor (id, fecha_creacion, lead_id, usuario_id) FROM stdin;
\.


--
-- Data for Name: ventas_lead; Type: TABLE DATA; Schema: public; Owner: postgres
--

COPY public.ventas_lead (id, nombre, apellido, asignado, celular, celular2, comentario, "horaRecepcion", llamar, "recienCreado", fecha_creacion, fecha_actualizacion, asesor_id, campania_id, estado_id, "estadoLead_id", objecion_id, "usuarioActualizador_id", "usuarioCreador_id") FROM stdin;
1	BRIAN	VELASCO	t	935488033			2023-12-29 15:54:52-05	t	t	2023-12-29	\N	2	1	A	NR	1	1	1
2	aaaa	aaaaaaa	t	999875468		Pidio un asesor personal	2023-10-04 00:00:00-05	t	t	2023-12-29	\N	1	1	A	EP	1	1	1
3	Jesus		f	958742315			2023-12-29 18:33:45.907257-05	t	t	2023-12-29	\N	\N	2	A	EP	1	1	1
4			t	934789123			2023-12-29 18:33:45.920404-05	t	t	2023-12-29	\N	1	3	A	EP	1	1	1
5	aaaa	aaaaaaa	t	999875468		Pidio un asesor personal	2023-10-04 00:00:00-05	t	t	2023-12-29	\N	1	1	A	EP	1	1	1
7			t	934789123			2023-12-29 18:34:47.930827-05	t	t	2023-12-29	\N	1	3	A	EP	1	1	1
10			t	934789123			2023-12-29 18:35:30.289934-05	t	t	2023-12-29	\N	1	3	A	EP	1	1	1
8	Juan	Reynoso	t	987564231		Pidio un asesor personal	2023-10-04 00:00:00-05	t	t	2023-12-29	\N	1	1	A	EP	1	1	1
9	Jesus		t	958742315			2023-12-29 18:35:30.279107-05	t	t	2023-12-29	\N	1	2	A	EP	1	1	1
6	Jesus		t	958742315			2023-12-29 18:34:47.913955-05	t	t	2023-12-29	\N	1	2	A	EP	1	1	1
\.


--
-- Data for Name: ventas_llamada; Type: TABLE DATA; Schema: public; Owner: postgres
--

COPY public.ventas_llamada (id, detalle, fecha_creacion, fecha_actualizacion, estado_id, lead_id, "usuarioActualizador_id", "usuarioCreador_id") FROM stdin;
\.


--
-- Data for Name: ventas_objecion; Type: TABLE DATA; Schema: public; Owner: postgres
--

COPY public.ventas_objecion (id, nombre, estado_id) FROM stdin;
1	Ninguna	A
2	Precio	A
3	No indica / No Interesado	A
4	Ocupado / Trabajando	A
6	Solo mensajes / Wsp	A
7	Inmediatez	A
8	No contesta / Apagado	A
9	Equivocado / No existe	A
5	Ubicación	A
10	Playa/Campo / Casa	A
\.


--
-- Data for Name: ventas_precio; Type: TABLE DATA; Schema: public; Owner: postgres
--

COPY public.ventas_precio (id, precio, cotizacion_id, estado_id, "tipoProducto_id") FROM stdin;
\.


--
-- Data for Name: ventas_producto; Type: TABLE DATA; Schema: public; Owner: postgres
--

COPY public.ventas_producto (id, nombre, codigo, numero, area, fecha_creacion, fecha_actualizacion, estado_id, proyecto_id, tipo_id, "usuarioActualizador_id", "usuarioCreador_id") FROM stdin;
\.


--
-- Data for Name: ventas_proyectotipoproducto; Type: TABLE DATA; Schema: public; Owner: postgres
--

COPY public.ventas_proyectotipoproducto (id, proyecto_id, tipo_producto_id) FROM stdin;
\.


--
-- Data for Name: ventas_tipocotizacion; Type: TABLE DATA; Schema: public; Owner: postgres
--

COPY public.ventas_tipocotizacion (id, nombre, estado_id) FROM stdin;
\.


--
-- Data for Name: ventas_tipocuota; Type: TABLE DATA; Schema: public; Owner: postgres
--

COPY public.ventas_tipocuota (id, nombre, estado_id) FROM stdin;
\.


--
-- Data for Name: ventas_tipoevento; Type: TABLE DATA; Schema: public; Owner: postgres
--

COPY public.ventas_tipoevento (id, nombre, estado_id) FROM stdin;
1	Firma de contrato	A
2	Visita	A
\.


--
-- Data for Name: ventas_tipoproducto; Type: TABLE DATA; Schema: public; Owner: postgres
--

COPY public.ventas_tipoproducto (id, nombre, estado_id) FROM stdin;
\.


--
-- Data for Name: ventas_whatsapp; Type: TABLE DATA; Schema: public; Owner: postgres
--

COPY public.ventas_whatsapp (id, detalle, fecha_creacion, fecha_actualizacion, estado_id, lead_id, "usuarioActualizador_id", "usuarioCreador_id") FROM stdin;
\.


--
-- Name: auth_group_id_seq; Type: SEQUENCE SET; Schema: public; Owner: postgres
--

SELECT pg_catalog.setval('public.auth_group_id_seq', 1, true);


--
-- Name: auth_group_permissions_id_seq; Type: SEQUENCE SET; Schema: public; Owner: postgres
--

SELECT pg_catalog.setval('public.auth_group_permissions_id_seq', 44, true);


--
-- Name: auth_permission_id_seq; Type: SEQUENCE SET; Schema: public; Owner: postgres
--

SELECT pg_catalog.setval('public.auth_permission_id_seq', 120, true);


--
-- Name: cuenta_modulo_id_seq; Type: SEQUENCE SET; Schema: public; Owner: postgres
--

SELECT pg_catalog.setval('public.cuenta_modulo_id_seq', 1, false);


--
-- Name: cuenta_user_groups_id_seq; Type: SEQUENCE SET; Schema: public; Owner: postgres
--

SELECT pg_catalog.setval('public.cuenta_user_groups_id_seq', 7, true);


--
-- Name: cuenta_user_id_seq; Type: SEQUENCE SET; Schema: public; Owner: postgres
--

SELECT pg_catalog.setval('public.cuenta_user_id_seq', 2, true);


--
-- Name: cuenta_user_user_permissions_id_seq; Type: SEQUENCE SET; Schema: public; Owner: postgres
--

SELECT pg_catalog.setval('public.cuenta_user_user_permissions_id_seq', 1, false);


--
-- Name: django_admin_log_id_seq; Type: SEQUENCE SET; Schema: public; Owner: postgres
--

SELECT pg_catalog.setval('public.django_admin_log_id_seq', 55, true);


--
-- Name: django_content_type_id_seq; Type: SEQUENCE SET; Schema: public; Owner: postgres
--

SELECT pg_catalog.setval('public.django_content_type_id_seq', 30, true);


--
-- Name: django_migrations_id_seq; Type: SEQUENCE SET; Schema: public; Owner: postgres
--

SELECT pg_catalog.setval('public.django_migrations_id_seq', 36, true);


--
-- Name: marketing_campania_id_seq; Type: SEQUENCE SET; Schema: public; Owner: postgres
--

SELECT pg_catalog.setval('public.marketing_campania_id_seq', 3, true);


--
-- Name: marketing_categoria_id_seq; Type: SEQUENCE SET; Schema: public; Owner: postgres
--

SELECT pg_catalog.setval('public.marketing_categoria_id_seq', 2, true);


--
-- Name: marketing_proyecto_id_seq; Type: SEQUENCE SET; Schema: public; Owner: postgres
--

SELECT pg_catalog.setval('public.marketing_proyecto_id_seq', 2, true);


--
-- Name: token_blacklist_blacklistedtoken_id_seq; Type: SEQUENCE SET; Schema: public; Owner: postgres
--

SELECT pg_catalog.setval('public.token_blacklist_blacklistedtoken_id_seq', 1, false);


--
-- Name: token_blacklist_outstandingtoken_id_seq; Type: SEQUENCE SET; Schema: public; Owner: postgres
--

SELECT pg_catalog.setval('public.token_blacklist_outstandingtoken_id_seq', 33, true);


--
-- Name: ventas_cotizacion_id_seq; Type: SEQUENCE SET; Schema: public; Owner: postgres
--

SELECT pg_catalog.setval('public.ventas_cotizacion_id_seq', 1, false);


--
-- Name: ventas_cuota_id_seq; Type: SEQUENCE SET; Schema: public; Owner: postgres
--

SELECT pg_catalog.setval('public.ventas_cuota_id_seq', 1, false);


--
-- Name: ventas_evento_id_seq; Type: SEQUENCE SET; Schema: public; Owner: postgres
--

SELECT pg_catalog.setval('public.ventas_evento_id_seq', 1, true);


--
-- Name: ventas_historicoleadasesor_id_seq; Type: SEQUENCE SET; Schema: public; Owner: postgres
--

SELECT pg_catalog.setval('public.ventas_historicoleadasesor_id_seq', 1, false);


--
-- Name: ventas_lead_id_seq; Type: SEQUENCE SET; Schema: public; Owner: postgres
--

SELECT pg_catalog.setval('public.ventas_lead_id_seq', 10, true);


--
-- Name: ventas_llamada_id_seq; Type: SEQUENCE SET; Schema: public; Owner: postgres
--

SELECT pg_catalog.setval('public.ventas_llamada_id_seq', 1, false);


--
-- Name: ventas_objecion_id_seq; Type: SEQUENCE SET; Schema: public; Owner: postgres
--

SELECT pg_catalog.setval('public.ventas_objecion_id_seq', 1, false);


--
-- Name: ventas_precio_id_seq; Type: SEQUENCE SET; Schema: public; Owner: postgres
--

SELECT pg_catalog.setval('public.ventas_precio_id_seq', 1, false);


--
-- Name: ventas_producto_id_seq; Type: SEQUENCE SET; Schema: public; Owner: postgres
--

SELECT pg_catalog.setval('public.ventas_producto_id_seq', 1, false);


--
-- Name: ventas_proyectotipoproducto_id_seq; Type: SEQUENCE SET; Schema: public; Owner: postgres
--

SELECT pg_catalog.setval('public.ventas_proyectotipoproducto_id_seq', 1, false);


--
-- Name: ventas_tipocotizacion_id_seq; Type: SEQUENCE SET; Schema: public; Owner: postgres
--

SELECT pg_catalog.setval('public.ventas_tipocotizacion_id_seq', 1, false);


--
-- Name: ventas_tipocuota_id_seq; Type: SEQUENCE SET; Schema: public; Owner: postgres
--

SELECT pg_catalog.setval('public.ventas_tipocuota_id_seq', 1, false);


--
-- Name: ventas_tipoevento_id_seq; Type: SEQUENCE SET; Schema: public; Owner: postgres
--

SELECT pg_catalog.setval('public.ventas_tipoevento_id_seq', 2, true);


--
-- Name: ventas_tipoproducto_id_seq; Type: SEQUENCE SET; Schema: public; Owner: postgres
--

SELECT pg_catalog.setval('public.ventas_tipoproducto_id_seq', 1, false);


--
-- Name: ventas_whatsapp_id_seq; Type: SEQUENCE SET; Schema: public; Owner: postgres
--

SELECT pg_catalog.setval('public.ventas_whatsapp_id_seq', 1, false);


--
-- Name: auth_group auth_group_name_key; Type: CONSTRAINT; Schema: public; Owner: postgres
--

ALTER TABLE ONLY public.auth_group
    ADD CONSTRAINT auth_group_name_key UNIQUE (name);


--
-- Name: auth_group_permissions auth_group_permissions_group_id_permission_id_0cd325b0_uniq; Type: CONSTRAINT; Schema: public; Owner: postgres
--

ALTER TABLE ONLY public.auth_group_permissions
    ADD CONSTRAINT auth_group_permissions_group_id_permission_id_0cd325b0_uniq UNIQUE (group_id, permission_id);


--
-- Name: auth_group_permissions auth_group_permissions_pkey; Type: CONSTRAINT; Schema: public; Owner: postgres
--

ALTER TABLE ONLY public.auth_group_permissions
    ADD CONSTRAINT auth_group_permissions_pkey PRIMARY KEY (id);


--
-- Name: auth_group auth_group_pkey; Type: CONSTRAINT; Schema: public; Owner: postgres
--

ALTER TABLE ONLY public.auth_group
    ADD CONSTRAINT auth_group_pkey PRIMARY KEY (id);


--
-- Name: auth_permission auth_permission_content_type_id_codename_01ab375a_uniq; Type: CONSTRAINT; Schema: public; Owner: postgres
--

ALTER TABLE ONLY public.auth_permission
    ADD CONSTRAINT auth_permission_content_type_id_codename_01ab375a_uniq UNIQUE (content_type_id, codename);


--
-- Name: auth_permission auth_permission_pkey; Type: CONSTRAINT; Schema: public; Owner: postgres
--

ALTER TABLE ONLY public.auth_permission
    ADD CONSTRAINT auth_permission_pkey PRIMARY KEY (id);


--
-- Name: cuenta_estadoregistro cuenta_estadoregistro_pkey; Type: CONSTRAINT; Schema: public; Owner: postgres
--

ALTER TABLE ONLY public.cuenta_estadoregistro
    ADD CONSTRAINT cuenta_estadoregistro_pkey PRIMARY KEY (estado);


--
-- Name: cuenta_modulo cuenta_modulo_pkey; Type: CONSTRAINT; Schema: public; Owner: postgres
--

ALTER TABLE ONLY public.cuenta_modulo
    ADD CONSTRAINT cuenta_modulo_pkey PRIMARY KEY (id);


--
-- Name: cuenta_user cuenta_user_codigoAsesor_key; Type: CONSTRAINT; Schema: public; Owner: postgres
--

ALTER TABLE ONLY public.cuenta_user
    ADD CONSTRAINT "cuenta_user_codigoAsesor_key" UNIQUE ("codigoAsesor");


--
-- Name: cuenta_user_groups cuenta_user_groups_pkey; Type: CONSTRAINT; Schema: public; Owner: postgres
--

ALTER TABLE ONLY public.cuenta_user_groups
    ADD CONSTRAINT cuenta_user_groups_pkey PRIMARY KEY (id);


--
-- Name: cuenta_user_groups cuenta_user_groups_user_id_group_id_aa2c9476_uniq; Type: CONSTRAINT; Schema: public; Owner: postgres
--

ALTER TABLE ONLY public.cuenta_user_groups
    ADD CONSTRAINT cuenta_user_groups_user_id_group_id_aa2c9476_uniq UNIQUE (user_id, group_id);


--
-- Name: cuenta_user cuenta_user_pkey; Type: CONSTRAINT; Schema: public; Owner: postgres
--

ALTER TABLE ONLY public.cuenta_user
    ADD CONSTRAINT cuenta_user_pkey PRIMARY KEY (id);


--
-- Name: cuenta_user_user_permissions cuenta_user_user_permiss_user_id_permission_id_4ab227af_uniq; Type: CONSTRAINT; Schema: public; Owner: postgres
--

ALTER TABLE ONLY public.cuenta_user_user_permissions
    ADD CONSTRAINT cuenta_user_user_permiss_user_id_permission_id_4ab227af_uniq UNIQUE (user_id, permission_id);


--
-- Name: cuenta_user_user_permissions cuenta_user_user_permissions_pkey; Type: CONSTRAINT; Schema: public; Owner: postgres
--

ALTER TABLE ONLY public.cuenta_user_user_permissions
    ADD CONSTRAINT cuenta_user_user_permissions_pkey PRIMARY KEY (id);


--
-- Name: cuenta_user cuenta_user_username_key; Type: CONSTRAINT; Schema: public; Owner: postgres
--

ALTER TABLE ONLY public.cuenta_user
    ADD CONSTRAINT cuenta_user_username_key UNIQUE (username);


--
-- Name: django_admin_log django_admin_log_pkey; Type: CONSTRAINT; Schema: public; Owner: postgres
--

ALTER TABLE ONLY public.django_admin_log
    ADD CONSTRAINT django_admin_log_pkey PRIMARY KEY (id);


--
-- Name: django_content_type django_content_type_app_label_model_76bd3d3b_uniq; Type: CONSTRAINT; Schema: public; Owner: postgres
--

ALTER TABLE ONLY public.django_content_type
    ADD CONSTRAINT django_content_type_app_label_model_76bd3d3b_uniq UNIQUE (app_label, model);


--
-- Name: django_content_type django_content_type_pkey; Type: CONSTRAINT; Schema: public; Owner: postgres
--

ALTER TABLE ONLY public.django_content_type
    ADD CONSTRAINT django_content_type_pkey PRIMARY KEY (id);


--
-- Name: django_migrations django_migrations_pkey; Type: CONSTRAINT; Schema: public; Owner: postgres
--

ALTER TABLE ONLY public.django_migrations
    ADD CONSTRAINT django_migrations_pkey PRIMARY KEY (id);


--
-- Name: django_session django_session_pkey; Type: CONSTRAINT; Schema: public; Owner: postgres
--

ALTER TABLE ONLY public.django_session
    ADD CONSTRAINT django_session_pkey PRIMARY KEY (session_key);


--
-- Name: marketing_campania marketing_campania_codigo_key; Type: CONSTRAINT; Schema: public; Owner: postgres
--

ALTER TABLE ONLY public.marketing_campania
    ADD CONSTRAINT marketing_campania_codigo_key UNIQUE (codigo);


--
-- Name: marketing_campania marketing_campania_pkey; Type: CONSTRAINT; Schema: public; Owner: postgres
--

ALTER TABLE ONLY public.marketing_campania
    ADD CONSTRAINT marketing_campania_pkey PRIMARY KEY (id);


--
-- Name: marketing_categoria marketing_categoria_pkey; Type: CONSTRAINT; Schema: public; Owner: postgres
--

ALTER TABLE ONLY public.marketing_categoria
    ADD CONSTRAINT marketing_categoria_pkey PRIMARY KEY (id);


--
-- Name: marketing_proyecto marketing_proyecto_pkey; Type: CONSTRAINT; Schema: public; Owner: postgres
--

ALTER TABLE ONLY public.marketing_proyecto
    ADD CONSTRAINT marketing_proyecto_pkey PRIMARY KEY (id);


--
-- Name: token_blacklist_blacklistedtoken token_blacklist_blacklistedtoken_pkey; Type: CONSTRAINT; Schema: public; Owner: postgres
--

ALTER TABLE ONLY public.token_blacklist_blacklistedtoken
    ADD CONSTRAINT token_blacklist_blacklistedtoken_pkey PRIMARY KEY (id);


--
-- Name: token_blacklist_blacklistedtoken token_blacklist_blacklistedtoken_token_id_key; Type: CONSTRAINT; Schema: public; Owner: postgres
--

ALTER TABLE ONLY public.token_blacklist_blacklistedtoken
    ADD CONSTRAINT token_blacklist_blacklistedtoken_token_id_key UNIQUE (token_id);


--
-- Name: token_blacklist_outstandingtoken token_blacklist_outstandingtoken_jti_hex_d9bdf6f7_uniq; Type: CONSTRAINT; Schema: public; Owner: postgres
--

ALTER TABLE ONLY public.token_blacklist_outstandingtoken
    ADD CONSTRAINT token_blacklist_outstandingtoken_jti_hex_d9bdf6f7_uniq UNIQUE (jti);


--
-- Name: token_blacklist_outstandingtoken token_blacklist_outstandingtoken_pkey; Type: CONSTRAINT; Schema: public; Owner: postgres
--

ALTER TABLE ONLY public.token_blacklist_outstandingtoken
    ADD CONSTRAINT token_blacklist_outstandingtoken_pkey PRIMARY KEY (id);


--
-- Name: ventas_cotizacion ventas_cotizacion_pkey; Type: CONSTRAINT; Schema: public; Owner: postgres
--

ALTER TABLE ONLY public.ventas_cotizacion
    ADD CONSTRAINT ventas_cotizacion_pkey PRIMARY KEY (id);


--
-- Name: ventas_cuota ventas_cuota_pkey; Type: CONSTRAINT; Schema: public; Owner: postgres
--

ALTER TABLE ONLY public.ventas_cuota
    ADD CONSTRAINT ventas_cuota_pkey PRIMARY KEY (id);


--
-- Name: ventas_estadolead ventas_estadolead_pkey; Type: CONSTRAINT; Schema: public; Owner: postgres
--

ALTER TABLE ONLY public.ventas_estadolead
    ADD CONSTRAINT ventas_estadolead_pkey PRIMARY KEY (nombre);


--
-- Name: ventas_evento ventas_evento_pkey; Type: CONSTRAINT; Schema: public; Owner: postgres
--

ALTER TABLE ONLY public.ventas_evento
    ADD CONSTRAINT ventas_evento_pkey PRIMARY KEY (id);


--
-- Name: ventas_historicoleadasesor ventas_historicoleadasesor_pkey; Type: CONSTRAINT; Schema: public; Owner: postgres
--

ALTER TABLE ONLY public.ventas_historicoleadasesor
    ADD CONSTRAINT ventas_historicoleadasesor_pkey PRIMARY KEY (id);


--
-- Name: ventas_lead ventas_lead_pkey; Type: CONSTRAINT; Schema: public; Owner: postgres
--

ALTER TABLE ONLY public.ventas_lead
    ADD CONSTRAINT ventas_lead_pkey PRIMARY KEY (id);


--
-- Name: ventas_llamada ventas_llamada_pkey; Type: CONSTRAINT; Schema: public; Owner: postgres
--

ALTER TABLE ONLY public.ventas_llamada
    ADD CONSTRAINT ventas_llamada_pkey PRIMARY KEY (id);


--
-- Name: ventas_objecion ventas_objecion_pkey; Type: CONSTRAINT; Schema: public; Owner: postgres
--

ALTER TABLE ONLY public.ventas_objecion
    ADD CONSTRAINT ventas_objecion_pkey PRIMARY KEY (id);


--
-- Name: ventas_precio ventas_precio_pkey; Type: CONSTRAINT; Schema: public; Owner: postgres
--

ALTER TABLE ONLY public.ventas_precio
    ADD CONSTRAINT ventas_precio_pkey PRIMARY KEY (id);


--
-- Name: ventas_producto ventas_producto_codigo_key; Type: CONSTRAINT; Schema: public; Owner: postgres
--

ALTER TABLE ONLY public.ventas_producto
    ADD CONSTRAINT ventas_producto_codigo_key UNIQUE (codigo);


--
-- Name: ventas_producto ventas_producto_pkey; Type: CONSTRAINT; Schema: public; Owner: postgres
--

ALTER TABLE ONLY public.ventas_producto
    ADD CONSTRAINT ventas_producto_pkey PRIMARY KEY (id);


--
-- Name: ventas_proyectotipoproducto ventas_proyectotipoproducto_pkey; Type: CONSTRAINT; Schema: public; Owner: postgres
--

ALTER TABLE ONLY public.ventas_proyectotipoproducto
    ADD CONSTRAINT ventas_proyectotipoproducto_pkey PRIMARY KEY (id);


--
-- Name: ventas_tipocotizacion ventas_tipocotizacion_pkey; Type: CONSTRAINT; Schema: public; Owner: postgres
--

ALTER TABLE ONLY public.ventas_tipocotizacion
    ADD CONSTRAINT ventas_tipocotizacion_pkey PRIMARY KEY (id);


--
-- Name: ventas_tipocuota ventas_tipocuota_pkey; Type: CONSTRAINT; Schema: public; Owner: postgres
--

ALTER TABLE ONLY public.ventas_tipocuota
    ADD CONSTRAINT ventas_tipocuota_pkey PRIMARY KEY (id);


--
-- Name: ventas_tipoevento ventas_tipoevento_pkey; Type: CONSTRAINT; Schema: public; Owner: postgres
--

ALTER TABLE ONLY public.ventas_tipoevento
    ADD CONSTRAINT ventas_tipoevento_pkey PRIMARY KEY (id);


--
-- Name: ventas_tipoproducto ventas_tipoproducto_pkey; Type: CONSTRAINT; Schema: public; Owner: postgres
--

ALTER TABLE ONLY public.ventas_tipoproducto
    ADD CONSTRAINT ventas_tipoproducto_pkey PRIMARY KEY (id);


--
-- Name: ventas_whatsapp ventas_whatsapp_pkey; Type: CONSTRAINT; Schema: public; Owner: postgres
--

ALTER TABLE ONLY public.ventas_whatsapp
    ADD CONSTRAINT ventas_whatsapp_pkey PRIMARY KEY (id);


--
-- Name: auth_group_name_a6ea08ec_like; Type: INDEX; Schema: public; Owner: postgres
--

CREATE INDEX auth_group_name_a6ea08ec_like ON public.auth_group USING btree (name varchar_pattern_ops);


--
-- Name: auth_group_permissions_group_id_b120cbf9; Type: INDEX; Schema: public; Owner: postgres
--

CREATE INDEX auth_group_permissions_group_id_b120cbf9 ON public.auth_group_permissions USING btree (group_id);


--
-- Name: auth_group_permissions_permission_id_84c5c92e; Type: INDEX; Schema: public; Owner: postgres
--

CREATE INDEX auth_group_permissions_permission_id_84c5c92e ON public.auth_group_permissions USING btree (permission_id);


--
-- Name: auth_permission_content_type_id_2f476e4b; Type: INDEX; Schema: public; Owner: postgres
--

CREATE INDEX auth_permission_content_type_id_2f476e4b ON public.auth_permission USING btree (content_type_id);


--
-- Name: cuenta_estadoregistro_estado_97a7a969_like; Type: INDEX; Schema: public; Owner: postgres
--

CREATE INDEX cuenta_estadoregistro_estado_97a7a969_like ON public.cuenta_estadoregistro USING btree (estado varchar_pattern_ops);


--
-- Name: cuenta_modulo_contentType_id_2a61d120; Type: INDEX; Schema: public; Owner: postgres
--

CREATE INDEX "cuenta_modulo_contentType_id_2a61d120" ON public.cuenta_modulo USING btree ("contentType_id");


--
-- Name: cuenta_modulo_estado_id_5859d6c7; Type: INDEX; Schema: public; Owner: postgres
--

CREATE INDEX cuenta_modulo_estado_id_5859d6c7 ON public.cuenta_modulo USING btree (estado_id);


--
-- Name: cuenta_modulo_estado_id_5859d6c7_like; Type: INDEX; Schema: public; Owner: postgres
--

CREATE INDEX cuenta_modulo_estado_id_5859d6c7_like ON public.cuenta_modulo USING btree (estado_id varchar_pattern_ops);


--
-- Name: cuenta_user_codigoAsesor_0db83882_like; Type: INDEX; Schema: public; Owner: postgres
--

CREATE INDEX "cuenta_user_codigoAsesor_0db83882_like" ON public.cuenta_user USING btree ("codigoAsesor" varchar_pattern_ops);


--
-- Name: cuenta_user_estado_id_d5a492ba; Type: INDEX; Schema: public; Owner: postgres
--

CREATE INDEX cuenta_user_estado_id_d5a492ba ON public.cuenta_user USING btree (estado_id);


--
-- Name: cuenta_user_estado_id_d5a492ba_like; Type: INDEX; Schema: public; Owner: postgres
--

CREATE INDEX cuenta_user_estado_id_d5a492ba_like ON public.cuenta_user USING btree (estado_id varchar_pattern_ops);


--
-- Name: cuenta_user_groups_group_id_cf2ca9f2; Type: INDEX; Schema: public; Owner: postgres
--

CREATE INDEX cuenta_user_groups_group_id_cf2ca9f2 ON public.cuenta_user_groups USING btree (group_id);


--
-- Name: cuenta_user_groups_user_id_70f894f5; Type: INDEX; Schema: public; Owner: postgres
--

CREATE INDEX cuenta_user_groups_user_id_70f894f5 ON public.cuenta_user_groups USING btree (user_id);


--
-- Name: cuenta_user_proyecto_id_ba17dd54; Type: INDEX; Schema: public; Owner: postgres
--

CREATE INDEX cuenta_user_proyecto_id_ba17dd54 ON public.cuenta_user USING btree (proyecto_id);


--
-- Name: cuenta_user_user_permissions_permission_id_401431f5; Type: INDEX; Schema: public; Owner: postgres
--

CREATE INDEX cuenta_user_user_permissions_permission_id_401431f5 ON public.cuenta_user_user_permissions USING btree (permission_id);


--
-- Name: cuenta_user_user_permissions_user_id_7b5627c2; Type: INDEX; Schema: public; Owner: postgres
--

CREATE INDEX cuenta_user_user_permissions_user_id_7b5627c2 ON public.cuenta_user_user_permissions USING btree (user_id);


--
-- Name: cuenta_user_username_7a232732_like; Type: INDEX; Schema: public; Owner: postgres
--

CREATE INDEX cuenta_user_username_7a232732_like ON public.cuenta_user USING btree (username varchar_pattern_ops);


--
-- Name: django_admin_log_content_type_id_c4bce8eb; Type: INDEX; Schema: public; Owner: postgres
--

CREATE INDEX django_admin_log_content_type_id_c4bce8eb ON public.django_admin_log USING btree (content_type_id);


--
-- Name: django_admin_log_user_id_c564eba6; Type: INDEX; Schema: public; Owner: postgres
--

CREATE INDEX django_admin_log_user_id_c564eba6 ON public.django_admin_log USING btree (user_id);


--
-- Name: django_session_expire_date_a5c62663; Type: INDEX; Schema: public; Owner: postgres
--

CREATE INDEX django_session_expire_date_a5c62663 ON public.django_session USING btree (expire_date);


--
-- Name: django_session_session_key_c0390e0f_like; Type: INDEX; Schema: public; Owner: postgres
--

CREATE INDEX django_session_session_key_c0390e0f_like ON public.django_session USING btree (session_key varchar_pattern_ops);


--
-- Name: marketing_campania_categoria_id_947d87f4; Type: INDEX; Schema: public; Owner: postgres
--

CREATE INDEX marketing_campania_categoria_id_947d87f4 ON public.marketing_campania USING btree (categoria_id);


--
-- Name: marketing_campania_codigo_3ca493fd_like; Type: INDEX; Schema: public; Owner: postgres
--

CREATE INDEX marketing_campania_codigo_3ca493fd_like ON public.marketing_campania USING btree (codigo varchar_pattern_ops);


--
-- Name: marketing_campania_estado_id_8af5896d; Type: INDEX; Schema: public; Owner: postgres
--

CREATE INDEX marketing_campania_estado_id_8af5896d ON public.marketing_campania USING btree (estado_id);


--
-- Name: marketing_campania_estado_id_8af5896d_like; Type: INDEX; Schema: public; Owner: postgres
--

CREATE INDEX marketing_campania_estado_id_8af5896d_like ON public.marketing_campania USING btree (estado_id varchar_pattern_ops);


--
-- Name: marketing_campania_proyecto_id_c61271da; Type: INDEX; Schema: public; Owner: postgres
--

CREATE INDEX marketing_campania_proyecto_id_c61271da ON public.marketing_campania USING btree (proyecto_id);


--
-- Name: marketing_campania_usuarioActualizador_id_26cc158f; Type: INDEX; Schema: public; Owner: postgres
--

CREATE INDEX "marketing_campania_usuarioActualizador_id_26cc158f" ON public.marketing_campania USING btree ("usuarioActualizador_id");


--
-- Name: marketing_campania_usuarioCreador_id_cc3ec0ac; Type: INDEX; Schema: public; Owner: postgres
--

CREATE INDEX "marketing_campania_usuarioCreador_id_cc3ec0ac" ON public.marketing_campania USING btree ("usuarioCreador_id");


--
-- Name: marketing_categoria_estado_id_0601d1ae; Type: INDEX; Schema: public; Owner: postgres
--

CREATE INDEX marketing_categoria_estado_id_0601d1ae ON public.marketing_categoria USING btree (estado_id);


--
-- Name: marketing_categoria_estado_id_0601d1ae_like; Type: INDEX; Schema: public; Owner: postgres
--

CREATE INDEX marketing_categoria_estado_id_0601d1ae_like ON public.marketing_categoria USING btree (estado_id varchar_pattern_ops);


--
-- Name: marketing_proyecto_estado_id_a4076a2a; Type: INDEX; Schema: public; Owner: postgres
--

CREATE INDEX marketing_proyecto_estado_id_a4076a2a ON public.marketing_proyecto USING btree (estado_id);


--
-- Name: marketing_proyecto_estado_id_a4076a2a_like; Type: INDEX; Schema: public; Owner: postgres
--

CREATE INDEX marketing_proyecto_estado_id_a4076a2a_like ON public.marketing_proyecto USING btree (estado_id varchar_pattern_ops);


--
-- Name: marketing_proyecto_usuarioActualizador_id_798e545a; Type: INDEX; Schema: public; Owner: postgres
--

CREATE INDEX "marketing_proyecto_usuarioActualizador_id_798e545a" ON public.marketing_proyecto USING btree ("usuarioActualizador_id");


--
-- Name: marketing_proyecto_usuarioCreador_id_c864e0fc; Type: INDEX; Schema: public; Owner: postgres
--

CREATE INDEX "marketing_proyecto_usuarioCreador_id_c864e0fc" ON public.marketing_proyecto USING btree ("usuarioCreador_id");


--
-- Name: token_blacklist_outstandingtoken_jti_hex_d9bdf6f7_like; Type: INDEX; Schema: public; Owner: postgres
--

CREATE INDEX token_blacklist_outstandingtoken_jti_hex_d9bdf6f7_like ON public.token_blacklist_outstandingtoken USING btree (jti varchar_pattern_ops);


--
-- Name: token_blacklist_outstandingtoken_user_id_83bc629a; Type: INDEX; Schema: public; Owner: postgres
--

CREATE INDEX token_blacklist_outstandingtoken_user_id_83bc629a ON public.token_blacklist_outstandingtoken USING btree (user_id);


--
-- Name: ventas_cotizacion_estado_id_4c03ed64; Type: INDEX; Schema: public; Owner: postgres
--

CREATE INDEX ventas_cotizacion_estado_id_4c03ed64 ON public.ventas_cotizacion USING btree (estado_id);


--
-- Name: ventas_cotizacion_estado_id_4c03ed64_like; Type: INDEX; Schema: public; Owner: postgres
--

CREATE INDEX ventas_cotizacion_estado_id_4c03ed64_like ON public.ventas_cotizacion USING btree (estado_id varchar_pattern_ops);


--
-- Name: ventas_cotizacion_proyecto_id_5133ce3a; Type: INDEX; Schema: public; Owner: postgres
--

CREATE INDEX ventas_cotizacion_proyecto_id_5133ce3a ON public.ventas_cotizacion USING btree (proyecto_id);


--
-- Name: ventas_cotizacion_tipo_id_76158ba5; Type: INDEX; Schema: public; Owner: postgres
--

CREATE INDEX ventas_cotizacion_tipo_id_76158ba5 ON public.ventas_cotizacion USING btree (tipo_id);


--
-- Name: ventas_cuota_cotizacion_id_03c69e16; Type: INDEX; Schema: public; Owner: postgres
--

CREATE INDEX ventas_cuota_cotizacion_id_03c69e16 ON public.ventas_cuota USING btree (cotizacion_id);


--
-- Name: ventas_cuota_estado_id_7e2e6470; Type: INDEX; Schema: public; Owner: postgres
--

CREATE INDEX ventas_cuota_estado_id_7e2e6470 ON public.ventas_cuota USING btree (estado_id);


--
-- Name: ventas_cuota_estado_id_7e2e6470_like; Type: INDEX; Schema: public; Owner: postgres
--

CREATE INDEX ventas_cuota_estado_id_7e2e6470_like ON public.ventas_cuota USING btree (estado_id varchar_pattern_ops);


--
-- Name: ventas_cuota_tipo_id_7ef78424; Type: INDEX; Schema: public; Owner: postgres
--

CREATE INDEX ventas_cuota_tipo_id_7ef78424 ON public.ventas_cuota USING btree (tipo_id);


--
-- Name: ventas_estadolead_estado_id_bb594f1b; Type: INDEX; Schema: public; Owner: postgres
--

CREATE INDEX ventas_estadolead_estado_id_bb594f1b ON public.ventas_estadolead USING btree (estado_id);


--
-- Name: ventas_estadolead_estado_id_bb594f1b_like; Type: INDEX; Schema: public; Owner: postgres
--

CREATE INDEX ventas_estadolead_estado_id_bb594f1b_like ON public.ventas_estadolead USING btree (estado_id varchar_pattern_ops);


--
-- Name: ventas_estadolead_nombre_70866519_like; Type: INDEX; Schema: public; Owner: postgres
--

CREATE INDEX ventas_estadolead_nombre_70866519_like ON public.ventas_estadolead USING btree (nombre varchar_pattern_ops);


--
-- Name: ventas_evento_asesor_id_ea375381; Type: INDEX; Schema: public; Owner: postgres
--

CREATE INDEX ventas_evento_asesor_id_ea375381 ON public.ventas_evento USING btree (asesor_id);


--
-- Name: ventas_evento_estado_id_e829db5d; Type: INDEX; Schema: public; Owner: postgres
--

CREATE INDEX ventas_evento_estado_id_e829db5d ON public.ventas_evento USING btree (estado_id);


--
-- Name: ventas_evento_estado_id_e829db5d_like; Type: INDEX; Schema: public; Owner: postgres
--

CREATE INDEX ventas_evento_estado_id_e829db5d_like ON public.ventas_evento USING btree (estado_id varchar_pattern_ops);


--
-- Name: ventas_evento_lead_id_08e70c93; Type: INDEX; Schema: public; Owner: postgres
--

CREATE INDEX ventas_evento_lead_id_08e70c93 ON public.ventas_evento USING btree (lead_id);


--
-- Name: ventas_evento_proyecto_id_5e65b7da; Type: INDEX; Schema: public; Owner: postgres
--

CREATE INDEX ventas_evento_proyecto_id_5e65b7da ON public.ventas_evento USING btree (proyecto_id);


--
-- Name: ventas_evento_tipo_id_78657756; Type: INDEX; Schema: public; Owner: postgres
--

CREATE INDEX ventas_evento_tipo_id_78657756 ON public.ventas_evento USING btree (tipo_id);


--
-- Name: ventas_evento_usuarioActualizador_id_88d7c969; Type: INDEX; Schema: public; Owner: postgres
--

CREATE INDEX "ventas_evento_usuarioActualizador_id_88d7c969" ON public.ventas_evento USING btree ("usuarioActualizador_id");


--
-- Name: ventas_evento_usuarioCreador_id_67d617c4; Type: INDEX; Schema: public; Owner: postgres
--

CREATE INDEX "ventas_evento_usuarioCreador_id_67d617c4" ON public.ventas_evento USING btree ("usuarioCreador_id");


--
-- Name: ventas_historicoleadasesor_lead_id_19bc7b14; Type: INDEX; Schema: public; Owner: postgres
--

CREATE INDEX ventas_historicoleadasesor_lead_id_19bc7b14 ON public.ventas_historicoleadasesor USING btree (lead_id);


--
-- Name: ventas_historicoleadasesor_usuario_id_88ac90e1; Type: INDEX; Schema: public; Owner: postgres
--

CREATE INDEX ventas_historicoleadasesor_usuario_id_88ac90e1 ON public.ventas_historicoleadasesor USING btree (usuario_id);


--
-- Name: ventas_lead_asesor_id_dd870e0e; Type: INDEX; Schema: public; Owner: postgres
--

CREATE INDEX ventas_lead_asesor_id_dd870e0e ON public.ventas_lead USING btree (asesor_id);


--
-- Name: ventas_lead_campania_id_f4e01b2b; Type: INDEX; Schema: public; Owner: postgres
--

CREATE INDEX ventas_lead_campania_id_f4e01b2b ON public.ventas_lead USING btree (campania_id);


--
-- Name: ventas_lead_estadoLead_id_d1be3161; Type: INDEX; Schema: public; Owner: postgres
--

CREATE INDEX "ventas_lead_estadoLead_id_d1be3161" ON public.ventas_lead USING btree ("estadoLead_id");


--
-- Name: ventas_lead_estadoLead_id_d1be3161_like; Type: INDEX; Schema: public; Owner: postgres
--

CREATE INDEX "ventas_lead_estadoLead_id_d1be3161_like" ON public.ventas_lead USING btree ("estadoLead_id" varchar_pattern_ops);


--
-- Name: ventas_lead_estado_id_54a193d0; Type: INDEX; Schema: public; Owner: postgres
--

CREATE INDEX ventas_lead_estado_id_54a193d0 ON public.ventas_lead USING btree (estado_id);


--
-- Name: ventas_lead_estado_id_54a193d0_like; Type: INDEX; Schema: public; Owner: postgres
--

CREATE INDEX ventas_lead_estado_id_54a193d0_like ON public.ventas_lead USING btree (estado_id varchar_pattern_ops);


--
-- Name: ventas_lead_objecion_id_0176a2b4; Type: INDEX; Schema: public; Owner: postgres
--

CREATE INDEX ventas_lead_objecion_id_0176a2b4 ON public.ventas_lead USING btree (objecion_id);


--
-- Name: ventas_lead_usuarioActualizador_id_a33040e6; Type: INDEX; Schema: public; Owner: postgres
--

CREATE INDEX "ventas_lead_usuarioActualizador_id_a33040e6" ON public.ventas_lead USING btree ("usuarioActualizador_id");


--
-- Name: ventas_lead_usuarioCreador_id_a34d2acb; Type: INDEX; Schema: public; Owner: postgres
--

CREATE INDEX "ventas_lead_usuarioCreador_id_a34d2acb" ON public.ventas_lead USING btree ("usuarioCreador_id");


--
-- Name: ventas_llamada_estado_id_0cfebce4; Type: INDEX; Schema: public; Owner: postgres
--

CREATE INDEX ventas_llamada_estado_id_0cfebce4 ON public.ventas_llamada USING btree (estado_id);


--
-- Name: ventas_llamada_estado_id_0cfebce4_like; Type: INDEX; Schema: public; Owner: postgres
--

CREATE INDEX ventas_llamada_estado_id_0cfebce4_like ON public.ventas_llamada USING btree (estado_id varchar_pattern_ops);


--
-- Name: ventas_llamada_lead_id_78d422d7; Type: INDEX; Schema: public; Owner: postgres
--

CREATE INDEX ventas_llamada_lead_id_78d422d7 ON public.ventas_llamada USING btree (lead_id);


--
-- Name: ventas_llamada_usuarioActualizador_id_53da2ff0; Type: INDEX; Schema: public; Owner: postgres
--

CREATE INDEX "ventas_llamada_usuarioActualizador_id_53da2ff0" ON public.ventas_llamada USING btree ("usuarioActualizador_id");


--
-- Name: ventas_llamada_usuarioCreador_id_c5f588ab; Type: INDEX; Schema: public; Owner: postgres
--

CREATE INDEX "ventas_llamada_usuarioCreador_id_c5f588ab" ON public.ventas_llamada USING btree ("usuarioCreador_id");


--
-- Name: ventas_objecion_estado_id_e3665317; Type: INDEX; Schema: public; Owner: postgres
--

CREATE INDEX ventas_objecion_estado_id_e3665317 ON public.ventas_objecion USING btree (estado_id);


--
-- Name: ventas_objecion_estado_id_e3665317_like; Type: INDEX; Schema: public; Owner: postgres
--

CREATE INDEX ventas_objecion_estado_id_e3665317_like ON public.ventas_objecion USING btree (estado_id varchar_pattern_ops);


--
-- Name: ventas_precio_cotizacion_id_723444f0; Type: INDEX; Schema: public; Owner: postgres
--

CREATE INDEX ventas_precio_cotizacion_id_723444f0 ON public.ventas_precio USING btree (cotizacion_id);


--
-- Name: ventas_precio_estado_id_0c23bcdc; Type: INDEX; Schema: public; Owner: postgres
--

CREATE INDEX ventas_precio_estado_id_0c23bcdc ON public.ventas_precio USING btree (estado_id);


--
-- Name: ventas_precio_estado_id_0c23bcdc_like; Type: INDEX; Schema: public; Owner: postgres
--

CREATE INDEX ventas_precio_estado_id_0c23bcdc_like ON public.ventas_precio USING btree (estado_id varchar_pattern_ops);


--
-- Name: ventas_precio_tipoProducto_id_db5855af; Type: INDEX; Schema: public; Owner: postgres
--

CREATE INDEX "ventas_precio_tipoProducto_id_db5855af" ON public.ventas_precio USING btree ("tipoProducto_id");


--
-- Name: ventas_producto_codigo_7c2d1be4_like; Type: INDEX; Schema: public; Owner: postgres
--

CREATE INDEX ventas_producto_codigo_7c2d1be4_like ON public.ventas_producto USING btree (codigo varchar_pattern_ops);


--
-- Name: ventas_producto_estado_id_24db19a3; Type: INDEX; Schema: public; Owner: postgres
--

CREATE INDEX ventas_producto_estado_id_24db19a3 ON public.ventas_producto USING btree (estado_id);


--
-- Name: ventas_producto_estado_id_24db19a3_like; Type: INDEX; Schema: public; Owner: postgres
--

CREATE INDEX ventas_producto_estado_id_24db19a3_like ON public.ventas_producto USING btree (estado_id varchar_pattern_ops);


--
-- Name: ventas_producto_proyecto_id_50e7196a; Type: INDEX; Schema: public; Owner: postgres
--

CREATE INDEX ventas_producto_proyecto_id_50e7196a ON public.ventas_producto USING btree (proyecto_id);


--
-- Name: ventas_producto_tipo_id_12a8cb82; Type: INDEX; Schema: public; Owner: postgres
--

CREATE INDEX ventas_producto_tipo_id_12a8cb82 ON public.ventas_producto USING btree (tipo_id);


--
-- Name: ventas_producto_usuarioActualizador_id_71ae7343; Type: INDEX; Schema: public; Owner: postgres
--

CREATE INDEX "ventas_producto_usuarioActualizador_id_71ae7343" ON public.ventas_producto USING btree ("usuarioActualizador_id");


--
-- Name: ventas_producto_usuarioCreador_id_69bcb9f9; Type: INDEX; Schema: public; Owner: postgres
--

CREATE INDEX "ventas_producto_usuarioCreador_id_69bcb9f9" ON public.ventas_producto USING btree ("usuarioCreador_id");


--
-- Name: ventas_proyectotipoproducto_proyecto_id_49eff36f; Type: INDEX; Schema: public; Owner: postgres
--

CREATE INDEX ventas_proyectotipoproducto_proyecto_id_49eff36f ON public.ventas_proyectotipoproducto USING btree (proyecto_id);


--
-- Name: ventas_proyectotipoproducto_tipo_producto_id_8af26c72; Type: INDEX; Schema: public; Owner: postgres
--

CREATE INDEX ventas_proyectotipoproducto_tipo_producto_id_8af26c72 ON public.ventas_proyectotipoproducto USING btree (tipo_producto_id);


--
-- Name: ventas_tipocotizacion_estado_id_65417f55; Type: INDEX; Schema: public; Owner: postgres
--

CREATE INDEX ventas_tipocotizacion_estado_id_65417f55 ON public.ventas_tipocotizacion USING btree (estado_id);


--
-- Name: ventas_tipocotizacion_estado_id_65417f55_like; Type: INDEX; Schema: public; Owner: postgres
--

CREATE INDEX ventas_tipocotizacion_estado_id_65417f55_like ON public.ventas_tipocotizacion USING btree (estado_id varchar_pattern_ops);


--
-- Name: ventas_tipocuota_estado_id_9266ec5f; Type: INDEX; Schema: public; Owner: postgres
--

CREATE INDEX ventas_tipocuota_estado_id_9266ec5f ON public.ventas_tipocuota USING btree (estado_id);


--
-- Name: ventas_tipocuota_estado_id_9266ec5f_like; Type: INDEX; Schema: public; Owner: postgres
--

CREATE INDEX ventas_tipocuota_estado_id_9266ec5f_like ON public.ventas_tipocuota USING btree (estado_id varchar_pattern_ops);


--
-- Name: ventas_tipoevento_estado_id_9c7fb81b; Type: INDEX; Schema: public; Owner: postgres
--

CREATE INDEX ventas_tipoevento_estado_id_9c7fb81b ON public.ventas_tipoevento USING btree (estado_id);


--
-- Name: ventas_tipoevento_estado_id_9c7fb81b_like; Type: INDEX; Schema: public; Owner: postgres
--

CREATE INDEX ventas_tipoevento_estado_id_9c7fb81b_like ON public.ventas_tipoevento USING btree (estado_id varchar_pattern_ops);


--
-- Name: ventas_tipoproducto_estado_id_34c73ef0; Type: INDEX; Schema: public; Owner: postgres
--

CREATE INDEX ventas_tipoproducto_estado_id_34c73ef0 ON public.ventas_tipoproducto USING btree (estado_id);


--
-- Name: ventas_tipoproducto_estado_id_34c73ef0_like; Type: INDEX; Schema: public; Owner: postgres
--

CREATE INDEX ventas_tipoproducto_estado_id_34c73ef0_like ON public.ventas_tipoproducto USING btree (estado_id varchar_pattern_ops);


--
-- Name: ventas_whatsapp_estado_id_6e36a6d1; Type: INDEX; Schema: public; Owner: postgres
--

CREATE INDEX ventas_whatsapp_estado_id_6e36a6d1 ON public.ventas_whatsapp USING btree (estado_id);


--
-- Name: ventas_whatsapp_estado_id_6e36a6d1_like; Type: INDEX; Schema: public; Owner: postgres
--

CREATE INDEX ventas_whatsapp_estado_id_6e36a6d1_like ON public.ventas_whatsapp USING btree (estado_id varchar_pattern_ops);


--
-- Name: ventas_whatsapp_lead_id_49f8bd1e; Type: INDEX; Schema: public; Owner: postgres
--

CREATE INDEX ventas_whatsapp_lead_id_49f8bd1e ON public.ventas_whatsapp USING btree (lead_id);


--
-- Name: ventas_whatsapp_usuarioActualizador_id_1d344f29; Type: INDEX; Schema: public; Owner: postgres
--

CREATE INDEX "ventas_whatsapp_usuarioActualizador_id_1d344f29" ON public.ventas_whatsapp USING btree ("usuarioActualizador_id");


--
-- Name: ventas_whatsapp_usuarioCreador_id_b47920f5; Type: INDEX; Schema: public; Owner: postgres
--

CREATE INDEX "ventas_whatsapp_usuarioCreador_id_b47920f5" ON public.ventas_whatsapp USING btree ("usuarioCreador_id");


--
-- Name: auth_group_permissions auth_group_permissio_permission_id_84c5c92e_fk_auth_perm; Type: FK CONSTRAINT; Schema: public; Owner: postgres
--

ALTER TABLE ONLY public.auth_group_permissions
    ADD CONSTRAINT auth_group_permissio_permission_id_84c5c92e_fk_auth_perm FOREIGN KEY (permission_id) REFERENCES public.auth_permission(id) DEFERRABLE INITIALLY DEFERRED;


--
-- Name: auth_group_permissions auth_group_permissions_group_id_b120cbf9_fk_auth_group_id; Type: FK CONSTRAINT; Schema: public; Owner: postgres
--

ALTER TABLE ONLY public.auth_group_permissions
    ADD CONSTRAINT auth_group_permissions_group_id_b120cbf9_fk_auth_group_id FOREIGN KEY (group_id) REFERENCES public.auth_group(id) DEFERRABLE INITIALLY DEFERRED;


--
-- Name: auth_permission auth_permission_content_type_id_2f476e4b_fk_django_co; Type: FK CONSTRAINT; Schema: public; Owner: postgres
--

ALTER TABLE ONLY public.auth_permission
    ADD CONSTRAINT auth_permission_content_type_id_2f476e4b_fk_django_co FOREIGN KEY (content_type_id) REFERENCES public.django_content_type(id) DEFERRABLE INITIALLY DEFERRED;


--
-- Name: cuenta_modulo cuenta_modulo_contentType_id_2a61d120_fk_django_content_type_id; Type: FK CONSTRAINT; Schema: public; Owner: postgres
--

ALTER TABLE ONLY public.cuenta_modulo
    ADD CONSTRAINT "cuenta_modulo_contentType_id_2a61d120_fk_django_content_type_id" FOREIGN KEY ("contentType_id") REFERENCES public.django_content_type(id) DEFERRABLE INITIALLY DEFERRED;


--
-- Name: cuenta_modulo cuenta_modulo_estado_id_5859d6c7_fk_cuenta_es; Type: FK CONSTRAINT; Schema: public; Owner: postgres
--

ALTER TABLE ONLY public.cuenta_modulo
    ADD CONSTRAINT cuenta_modulo_estado_id_5859d6c7_fk_cuenta_es FOREIGN KEY (estado_id) REFERENCES public.cuenta_estadoregistro(estado) DEFERRABLE INITIALLY DEFERRED;


--
-- Name: cuenta_user cuenta_user_estado_id_d5a492ba_fk_cuenta_estadoregistro_estado; Type: FK CONSTRAINT; Schema: public; Owner: postgres
--

ALTER TABLE ONLY public.cuenta_user
    ADD CONSTRAINT cuenta_user_estado_id_d5a492ba_fk_cuenta_estadoregistro_estado FOREIGN KEY (estado_id) REFERENCES public.cuenta_estadoregistro(estado) DEFERRABLE INITIALLY DEFERRED;


--
-- Name: cuenta_user_groups cuenta_user_groups_group_id_cf2ca9f2_fk_auth_group_id; Type: FK CONSTRAINT; Schema: public; Owner: postgres
--

ALTER TABLE ONLY public.cuenta_user_groups
    ADD CONSTRAINT cuenta_user_groups_group_id_cf2ca9f2_fk_auth_group_id FOREIGN KEY (group_id) REFERENCES public.auth_group(id) DEFERRABLE INITIALLY DEFERRED;


--
-- Name: cuenta_user_groups cuenta_user_groups_user_id_70f894f5_fk_cuenta_user_id; Type: FK CONSTRAINT; Schema: public; Owner: postgres
--

ALTER TABLE ONLY public.cuenta_user_groups
    ADD CONSTRAINT cuenta_user_groups_user_id_70f894f5_fk_cuenta_user_id FOREIGN KEY (user_id) REFERENCES public.cuenta_user(id) DEFERRABLE INITIALLY DEFERRED;


--
-- Name: cuenta_user cuenta_user_proyecto_id_ba17dd54_fk_marketing_proyecto_id; Type: FK CONSTRAINT; Schema: public; Owner: postgres
--

ALTER TABLE ONLY public.cuenta_user
    ADD CONSTRAINT cuenta_user_proyecto_id_ba17dd54_fk_marketing_proyecto_id FOREIGN KEY (proyecto_id) REFERENCES public.marketing_proyecto(id) DEFERRABLE INITIALLY DEFERRED;


--
-- Name: cuenta_user_user_permissions cuenta_user_user_per_permission_id_401431f5_fk_auth_perm; Type: FK CONSTRAINT; Schema: public; Owner: postgres
--

ALTER TABLE ONLY public.cuenta_user_user_permissions
    ADD CONSTRAINT cuenta_user_user_per_permission_id_401431f5_fk_auth_perm FOREIGN KEY (permission_id) REFERENCES public.auth_permission(id) DEFERRABLE INITIALLY DEFERRED;


--
-- Name: cuenta_user_user_permissions cuenta_user_user_permissions_user_id_7b5627c2_fk_cuenta_user_id; Type: FK CONSTRAINT; Schema: public; Owner: postgres
--

ALTER TABLE ONLY public.cuenta_user_user_permissions
    ADD CONSTRAINT cuenta_user_user_permissions_user_id_7b5627c2_fk_cuenta_user_id FOREIGN KEY (user_id) REFERENCES public.cuenta_user(id) DEFERRABLE INITIALLY DEFERRED;


--
-- Name: django_admin_log django_admin_log_content_type_id_c4bce8eb_fk_django_co; Type: FK CONSTRAINT; Schema: public; Owner: postgres
--

ALTER TABLE ONLY public.django_admin_log
    ADD CONSTRAINT django_admin_log_content_type_id_c4bce8eb_fk_django_co FOREIGN KEY (content_type_id) REFERENCES public.django_content_type(id) DEFERRABLE INITIALLY DEFERRED;


--
-- Name: django_admin_log django_admin_log_user_id_c564eba6_fk_cuenta_user_id; Type: FK CONSTRAINT; Schema: public; Owner: postgres
--

ALTER TABLE ONLY public.django_admin_log
    ADD CONSTRAINT django_admin_log_user_id_c564eba6_fk_cuenta_user_id FOREIGN KEY (user_id) REFERENCES public.cuenta_user(id) DEFERRABLE INITIALLY DEFERRED;


--
-- Name: marketing_campania marketing_campania_categoria_id_947d87f4_fk_marketing; Type: FK CONSTRAINT; Schema: public; Owner: postgres
--

ALTER TABLE ONLY public.marketing_campania
    ADD CONSTRAINT marketing_campania_categoria_id_947d87f4_fk_marketing FOREIGN KEY (categoria_id) REFERENCES public.marketing_categoria(id) DEFERRABLE INITIALLY DEFERRED;


--
-- Name: marketing_campania marketing_campania_estado_id_8af5896d_fk_cuenta_es; Type: FK CONSTRAINT; Schema: public; Owner: postgres
--

ALTER TABLE ONLY public.marketing_campania
    ADD CONSTRAINT marketing_campania_estado_id_8af5896d_fk_cuenta_es FOREIGN KEY (estado_id) REFERENCES public.cuenta_estadoregistro(estado) DEFERRABLE INITIALLY DEFERRED;


--
-- Name: marketing_campania marketing_campania_proyecto_id_c61271da_fk_marketing; Type: FK CONSTRAINT; Schema: public; Owner: postgres
--

ALTER TABLE ONLY public.marketing_campania
    ADD CONSTRAINT marketing_campania_proyecto_id_c61271da_fk_marketing FOREIGN KEY (proyecto_id) REFERENCES public.marketing_proyecto(id) DEFERRABLE INITIALLY DEFERRED;


--
-- Name: marketing_campania marketing_campania_usuarioActualizador__26cc158f_fk_cuenta_us; Type: FK CONSTRAINT; Schema: public; Owner: postgres
--

ALTER TABLE ONLY public.marketing_campania
    ADD CONSTRAINT "marketing_campania_usuarioActualizador__26cc158f_fk_cuenta_us" FOREIGN KEY ("usuarioActualizador_id") REFERENCES public.cuenta_user(id) DEFERRABLE INITIALLY DEFERRED;


--
-- Name: marketing_campania marketing_campania_usuarioCreador_id_cc3ec0ac_fk_cuenta_user_id; Type: FK CONSTRAINT; Schema: public; Owner: postgres
--

ALTER TABLE ONLY public.marketing_campania
    ADD CONSTRAINT "marketing_campania_usuarioCreador_id_cc3ec0ac_fk_cuenta_user_id" FOREIGN KEY ("usuarioCreador_id") REFERENCES public.cuenta_user(id) DEFERRABLE INITIALLY DEFERRED;


--
-- Name: marketing_categoria marketing_categoria_estado_id_0601d1ae_fk_cuenta_es; Type: FK CONSTRAINT; Schema: public; Owner: postgres
--

ALTER TABLE ONLY public.marketing_categoria
    ADD CONSTRAINT marketing_categoria_estado_id_0601d1ae_fk_cuenta_es FOREIGN KEY (estado_id) REFERENCES public.cuenta_estadoregistro(estado) DEFERRABLE INITIALLY DEFERRED;


--
-- Name: marketing_proyecto marketing_proyecto_estado_id_a4076a2a_fk_cuenta_es; Type: FK CONSTRAINT; Schema: public; Owner: postgres
--

ALTER TABLE ONLY public.marketing_proyecto
    ADD CONSTRAINT marketing_proyecto_estado_id_a4076a2a_fk_cuenta_es FOREIGN KEY (estado_id) REFERENCES public.cuenta_estadoregistro(estado) DEFERRABLE INITIALLY DEFERRED;


--
-- Name: marketing_proyecto marketing_proyecto_usuarioActualizador__798e545a_fk_cuenta_us; Type: FK CONSTRAINT; Schema: public; Owner: postgres
--

ALTER TABLE ONLY public.marketing_proyecto
    ADD CONSTRAINT "marketing_proyecto_usuarioActualizador__798e545a_fk_cuenta_us" FOREIGN KEY ("usuarioActualizador_id") REFERENCES public.cuenta_user(id) DEFERRABLE INITIALLY DEFERRED;


--
-- Name: marketing_proyecto marketing_proyecto_usuarioCreador_id_c864e0fc_fk_cuenta_user_id; Type: FK CONSTRAINT; Schema: public; Owner: postgres
--

ALTER TABLE ONLY public.marketing_proyecto
    ADD CONSTRAINT "marketing_proyecto_usuarioCreador_id_c864e0fc_fk_cuenta_user_id" FOREIGN KEY ("usuarioCreador_id") REFERENCES public.cuenta_user(id) DEFERRABLE INITIALLY DEFERRED;


--
-- Name: token_blacklist_blacklistedtoken token_blacklist_blacklistedtoken_token_id_3cc7fe56_fk; Type: FK CONSTRAINT; Schema: public; Owner: postgres
--

ALTER TABLE ONLY public.token_blacklist_blacklistedtoken
    ADD CONSTRAINT token_blacklist_blacklistedtoken_token_id_3cc7fe56_fk FOREIGN KEY (token_id) REFERENCES public.token_blacklist_outstandingtoken(id) DEFERRABLE INITIALLY DEFERRED;


--
-- Name: token_blacklist_outstandingtoken token_blacklist_outs_user_id_83bc629a_fk_cuenta_us; Type: FK CONSTRAINT; Schema: public; Owner: postgres
--

ALTER TABLE ONLY public.token_blacklist_outstandingtoken
    ADD CONSTRAINT token_blacklist_outs_user_id_83bc629a_fk_cuenta_us FOREIGN KEY (user_id) REFERENCES public.cuenta_user(id) DEFERRABLE INITIALLY DEFERRED;


--
-- Name: ventas_cotizacion ventas_cotizacion_estado_id_4c03ed64_fk_cuenta_es; Type: FK CONSTRAINT; Schema: public; Owner: postgres
--

ALTER TABLE ONLY public.ventas_cotizacion
    ADD CONSTRAINT ventas_cotizacion_estado_id_4c03ed64_fk_cuenta_es FOREIGN KEY (estado_id) REFERENCES public.cuenta_estadoregistro(estado) DEFERRABLE INITIALLY DEFERRED;


--
-- Name: ventas_cotizacion ventas_cotizacion_proyecto_id_5133ce3a_fk_marketing_proyecto_id; Type: FK CONSTRAINT; Schema: public; Owner: postgres
--

ALTER TABLE ONLY public.ventas_cotizacion
    ADD CONSTRAINT ventas_cotizacion_proyecto_id_5133ce3a_fk_marketing_proyecto_id FOREIGN KEY (proyecto_id) REFERENCES public.marketing_proyecto(id) DEFERRABLE INITIALLY DEFERRED;


--
-- Name: ventas_cotizacion ventas_cotizacion_tipo_id_76158ba5_fk_ventas_tipocotizacion_id; Type: FK CONSTRAINT; Schema: public; Owner: postgres
--

ALTER TABLE ONLY public.ventas_cotizacion
    ADD CONSTRAINT ventas_cotizacion_tipo_id_76158ba5_fk_ventas_tipocotizacion_id FOREIGN KEY (tipo_id) REFERENCES public.ventas_tipocotizacion(id) DEFERRABLE INITIALLY DEFERRED;


--
-- Name: ventas_cuota ventas_cuota_cotizacion_id_03c69e16_fk_ventas_cotizacion_id; Type: FK CONSTRAINT; Schema: public; Owner: postgres
--

ALTER TABLE ONLY public.ventas_cuota
    ADD CONSTRAINT ventas_cuota_cotizacion_id_03c69e16_fk_ventas_cotizacion_id FOREIGN KEY (cotizacion_id) REFERENCES public.ventas_cotizacion(id) DEFERRABLE INITIALLY DEFERRED;


--
-- Name: ventas_cuota ventas_cuota_estado_id_7e2e6470_fk_cuenta_estadoregistro_estado; Type: FK CONSTRAINT; Schema: public; Owner: postgres
--

ALTER TABLE ONLY public.ventas_cuota
    ADD CONSTRAINT ventas_cuota_estado_id_7e2e6470_fk_cuenta_estadoregistro_estado FOREIGN KEY (estado_id) REFERENCES public.cuenta_estadoregistro(estado) DEFERRABLE INITIALLY DEFERRED;


--
-- Name: ventas_cuota ventas_cuota_tipo_id_7ef78424_fk_ventas_tipocuota_id; Type: FK CONSTRAINT; Schema: public; Owner: postgres
--

ALTER TABLE ONLY public.ventas_cuota
    ADD CONSTRAINT ventas_cuota_tipo_id_7ef78424_fk_ventas_tipocuota_id FOREIGN KEY (tipo_id) REFERENCES public.ventas_tipocuota(id) DEFERRABLE INITIALLY DEFERRED;


--
-- Name: ventas_estadolead ventas_estadolead_estado_id_bb594f1b_fk_cuenta_es; Type: FK CONSTRAINT; Schema: public; Owner: postgres
--

ALTER TABLE ONLY public.ventas_estadolead
    ADD CONSTRAINT ventas_estadolead_estado_id_bb594f1b_fk_cuenta_es FOREIGN KEY (estado_id) REFERENCES public.cuenta_estadoregistro(estado) DEFERRABLE INITIALLY DEFERRED;


--
-- Name: ventas_evento ventas_evento_asesor_id_ea375381_fk_cuenta_user_id; Type: FK CONSTRAINT; Schema: public; Owner: postgres
--

ALTER TABLE ONLY public.ventas_evento
    ADD CONSTRAINT ventas_evento_asesor_id_ea375381_fk_cuenta_user_id FOREIGN KEY (asesor_id) REFERENCES public.cuenta_user(id) DEFERRABLE INITIALLY DEFERRED;


--
-- Name: ventas_evento ventas_evento_estado_id_e829db5d_fk_cuenta_es; Type: FK CONSTRAINT; Schema: public; Owner: postgres
--

ALTER TABLE ONLY public.ventas_evento
    ADD CONSTRAINT ventas_evento_estado_id_e829db5d_fk_cuenta_es FOREIGN KEY (estado_id) REFERENCES public.cuenta_estadoregistro(estado) DEFERRABLE INITIALLY DEFERRED;


--
-- Name: ventas_evento ventas_evento_lead_id_08e70c93_fk_ventas_lead_id; Type: FK CONSTRAINT; Schema: public; Owner: postgres
--

ALTER TABLE ONLY public.ventas_evento
    ADD CONSTRAINT ventas_evento_lead_id_08e70c93_fk_ventas_lead_id FOREIGN KEY (lead_id) REFERENCES public.ventas_lead(id) DEFERRABLE INITIALLY DEFERRED;


--
-- Name: ventas_evento ventas_evento_proyecto_id_5e65b7da_fk_marketing_proyecto_id; Type: FK CONSTRAINT; Schema: public; Owner: postgres
--

ALTER TABLE ONLY public.ventas_evento
    ADD CONSTRAINT ventas_evento_proyecto_id_5e65b7da_fk_marketing_proyecto_id FOREIGN KEY (proyecto_id) REFERENCES public.marketing_proyecto(id) DEFERRABLE INITIALLY DEFERRED;


--
-- Name: ventas_evento ventas_evento_tipo_id_78657756_fk_ventas_tipoevento_id; Type: FK CONSTRAINT; Schema: public; Owner: postgres
--

ALTER TABLE ONLY public.ventas_evento
    ADD CONSTRAINT ventas_evento_tipo_id_78657756_fk_ventas_tipoevento_id FOREIGN KEY (tipo_id) REFERENCES public.ventas_tipoevento(id) DEFERRABLE INITIALLY DEFERRED;


--
-- Name: ventas_evento ventas_evento_usuarioActualizador_id_88d7c969_fk_cuenta_user_id; Type: FK CONSTRAINT; Schema: public; Owner: postgres
--

ALTER TABLE ONLY public.ventas_evento
    ADD CONSTRAINT "ventas_evento_usuarioActualizador_id_88d7c969_fk_cuenta_user_id" FOREIGN KEY ("usuarioActualizador_id") REFERENCES public.cuenta_user(id) DEFERRABLE INITIALLY DEFERRED;


--
-- Name: ventas_evento ventas_evento_usuarioCreador_id_67d617c4_fk_cuenta_user_id; Type: FK CONSTRAINT; Schema: public; Owner: postgres
--

ALTER TABLE ONLY public.ventas_evento
    ADD CONSTRAINT "ventas_evento_usuarioCreador_id_67d617c4_fk_cuenta_user_id" FOREIGN KEY ("usuarioCreador_id") REFERENCES public.cuenta_user(id) DEFERRABLE INITIALLY DEFERRED;


--
-- Name: ventas_historicoleadasesor ventas_historicolead_usuario_id_88ac90e1_fk_cuenta_us; Type: FK CONSTRAINT; Schema: public; Owner: postgres
--

ALTER TABLE ONLY public.ventas_historicoleadasesor
    ADD CONSTRAINT ventas_historicolead_usuario_id_88ac90e1_fk_cuenta_us FOREIGN KEY (usuario_id) REFERENCES public.cuenta_user(id) DEFERRABLE INITIALLY DEFERRED;


--
-- Name: ventas_historicoleadasesor ventas_historicoleadasesor_lead_id_19bc7b14_fk_ventas_lead_id; Type: FK CONSTRAINT; Schema: public; Owner: postgres
--

ALTER TABLE ONLY public.ventas_historicoleadasesor
    ADD CONSTRAINT ventas_historicoleadasesor_lead_id_19bc7b14_fk_ventas_lead_id FOREIGN KEY (lead_id) REFERENCES public.ventas_lead(id) DEFERRABLE INITIALLY DEFERRED;


--
-- Name: ventas_lead ventas_lead_asesor_id_dd870e0e_fk_cuenta_user_id; Type: FK CONSTRAINT; Schema: public; Owner: postgres
--

ALTER TABLE ONLY public.ventas_lead
    ADD CONSTRAINT ventas_lead_asesor_id_dd870e0e_fk_cuenta_user_id FOREIGN KEY (asesor_id) REFERENCES public.cuenta_user(id) DEFERRABLE INITIALLY DEFERRED;


--
-- Name: ventas_lead ventas_lead_campania_id_f4e01b2b_fk_marketing_campania_id; Type: FK CONSTRAINT; Schema: public; Owner: postgres
--

ALTER TABLE ONLY public.ventas_lead
    ADD CONSTRAINT ventas_lead_campania_id_f4e01b2b_fk_marketing_campania_id FOREIGN KEY (campania_id) REFERENCES public.marketing_campania(id) DEFERRABLE INITIALLY DEFERRED;


--
-- Name: ventas_lead ventas_lead_estadoLead_id_d1be3161_fk_ventas_estadolead_nombre; Type: FK CONSTRAINT; Schema: public; Owner: postgres
--

ALTER TABLE ONLY public.ventas_lead
    ADD CONSTRAINT "ventas_lead_estadoLead_id_d1be3161_fk_ventas_estadolead_nombre" FOREIGN KEY ("estadoLead_id") REFERENCES public.ventas_estadolead(nombre) DEFERRABLE INITIALLY DEFERRED;


--
-- Name: ventas_lead ventas_lead_estado_id_54a193d0_fk_cuenta_estadoregistro_estado; Type: FK CONSTRAINT; Schema: public; Owner: postgres
--

ALTER TABLE ONLY public.ventas_lead
    ADD CONSTRAINT ventas_lead_estado_id_54a193d0_fk_cuenta_estadoregistro_estado FOREIGN KEY (estado_id) REFERENCES public.cuenta_estadoregistro(estado) DEFERRABLE INITIALLY DEFERRED;


--
-- Name: ventas_lead ventas_lead_objecion_id_0176a2b4_fk_ventas_objecion_id; Type: FK CONSTRAINT; Schema: public; Owner: postgres
--

ALTER TABLE ONLY public.ventas_lead
    ADD CONSTRAINT ventas_lead_objecion_id_0176a2b4_fk_ventas_objecion_id FOREIGN KEY (objecion_id) REFERENCES public.ventas_objecion(id) DEFERRABLE INITIALLY DEFERRED;


--
-- Name: ventas_lead ventas_lead_usuarioActualizador_id_a33040e6_fk_cuenta_user_id; Type: FK CONSTRAINT; Schema: public; Owner: postgres
--

ALTER TABLE ONLY public.ventas_lead
    ADD CONSTRAINT "ventas_lead_usuarioActualizador_id_a33040e6_fk_cuenta_user_id" FOREIGN KEY ("usuarioActualizador_id") REFERENCES public.cuenta_user(id) DEFERRABLE INITIALLY DEFERRED;


--
-- Name: ventas_lead ventas_lead_usuarioCreador_id_a34d2acb_fk_cuenta_user_id; Type: FK CONSTRAINT; Schema: public; Owner: postgres
--

ALTER TABLE ONLY public.ventas_lead
    ADD CONSTRAINT "ventas_lead_usuarioCreador_id_a34d2acb_fk_cuenta_user_id" FOREIGN KEY ("usuarioCreador_id") REFERENCES public.cuenta_user(id) DEFERRABLE INITIALLY DEFERRED;


--
-- Name: ventas_llamada ventas_llamada_estado_id_0cfebce4_fk_cuenta_es; Type: FK CONSTRAINT; Schema: public; Owner: postgres
--

ALTER TABLE ONLY public.ventas_llamada
    ADD CONSTRAINT ventas_llamada_estado_id_0cfebce4_fk_cuenta_es FOREIGN KEY (estado_id) REFERENCES public.cuenta_estadoregistro(estado) DEFERRABLE INITIALLY DEFERRED;


--
-- Name: ventas_llamada ventas_llamada_lead_id_78d422d7_fk_ventas_lead_id; Type: FK CONSTRAINT; Schema: public; Owner: postgres
--

ALTER TABLE ONLY public.ventas_llamada
    ADD CONSTRAINT ventas_llamada_lead_id_78d422d7_fk_ventas_lead_id FOREIGN KEY (lead_id) REFERENCES public.ventas_lead(id) DEFERRABLE INITIALLY DEFERRED;


--
-- Name: ventas_llamada ventas_llamada_usuarioActualizador__53da2ff0_fk_cuenta_us; Type: FK CONSTRAINT; Schema: public; Owner: postgres
--

ALTER TABLE ONLY public.ventas_llamada
    ADD CONSTRAINT "ventas_llamada_usuarioActualizador__53da2ff0_fk_cuenta_us" FOREIGN KEY ("usuarioActualizador_id") REFERENCES public.cuenta_user(id) DEFERRABLE INITIALLY DEFERRED;


--
-- Name: ventas_llamada ventas_llamada_usuarioCreador_id_c5f588ab_fk_cuenta_user_id; Type: FK CONSTRAINT; Schema: public; Owner: postgres
--

ALTER TABLE ONLY public.ventas_llamada
    ADD CONSTRAINT "ventas_llamada_usuarioCreador_id_c5f588ab_fk_cuenta_user_id" FOREIGN KEY ("usuarioCreador_id") REFERENCES public.cuenta_user(id) DEFERRABLE INITIALLY DEFERRED;


--
-- Name: ventas_objecion ventas_objecion_estado_id_e3665317_fk_cuenta_es; Type: FK CONSTRAINT; Schema: public; Owner: postgres
--

ALTER TABLE ONLY public.ventas_objecion
    ADD CONSTRAINT ventas_objecion_estado_id_e3665317_fk_cuenta_es FOREIGN KEY (estado_id) REFERENCES public.cuenta_estadoregistro(estado) DEFERRABLE INITIALLY DEFERRED;


--
-- Name: ventas_precio ventas_precio_cotizacion_id_723444f0_fk_ventas_cotizacion_id; Type: FK CONSTRAINT; Schema: public; Owner: postgres
--

ALTER TABLE ONLY public.ventas_precio
    ADD CONSTRAINT ventas_precio_cotizacion_id_723444f0_fk_ventas_cotizacion_id FOREIGN KEY (cotizacion_id) REFERENCES public.ventas_cotizacion(id) DEFERRABLE INITIALLY DEFERRED;


--
-- Name: ventas_precio ventas_precio_estado_id_0c23bcdc_fk_cuenta_es; Type: FK CONSTRAINT; Schema: public; Owner: postgres
--

ALTER TABLE ONLY public.ventas_precio
    ADD CONSTRAINT ventas_precio_estado_id_0c23bcdc_fk_cuenta_es FOREIGN KEY (estado_id) REFERENCES public.cuenta_estadoregistro(estado) DEFERRABLE INITIALLY DEFERRED;


--
-- Name: ventas_precio ventas_precio_tipoProducto_id_db5855af_fk_ventas_ti; Type: FK CONSTRAINT; Schema: public; Owner: postgres
--

ALTER TABLE ONLY public.ventas_precio
    ADD CONSTRAINT "ventas_precio_tipoProducto_id_db5855af_fk_ventas_ti" FOREIGN KEY ("tipoProducto_id") REFERENCES public.ventas_tipoproducto(id) DEFERRABLE INITIALLY DEFERRED;


--
-- Name: ventas_producto ventas_producto_estado_id_24db19a3_fk_cuenta_es; Type: FK CONSTRAINT; Schema: public; Owner: postgres
--

ALTER TABLE ONLY public.ventas_producto
    ADD CONSTRAINT ventas_producto_estado_id_24db19a3_fk_cuenta_es FOREIGN KEY (estado_id) REFERENCES public.cuenta_estadoregistro(estado) DEFERRABLE INITIALLY DEFERRED;


--
-- Name: ventas_producto ventas_producto_proyecto_id_50e7196a_fk_marketing_proyecto_id; Type: FK CONSTRAINT; Schema: public; Owner: postgres
--

ALTER TABLE ONLY public.ventas_producto
    ADD CONSTRAINT ventas_producto_proyecto_id_50e7196a_fk_marketing_proyecto_id FOREIGN KEY (proyecto_id) REFERENCES public.marketing_proyecto(id) DEFERRABLE INITIALLY DEFERRED;


--
-- Name: ventas_producto ventas_producto_tipo_id_12a8cb82_fk_ventas_tipoproducto_id; Type: FK CONSTRAINT; Schema: public; Owner: postgres
--

ALTER TABLE ONLY public.ventas_producto
    ADD CONSTRAINT ventas_producto_tipo_id_12a8cb82_fk_ventas_tipoproducto_id FOREIGN KEY (tipo_id) REFERENCES public.ventas_tipoproducto(id) DEFERRABLE INITIALLY DEFERRED;


--
-- Name: ventas_producto ventas_producto_usuarioActualizador__71ae7343_fk_cuenta_us; Type: FK CONSTRAINT; Schema: public; Owner: postgres
--

ALTER TABLE ONLY public.ventas_producto
    ADD CONSTRAINT "ventas_producto_usuarioActualizador__71ae7343_fk_cuenta_us" FOREIGN KEY ("usuarioActualizador_id") REFERENCES public.cuenta_user(id) DEFERRABLE INITIALLY DEFERRED;


--
-- Name: ventas_producto ventas_producto_usuarioCreador_id_69bcb9f9_fk_cuenta_user_id; Type: FK CONSTRAINT; Schema: public; Owner: postgres
--

ALTER TABLE ONLY public.ventas_producto
    ADD CONSTRAINT "ventas_producto_usuarioCreador_id_69bcb9f9_fk_cuenta_user_id" FOREIGN KEY ("usuarioCreador_id") REFERENCES public.cuenta_user(id) DEFERRABLE INITIALLY DEFERRED;


--
-- Name: ventas_proyectotipoproducto ventas_proyectotipop_proyecto_id_49eff36f_fk_marketing; Type: FK CONSTRAINT; Schema: public; Owner: postgres
--

ALTER TABLE ONLY public.ventas_proyectotipoproducto
    ADD CONSTRAINT ventas_proyectotipop_proyecto_id_49eff36f_fk_marketing FOREIGN KEY (proyecto_id) REFERENCES public.marketing_proyecto(id) DEFERRABLE INITIALLY DEFERRED;


--
-- Name: ventas_proyectotipoproducto ventas_proyectotipop_tipo_producto_id_8af26c72_fk_ventas_ti; Type: FK CONSTRAINT; Schema: public; Owner: postgres
--

ALTER TABLE ONLY public.ventas_proyectotipoproducto
    ADD CONSTRAINT ventas_proyectotipop_tipo_producto_id_8af26c72_fk_ventas_ti FOREIGN KEY (tipo_producto_id) REFERENCES public.ventas_tipoproducto(id) DEFERRABLE INITIALLY DEFERRED;


--
-- Name: ventas_tipocotizacion ventas_tipocotizacio_estado_id_65417f55_fk_cuenta_es; Type: FK CONSTRAINT; Schema: public; Owner: postgres
--

ALTER TABLE ONLY public.ventas_tipocotizacion
    ADD CONSTRAINT ventas_tipocotizacio_estado_id_65417f55_fk_cuenta_es FOREIGN KEY (estado_id) REFERENCES public.cuenta_estadoregistro(estado) DEFERRABLE INITIALLY DEFERRED;


--
-- Name: ventas_tipocuota ventas_tipocuota_estado_id_9266ec5f_fk_cuenta_es; Type: FK CONSTRAINT; Schema: public; Owner: postgres
--

ALTER TABLE ONLY public.ventas_tipocuota
    ADD CONSTRAINT ventas_tipocuota_estado_id_9266ec5f_fk_cuenta_es FOREIGN KEY (estado_id) REFERENCES public.cuenta_estadoregistro(estado) DEFERRABLE INITIALLY DEFERRED;


--
-- Name: ventas_tipoevento ventas_tipoevento_estado_id_9c7fb81b_fk_cuenta_es; Type: FK CONSTRAINT; Schema: public; Owner: postgres
--

ALTER TABLE ONLY public.ventas_tipoevento
    ADD CONSTRAINT ventas_tipoevento_estado_id_9c7fb81b_fk_cuenta_es FOREIGN KEY (estado_id) REFERENCES public.cuenta_estadoregistro(estado) DEFERRABLE INITIALLY DEFERRED;


--
-- Name: ventas_tipoproducto ventas_tipoproducto_estado_id_34c73ef0_fk_cuenta_es; Type: FK CONSTRAINT; Schema: public; Owner: postgres
--

ALTER TABLE ONLY public.ventas_tipoproducto
    ADD CONSTRAINT ventas_tipoproducto_estado_id_34c73ef0_fk_cuenta_es FOREIGN KEY (estado_id) REFERENCES public.cuenta_estadoregistro(estado) DEFERRABLE INITIALLY DEFERRED;


--
-- Name: ventas_whatsapp ventas_whatsapp_estado_id_6e36a6d1_fk_cuenta_es; Type: FK CONSTRAINT; Schema: public; Owner: postgres
--

ALTER TABLE ONLY public.ventas_whatsapp
    ADD CONSTRAINT ventas_whatsapp_estado_id_6e36a6d1_fk_cuenta_es FOREIGN KEY (estado_id) REFERENCES public.cuenta_estadoregistro(estado) DEFERRABLE INITIALLY DEFERRED;


--
-- Name: ventas_whatsapp ventas_whatsapp_lead_id_49f8bd1e_fk_ventas_lead_id; Type: FK CONSTRAINT; Schema: public; Owner: postgres
--

ALTER TABLE ONLY public.ventas_whatsapp
    ADD CONSTRAINT ventas_whatsapp_lead_id_49f8bd1e_fk_ventas_lead_id FOREIGN KEY (lead_id) REFERENCES public.ventas_lead(id) DEFERRABLE INITIALLY DEFERRED;


--
-- Name: ventas_whatsapp ventas_whatsapp_usuarioActualizador__1d344f29_fk_cuenta_us; Type: FK CONSTRAINT; Schema: public; Owner: postgres
--

ALTER TABLE ONLY public.ventas_whatsapp
    ADD CONSTRAINT "ventas_whatsapp_usuarioActualizador__1d344f29_fk_cuenta_us" FOREIGN KEY ("usuarioActualizador_id") REFERENCES public.cuenta_user(id) DEFERRABLE INITIALLY DEFERRED;


--
-- Name: ventas_whatsapp ventas_whatsapp_usuarioCreador_id_b47920f5_fk_cuenta_user_id; Type: FK CONSTRAINT; Schema: public; Owner: postgres
--

ALTER TABLE ONLY public.ventas_whatsapp
    ADD CONSTRAINT "ventas_whatsapp_usuarioCreador_id_b47920f5_fk_cuenta_user_id" FOREIGN KEY ("usuarioCreador_id") REFERENCES public.cuenta_user(id) DEFERRABLE INITIALLY DEFERRED;


--
-- PostgreSQL database dump complete
--

