--
-- PostgreSQL database dump
--

-- Dumped from database version 14.11 (Ubuntu 14.11-0ubuntu0.22.04.1)
-- Dumped by pg_dump version 14.11 (Ubuntu 14.11-0ubuntu0.22.04.1)

SET statement_timeout = 0;
SET lock_timeout = 0;
SET idle_in_transaction_session_timeout = 0;
SET client_encoding = 'UTF8';
SET standard_conforming_strings = on;
SELECT pg_catalog.set_config('search_path', '', false);
SET check_function_bodies = false;
SET xmloption = content;
SET client_min_messages = warning;
SET row_security = off;

SET default_tablespace = '';

SET default_table_access_method = heap;

--
-- Name: auth_group; Type: TABLE; Schema: public; Owner: postgres
--

CREATE TABLE public.auth_group (
    id integer NOT NULL,
    name character varying(150) NOT NULL
);


ALTER TABLE public.auth_group OWNER TO postgres;

--
-- Name: auth_group_id_seq; Type: SEQUENCE; Schema: public; Owner: postgres
--

ALTER TABLE public.auth_group ALTER COLUMN id ADD GENERATED BY DEFAULT AS IDENTITY (
    SEQUENCE NAME public.auth_group_id_seq
    START WITH 1
    INCREMENT BY 1
    NO MINVALUE
    NO MAXVALUE
    CACHE 1
);


--
-- Name: auth_group_permissions; Type: TABLE; Schema: public; Owner: postgres
--

CREATE TABLE public.auth_group_permissions (
    id bigint NOT NULL,
    group_id integer NOT NULL,
    permission_id integer NOT NULL
);


ALTER TABLE public.auth_group_permissions OWNER TO postgres;

--
-- Name: auth_group_permissions_id_seq; Type: SEQUENCE; Schema: public; Owner: postgres
--

ALTER TABLE public.auth_group_permissions ALTER COLUMN id ADD GENERATED BY DEFAULT AS IDENTITY (
    SEQUENCE NAME public.auth_group_permissions_id_seq
    START WITH 1
    INCREMENT BY 1
    NO MINVALUE
    NO MAXVALUE
    CACHE 1
);


--
-- Name: auth_permission; Type: TABLE; Schema: public; Owner: postgres
--

CREATE TABLE public.auth_permission (
    id integer NOT NULL,
    name character varying(255) NOT NULL,
    content_type_id integer NOT NULL,
    codename character varying(100) NOT NULL
);


ALTER TABLE public.auth_permission OWNER TO postgres;

--
-- Name: auth_permission_id_seq; Type: SEQUENCE; Schema: public; Owner: postgres
--

ALTER TABLE public.auth_permission ALTER COLUMN id ADD GENERATED BY DEFAULT AS IDENTITY (
    SEQUENCE NAME public.auth_permission_id_seq
    START WITH 1
    INCREMENT BY 1
    NO MINVALUE
    NO MAXVALUE
    CACHE 1
);


--
-- Name: cuenta_estadoregistro; Type: TABLE; Schema: public; Owner: postgres
--

CREATE TABLE public.cuenta_estadoregistro (
    estado character varying(1) NOT NULL,
    nombre character varying(50)
);


ALTER TABLE public.cuenta_estadoregistro OWNER TO postgres;

--
-- Name: cuenta_modulo; Type: TABLE; Schema: public; Owner: postgres
--

CREATE TABLE public.cuenta_modulo (
    id bigint NOT NULL,
    nombre character varying(100),
    url character varying(50),
    "contentType_id" integer,
    estado_id character varying(1)
);


ALTER TABLE public.cuenta_modulo OWNER TO postgres;

--
-- Name: cuenta_modulo_id_seq; Type: SEQUENCE; Schema: public; Owner: postgres
--

ALTER TABLE public.cuenta_modulo ALTER COLUMN id ADD GENERATED BY DEFAULT AS IDENTITY (
    SEQUENCE NAME public.cuenta_modulo_id_seq
    START WITH 1
    INCREMENT BY 1
    NO MINVALUE
    NO MAXVALUE
    CACHE 1
);


--
-- Name: cuenta_user; Type: TABLE; Schema: public; Owner: postgres
--

CREATE TABLE public.cuenta_user (
    id bigint NOT NULL,
    password character varying(128) NOT NULL,
    last_login timestamp with time zone,
    is_superuser boolean NOT NULL,
    username character varying(150) NOT NULL,
    first_name character varying(150) NOT NULL,
    last_name character varying(150) NOT NULL,
    email character varying(254) NOT NULL,
    is_staff boolean NOT NULL,
    is_active boolean NOT NULL,
    date_joined timestamp with time zone NOT NULL,
    "codigoAsesor" character varying(100),
    "isAdmin" boolean NOT NULL,
    estado_id character varying(1)
);


ALTER TABLE public.cuenta_user OWNER TO postgres;

--
-- Name: cuenta_user_groups; Type: TABLE; Schema: public; Owner: postgres
--

CREATE TABLE public.cuenta_user_groups (
    id bigint NOT NULL,
    user_id bigint NOT NULL,
    group_id integer NOT NULL
);


ALTER TABLE public.cuenta_user_groups OWNER TO postgres;

--
-- Name: cuenta_user_groups_id_seq; Type: SEQUENCE; Schema: public; Owner: postgres
--

ALTER TABLE public.cuenta_user_groups ALTER COLUMN id ADD GENERATED BY DEFAULT AS IDENTITY (
    SEQUENCE NAME public.cuenta_user_groups_id_seq
    START WITH 1
    INCREMENT BY 1
    NO MINVALUE
    NO MAXVALUE
    CACHE 1
);


--
-- Name: cuenta_user_id_seq; Type: SEQUENCE; Schema: public; Owner: postgres
--

ALTER TABLE public.cuenta_user ALTER COLUMN id ADD GENERATED BY DEFAULT AS IDENTITY (
    SEQUENCE NAME public.cuenta_user_id_seq
    START WITH 1
    INCREMENT BY 1
    NO MINVALUE
    NO MAXVALUE
    CACHE 1
);


--
-- Name: cuenta_user_user_permissions; Type: TABLE; Schema: public; Owner: postgres
--

CREATE TABLE public.cuenta_user_user_permissions (
    id bigint NOT NULL,
    user_id bigint NOT NULL,
    permission_id integer NOT NULL
);


ALTER TABLE public.cuenta_user_user_permissions OWNER TO postgres;

--
-- Name: cuenta_user_user_permissions_id_seq; Type: SEQUENCE; Schema: public; Owner: postgres
--

ALTER TABLE public.cuenta_user_user_permissions ALTER COLUMN id ADD GENERATED BY DEFAULT AS IDENTITY (
    SEQUENCE NAME public.cuenta_user_user_permissions_id_seq
    START WITH 1
    INCREMENT BY 1
    NO MINVALUE
    NO MAXVALUE
    CACHE 1
);


--
-- Name: django_admin_log; Type: TABLE; Schema: public; Owner: postgres
--

CREATE TABLE public.django_admin_log (
    id integer NOT NULL,
    action_time timestamp with time zone NOT NULL,
    object_id text,
    object_repr character varying(200) NOT NULL,
    action_flag smallint NOT NULL,
    change_message text NOT NULL,
    content_type_id integer,
    user_id bigint NOT NULL,
    CONSTRAINT django_admin_log_action_flag_check CHECK ((action_flag >= 0))
);


ALTER TABLE public.django_admin_log OWNER TO postgres;

--
-- Name: django_admin_log_id_seq; Type: SEQUENCE; Schema: public; Owner: postgres
--

ALTER TABLE public.django_admin_log ALTER COLUMN id ADD GENERATED BY DEFAULT AS IDENTITY (
    SEQUENCE NAME public.django_admin_log_id_seq
    START WITH 1
    INCREMENT BY 1
    NO MINVALUE
    NO MAXVALUE
    CACHE 1
);


--
-- Name: django_celery_beat_clockedschedule; Type: TABLE; Schema: public; Owner: postgres
--

CREATE TABLE public.django_celery_beat_clockedschedule (
    id integer NOT NULL,
    clocked_time timestamp with time zone NOT NULL
);


ALTER TABLE public.django_celery_beat_clockedschedule OWNER TO postgres;

--
-- Name: django_celery_beat_clockedschedule_id_seq; Type: SEQUENCE; Schema: public; Owner: postgres
--

ALTER TABLE public.django_celery_beat_clockedschedule ALTER COLUMN id ADD GENERATED BY DEFAULT AS IDENTITY (
    SEQUENCE NAME public.django_celery_beat_clockedschedule_id_seq
    START WITH 1
    INCREMENT BY 1
    NO MINVALUE
    NO MAXVALUE
    CACHE 1
);


--
-- Name: django_celery_beat_crontabschedule; Type: TABLE; Schema: public; Owner: postgres
--

CREATE TABLE public.django_celery_beat_crontabschedule (
    id integer NOT NULL,
    minute character varying(240) NOT NULL,
    hour character varying(96) NOT NULL,
    day_of_week character varying(64) NOT NULL,
    day_of_month character varying(124) NOT NULL,
    month_of_year character varying(64) NOT NULL,
    timezone character varying(63) NOT NULL
);


ALTER TABLE public.django_celery_beat_crontabschedule OWNER TO postgres;

--
-- Name: django_celery_beat_crontabschedule_id_seq; Type: SEQUENCE; Schema: public; Owner: postgres
--

ALTER TABLE public.django_celery_beat_crontabschedule ALTER COLUMN id ADD GENERATED BY DEFAULT AS IDENTITY (
    SEQUENCE NAME public.django_celery_beat_crontabschedule_id_seq
    START WITH 1
    INCREMENT BY 1
    NO MINVALUE
    NO MAXVALUE
    CACHE 1
);


--
-- Name: django_celery_beat_intervalschedule; Type: TABLE; Schema: public; Owner: postgres
--

CREATE TABLE public.django_celery_beat_intervalschedule (
    id integer NOT NULL,
    every integer NOT NULL,
    period character varying(24) NOT NULL
);


ALTER TABLE public.django_celery_beat_intervalschedule OWNER TO postgres;

--
-- Name: django_celery_beat_intervalschedule_id_seq; Type: SEQUENCE; Schema: public; Owner: postgres
--

ALTER TABLE public.django_celery_beat_intervalschedule ALTER COLUMN id ADD GENERATED BY DEFAULT AS IDENTITY (
    SEQUENCE NAME public.django_celery_beat_intervalschedule_id_seq
    START WITH 1
    INCREMENT BY 1
    NO MINVALUE
    NO MAXVALUE
    CACHE 1
);


--
-- Name: django_celery_beat_periodictask; Type: TABLE; Schema: public; Owner: postgres
--

CREATE TABLE public.django_celery_beat_periodictask (
    id integer NOT NULL,
    name character varying(200) NOT NULL,
    task character varying(200) NOT NULL,
    args text NOT NULL,
    kwargs text NOT NULL,
    queue character varying(200),
    exchange character varying(200),
    routing_key character varying(200),
    expires timestamp with time zone,
    enabled boolean NOT NULL,
    last_run_at timestamp with time zone,
    total_run_count integer NOT NULL,
    date_changed timestamp with time zone NOT NULL,
    description text NOT NULL,
    crontab_id integer,
    interval_id integer,
    solar_id integer,
    one_off boolean NOT NULL,
    start_time timestamp with time zone,
    priority integer,
    headers text NOT NULL,
    clocked_id integer,
    expire_seconds integer,
    CONSTRAINT django_celery_beat_periodictask_expire_seconds_check CHECK ((expire_seconds >= 0)),
    CONSTRAINT django_celery_beat_periodictask_priority_check CHECK ((priority >= 0)),
    CONSTRAINT django_celery_beat_periodictask_total_run_count_check CHECK ((total_run_count >= 0))
);


ALTER TABLE public.django_celery_beat_periodictask OWNER TO postgres;

--
-- Name: django_celery_beat_periodictask_id_seq; Type: SEQUENCE; Schema: public; Owner: postgres
--

ALTER TABLE public.django_celery_beat_periodictask ALTER COLUMN id ADD GENERATED BY DEFAULT AS IDENTITY (
    SEQUENCE NAME public.django_celery_beat_periodictask_id_seq
    START WITH 1
    INCREMENT BY 1
    NO MINVALUE
    NO MAXVALUE
    CACHE 1
);


--
-- Name: django_celery_beat_periodictasks; Type: TABLE; Schema: public; Owner: postgres
--

CREATE TABLE public.django_celery_beat_periodictasks (
    ident smallint NOT NULL,
    last_update timestamp with time zone NOT NULL
);


ALTER TABLE public.django_celery_beat_periodictasks OWNER TO postgres;

--
-- Name: django_celery_beat_solarschedule; Type: TABLE; Schema: public; Owner: postgres
--

CREATE TABLE public.django_celery_beat_solarschedule (
    id integer NOT NULL,
    event character varying(24) NOT NULL,
    latitude numeric(9,6) NOT NULL,
    longitude numeric(9,6) NOT NULL
);


ALTER TABLE public.django_celery_beat_solarschedule OWNER TO postgres;

--
-- Name: django_celery_beat_solarschedule_id_seq; Type: SEQUENCE; Schema: public; Owner: postgres
--

ALTER TABLE public.django_celery_beat_solarschedule ALTER COLUMN id ADD GENERATED BY DEFAULT AS IDENTITY (
    SEQUENCE NAME public.django_celery_beat_solarschedule_id_seq
    START WITH 1
    INCREMENT BY 1
    NO MINVALUE
    NO MAXVALUE
    CACHE 1
);


--
-- Name: django_content_type; Type: TABLE; Schema: public; Owner: postgres
--

CREATE TABLE public.django_content_type (
    id integer NOT NULL,
    app_label character varying(100) NOT NULL,
    model character varying(100) NOT NULL
);


ALTER TABLE public.django_content_type OWNER TO postgres;

--
-- Name: django_content_type_id_seq; Type: SEQUENCE; Schema: public; Owner: postgres
--

ALTER TABLE public.django_content_type ALTER COLUMN id ADD GENERATED BY DEFAULT AS IDENTITY (
    SEQUENCE NAME public.django_content_type_id_seq
    START WITH 1
    INCREMENT BY 1
    NO MINVALUE
    NO MAXVALUE
    CACHE 1
);


--
-- Name: django_migrations; Type: TABLE; Schema: public; Owner: postgres
--

CREATE TABLE public.django_migrations (
    id bigint NOT NULL,
    app character varying(255) NOT NULL,
    name character varying(255) NOT NULL,
    applied timestamp with time zone NOT NULL
);


ALTER TABLE public.django_migrations OWNER TO postgres;

--
-- Name: django_migrations_id_seq; Type: SEQUENCE; Schema: public; Owner: postgres
--

ALTER TABLE public.django_migrations ALTER COLUMN id ADD GENERATED BY DEFAULT AS IDENTITY (
    SEQUENCE NAME public.django_migrations_id_seq
    START WITH 1
    INCREMENT BY 1
    NO MINVALUE
    NO MAXVALUE
    CACHE 1
);


--
-- Name: django_session; Type: TABLE; Schema: public; Owner: postgres
--

CREATE TABLE public.django_session (
    session_key character varying(40) NOT NULL,
    session_data text NOT NULL,
    expire_date timestamp with time zone NOT NULL
);


ALTER TABLE public.django_session OWNER TO postgres;

--
-- Name: marketing_campania; Type: TABLE; Schema: public; Owner: postgres
--

CREATE TABLE public.marketing_campania (
    id bigint NOT NULL,
    nombre character varying(100),
    organico boolean NOT NULL,
    codigo character varying(100),
    fecha_estimada date,
    fecha_cierre date,
    "coste_realSoles" double precision NOT NULL,
    "coste_realDolares" double precision NOT NULL,
    descripcion text,
    fecha_creacion timestamp with time zone NOT NULL,
    fecha_actualizacion timestamp with time zone NOT NULL,
    categoria_id bigint NOT NULL,
    estado_id character varying(1),
    proyecto_id bigint NOT NULL,
    "usuarioActualizador_id" bigint,
    "usuarioCreador_id" bigint
);


ALTER TABLE public.marketing_campania OWNER TO postgres;

--
-- Name: marketing_campania_id_seq; Type: SEQUENCE; Schema: public; Owner: postgres
--

ALTER TABLE public.marketing_campania ALTER COLUMN id ADD GENERATED BY DEFAULT AS IDENTITY (
    SEQUENCE NAME public.marketing_campania_id_seq
    START WITH 1
    INCREMENT BY 1
    NO MINVALUE
    NO MAXVALUE
    CACHE 1
);


--
-- Name: marketing_categoria; Type: TABLE; Schema: public; Owner: postgres
--

CREATE TABLE public.marketing_categoria (
    id bigint NOT NULL,
    nombre character varying(100) NOT NULL,
    codigo character varying(100) NOT NULL,
    estado_id character varying(1)
);


ALTER TABLE public.marketing_categoria OWNER TO postgres;

--
-- Name: marketing_categoria_id_seq; Type: SEQUENCE; Schema: public; Owner: postgres
--

ALTER TABLE public.marketing_categoria ALTER COLUMN id ADD GENERATED BY DEFAULT AS IDENTITY (
    SEQUENCE NAME public.marketing_categoria_id_seq
    START WITH 1
    INCREMENT BY 1
    NO MINVALUE
    NO MAXVALUE
    CACHE 1
);


--
-- Name: marketing_gastocampania; Type: TABLE; Schema: public; Owner: postgres
--

CREATE TABLE public.marketing_gastocampania (
    id bigint NOT NULL,
    "gastoSoles" double precision NOT NULL,
    "gastoDolares" double precision NOT NULL,
    "tipoCambioSoles" double precision NOT NULL,
    "fechaGasto" date NOT NULL,
    fecha_creacion timestamp with time zone NOT NULL,
    fecha_actualizacion timestamp with time zone NOT NULL,
    campania_id bigint NOT NULL,
    estado_id character varying(1),
    "presupuestoProyecto_id" bigint NOT NULL,
    "usuarioActualizador_id" bigint,
    "usuarioCreador_id" bigint
);


ALTER TABLE public.marketing_gastocampania OWNER TO postgres;

--
-- Name: marketing_gastocampania_id_seq; Type: SEQUENCE; Schema: public; Owner: postgres
--

ALTER TABLE public.marketing_gastocampania ALTER COLUMN id ADD GENERATED BY DEFAULT AS IDENTITY (
    SEQUENCE NAME public.marketing_gastocampania_id_seq
    START WITH 1
    INCREMENT BY 1
    NO MINVALUE
    NO MAXVALUE
    CACHE 1
);


--
-- Name: marketing_presupuestoproyecto; Type: TABLE; Schema: public; Owner: postgres
--

CREATE TABLE public.marketing_presupuestoproyecto (
    id bigint NOT NULL,
    "presupuestoSoles" double precision NOT NULL,
    "gastoTotalCampaniasSoles" double precision NOT NULL,
    "presupuestoDolares" double precision NOT NULL,
    "gastoTotalCampaniasDolares" double precision NOT NULL,
    "tipoCambioSoles" double precision NOT NULL,
    "fechaPresupuesto" date NOT NULL,
    fecha_creacion timestamp with time zone NOT NULL,
    fecha_actualizacion timestamp with time zone NOT NULL,
    estado_id character varying(1),
    proyecto_id bigint NOT NULL,
    "usuarioActualizador_id" bigint,
    "usuarioCreador_id" bigint
);


ALTER TABLE public.marketing_presupuestoproyecto OWNER TO postgres;

--
-- Name: marketing_presupuestoproyecto_id_seq; Type: SEQUENCE; Schema: public; Owner: postgres
--

ALTER TABLE public.marketing_presupuestoproyecto ALTER COLUMN id ADD GENERATED BY DEFAULT AS IDENTITY (
    SEQUENCE NAME public.marketing_presupuestoproyecto_id_seq
    START WITH 1
    INCREMENT BY 1
    NO MINVALUE
    NO MAXVALUE
    CACHE 1
);


--
-- Name: marketing_proyecto; Type: TABLE; Schema: public; Owner: postgres
--

CREATE TABLE public.marketing_proyecto (
    id bigint NOT NULL,
    nombre character varying(100),
    ubicacion character varying(100),
    codigo character varying(10) NOT NULL,
    descripcion text,
    fecha_creacion timestamp with time zone NOT NULL,
    fecha_actualizacion timestamp with time zone NOT NULL,
    estado_id character varying(1),
    "usuarioActualizador_id" bigint,
    "usuarioCreador_id" bigint
);


ALTER TABLE public.marketing_proyecto OWNER TO postgres;

--
-- Name: marketing_proyecto_id_seq; Type: SEQUENCE; Schema: public; Owner: postgres
--

ALTER TABLE public.marketing_proyecto ALTER COLUMN id ADD GENERATED BY DEFAULT AS IDENTITY (
    SEQUENCE NAME public.marketing_proyecto_id_seq
    START WITH 1
    INCREMENT BY 1
    NO MINVALUE
    NO MAXVALUE
    CACHE 1
);


--
-- Name: multimedia_imagenproducto; Type: TABLE; Schema: public; Owner: postgres
--

CREATE TABLE public.multimedia_imagenproducto (
    id bigint NOT NULL,
    imagen character varying(100),
    producto_id bigint NOT NULL
);


ALTER TABLE public.multimedia_imagenproducto OWNER TO postgres;

--
-- Name: multimedia_imagenproducto_id_seq; Type: SEQUENCE; Schema: public; Owner: postgres
--

ALTER TABLE public.multimedia_imagenproducto ALTER COLUMN id ADD GENERATED BY DEFAULT AS IDENTITY (
    SEQUENCE NAME public.multimedia_imagenproducto_id_seq
    START WITH 1
    INCREMENT BY 1
    NO MINVALUE
    NO MAXVALUE
    CACHE 1
);


--
-- Name: multimedia_imagenproyecto; Type: TABLE; Schema: public; Owner: postgres
--

CREATE TABLE public.multimedia_imagenproyecto (
    id bigint NOT NULL,
    imagen character varying(100),
    proyecto_id bigint NOT NULL
);


ALTER TABLE public.multimedia_imagenproyecto OWNER TO postgres;

--
-- Name: multimedia_imagenproyecto_id_seq; Type: SEQUENCE; Schema: public; Owner: postgres
--

ALTER TABLE public.multimedia_imagenproyecto ALTER COLUMN id ADD GENERATED BY DEFAULT AS IDENTITY (
    SEQUENCE NAME public.multimedia_imagenproyecto_id_seq
    START WITH 1
    INCREMENT BY 1
    NO MINVALUE
    NO MAXVALUE
    CACHE 1
);


--
-- Name: multimedia_videoproducto; Type: TABLE; Schema: public; Owner: postgres
--

CREATE TABLE public.multimedia_videoproducto (
    id bigint NOT NULL,
    video character varying(100),
    producto_id bigint NOT NULL
);


ALTER TABLE public.multimedia_videoproducto OWNER TO postgres;

--
-- Name: multimedia_videoproducto_id_seq; Type: SEQUENCE; Schema: public; Owner: postgres
--

ALTER TABLE public.multimedia_videoproducto ALTER COLUMN id ADD GENERATED BY DEFAULT AS IDENTITY (
    SEQUENCE NAME public.multimedia_videoproducto_id_seq
    START WITH 1
    INCREMENT BY 1
    NO MINVALUE
    NO MAXVALUE
    CACHE 1
);


--
-- Name: multimedia_videoproyecto; Type: TABLE; Schema: public; Owner: postgres
--

CREATE TABLE public.multimedia_videoproyecto (
    id bigint NOT NULL,
    video character varying(100),
    proyecto_id bigint NOT NULL
);


ALTER TABLE public.multimedia_videoproyecto OWNER TO postgres;

--
-- Name: multimedia_videoproyecto_id_seq; Type: SEQUENCE; Schema: public; Owner: postgres
--

ALTER TABLE public.multimedia_videoproyecto ALTER COLUMN id ADD GENERATED BY DEFAULT AS IDENTITY (
    SEQUENCE NAME public.multimedia_videoproyecto_id_seq
    START WITH 1
    INCREMENT BY 1
    NO MINVALUE
    NO MAXVALUE
    CACHE 1
);


--
-- Name: token_blacklist_blacklistedtoken; Type: TABLE; Schema: public; Owner: postgres
--

CREATE TABLE public.token_blacklist_blacklistedtoken (
    id bigint NOT NULL,
    blacklisted_at timestamp with time zone NOT NULL,
    token_id bigint NOT NULL
);


ALTER TABLE public.token_blacklist_blacklistedtoken OWNER TO postgres;

--
-- Name: token_blacklist_blacklistedtoken_id_seq; Type: SEQUENCE; Schema: public; Owner: postgres
--

ALTER TABLE public.token_blacklist_blacklistedtoken ALTER COLUMN id ADD GENERATED BY DEFAULT AS IDENTITY (
    SEQUENCE NAME public.token_blacklist_blacklistedtoken_id_seq
    START WITH 1
    INCREMENT BY 1
    NO MINVALUE
    NO MAXVALUE
    CACHE 1
);


--
-- Name: token_blacklist_outstandingtoken; Type: TABLE; Schema: public; Owner: postgres
--

CREATE TABLE public.token_blacklist_outstandingtoken (
    id bigint NOT NULL,
    token text NOT NULL,
    created_at timestamp with time zone,
    expires_at timestamp with time zone NOT NULL,
    user_id bigint,
    jti character varying(255) NOT NULL
);


ALTER TABLE public.token_blacklist_outstandingtoken OWNER TO postgres;

--
-- Name: token_blacklist_outstandingtoken_id_seq; Type: SEQUENCE; Schema: public; Owner: postgres
--

ALTER TABLE public.token_blacklist_outstandingtoken ALTER COLUMN id ADD GENERATED BY DEFAULT AS IDENTITY (
    SEQUENCE NAME public.token_blacklist_outstandingtoken_id_seq
    START WITH 1
    INCREMENT BY 1
    NO MINVALUE
    NO MAXVALUE
    CACHE 1
);


--
-- Name: ventas_cotizacion; Type: TABLE; Schema: public; Owner: postgres
--

CREATE TABLE public.ventas_cotizacion (
    id bigint NOT NULL,
    nombre character varying(100) NOT NULL,
    fecha timestamp with time zone,
    duracion integer,
    estado_id character varying(1),
    proyecto_id bigint,
    tipo_id bigint
);


ALTER TABLE public.ventas_cotizacion OWNER TO postgres;

--
-- Name: ventas_cotizacion_id_seq; Type: SEQUENCE; Schema: public; Owner: postgres
--

ALTER TABLE public.ventas_cotizacion ALTER COLUMN id ADD GENERATED BY DEFAULT AS IDENTITY (
    SEQUENCE NAME public.ventas_cotizacion_id_seq
    START WITH 1
    INCREMENT BY 1
    NO MINVALUE
    NO MAXVALUE
    CACHE 1
);


--
-- Name: ventas_cuota; Type: TABLE; Schema: public; Owner: postgres
--

CREATE TABLE public.ventas_cuota (
    id bigint NOT NULL,
    numero integer,
    tiempo integer,
    porcentaje double precision,
    fecha timestamp with time zone,
    cotizacion_id bigint,
    estado_id character varying(1),
    tipo_id bigint
);


ALTER TABLE public.ventas_cuota OWNER TO postgres;

--
-- Name: ventas_cuota_id_seq; Type: SEQUENCE; Schema: public; Owner: postgres
--

ALTER TABLE public.ventas_cuota ALTER COLUMN id ADD GENERATED BY DEFAULT AS IDENTITY (
    SEQUENCE NAME public.ventas_cuota_id_seq
    START WITH 1
    INCREMENT BY 1
    NO MINVALUE
    NO MAXVALUE
    CACHE 1
);


--
-- Name: ventas_desasignacionconfiguracion; Type: TABLE; Schema: public; Owner: postgres
--

CREATE TABLE public.ventas_desasignacionconfiguracion (
    id bigint NOT NULL,
    rango integer NOT NULL
);


ALTER TABLE public.ventas_desasignacionconfiguracion OWNER TO postgres;

--
-- Name: ventas_desasignacionconfiguracion_id_seq; Type: SEQUENCE; Schema: public; Owner: postgres
--

ALTER TABLE public.ventas_desasignacionconfiguracion ALTER COLUMN id ADD GENERATED BY DEFAULT AS IDENTITY (
    SEQUENCE NAME public.ventas_desasignacionconfiguracion_id_seq
    START WITH 1
    INCREMENT BY 1
    NO MINVALUE
    NO MAXVALUE
    CACHE 1
);


--
-- Name: ventas_desasignacionleadasesor; Type: TABLE; Schema: public; Owner: postgres
--

CREATE TABLE public.ventas_desasignacionleadasesor (
    id bigint NOT NULL,
    fecha timestamp with time zone NOT NULL,
    lead_id bigint,
    usuario_id bigint
);


ALTER TABLE public.ventas_desasignacionleadasesor OWNER TO postgres;

--
-- Name: ventas_desasignacionleadasesor_id_seq; Type: SEQUENCE; Schema: public; Owner: postgres
--

ALTER TABLE public.ventas_desasignacionleadasesor ALTER COLUMN id ADD GENERATED BY DEFAULT AS IDENTITY (
    SEQUENCE NAME public.ventas_desasignacionleadasesor_id_seq
    START WITH 1
    INCREMENT BY 1
    NO MINVALUE
    NO MAXVALUE
    CACHE 1
);


--
-- Name: ventas_estadoevento; Type: TABLE; Schema: public; Owner: postgres
--

CREATE TABLE public.ventas_estadoevento (
    id bigint NOT NULL,
    nombre character varying(20),
    estado_id character varying(1)
);


ALTER TABLE public.ventas_estadoevento OWNER TO postgres;

--
-- Name: ventas_estadoevento_id_seq; Type: SEQUENCE; Schema: public; Owner: postgres
--

ALTER TABLE public.ventas_estadoevento ALTER COLUMN id ADD GENERATED BY DEFAULT AS IDENTITY (
    SEQUENCE NAME public.ventas_estadoevento_id_seq
    START WITH 1
    INCREMENT BY 1
    NO MINVALUE
    NO MAXVALUE
    CACHE 1
);


--
-- Name: ventas_estadolead; Type: TABLE; Schema: public; Owner: postgres
--

CREATE TABLE public.ventas_estadolead (
    nombre character varying(2) NOT NULL,
    descripcion character varying(50),
    color character varying(10) NOT NULL,
    estado_id character varying(1)
);


ALTER TABLE public.ventas_estadolead OWNER TO postgres;

--
-- Name: ventas_estadoseparacionlead; Type: TABLE; Schema: public; Owner: postgres
--

CREATE TABLE public.ventas_estadoseparacionlead (
    id bigint NOT NULL,
    nombre character varying(20) NOT NULL,
    color character varying(10) NOT NULL,
    estado_id character varying(1)
);


ALTER TABLE public.ventas_estadoseparacionlead OWNER TO postgres;

--
-- Name: ventas_estadoseparacionlead_id_seq; Type: SEQUENCE; Schema: public; Owner: postgres
--

ALTER TABLE public.ventas_estadoseparacionlead ALTER COLUMN id ADD GENERATED BY DEFAULT AS IDENTITY (
    SEQUENCE NAME public.ventas_estadoseparacionlead_id_seq
    START WITH 1
    INCREMENT BY 1
    NO MINVALUE
    NO MAXVALUE
    CACHE 1
);


--
-- Name: ventas_evento; Type: TABLE; Schema: public; Owner: postgres
--

CREATE TABLE public.ventas_evento (
    id bigint NOT NULL,
    titulo character varying(100),
    duracion integer NOT NULL,
    fecha_visita timestamp with time zone NOT NULL,
    observacion text,
    fecha_creacion timestamp with time zone NOT NULL,
    fecha_actualizacion timestamp with time zone NOT NULL,
    separado boolean NOT NULL,
    asesor_id bigint NOT NULL,
    estado_id character varying(1),
    "estadoEvento_id" bigint,
    lead_id bigint,
    objecion_id bigint,
    tipo_id bigint,
    "usuarioActualizador_id" bigint,
    "usuarioCreador_id" bigint
);


ALTER TABLE public.ventas_evento OWNER TO postgres;

--
-- Name: ventas_evento_id_seq; Type: SEQUENCE; Schema: public; Owner: postgres
--

ALTER TABLE public.ventas_evento ALTER COLUMN id ADD GENERATED BY DEFAULT AS IDENTITY (
    SEQUENCE NAME public.ventas_evento_id_seq
    START WITH 1
    INCREMENT BY 1
    NO MINVALUE
    NO MAXVALUE
    CACHE 1
);


--
-- Name: ventas_historicoleadasesor; Type: TABLE; Schema: public; Owner: postgres
--

CREATE TABLE public.ventas_historicoleadasesor (
    id bigint NOT NULL,
    fecha_creacion timestamp with time zone NOT NULL,
    lead_id bigint,
    usuario_id bigint
);


ALTER TABLE public.ventas_historicoleadasesor OWNER TO postgres;

--
-- Name: ventas_historicoleadasesor_id_seq; Type: SEQUENCE; Schema: public; Owner: postgres
--

ALTER TABLE public.ventas_historicoleadasesor ALTER COLUMN id ADD GENERATED BY DEFAULT AS IDENTITY (
    SEQUENCE NAME public.ventas_historicoleadasesor_id_seq
    START WITH 1
    INCREMENT BY 1
    NO MINVALUE
    NO MAXVALUE
    CACHE 1
);


--
-- Name: ventas_lead; Type: TABLE; Schema: public; Owner: postgres
--

CREATE TABLE public.ventas_lead (
    id bigint NOT NULL,
    nombre character varying(100) NOT NULL,
    apellido character varying(100) NOT NULL,
    asignado boolean NOT NULL,
    celular character varying(100) NOT NULL,
    celular2 character varying,
    comentario text NOT NULL,
    "horaRecepcion" timestamp with time zone,
    llamar boolean NOT NULL,
    importante boolean NOT NULL,
    fecha_asignacion timestamp with time zone,
    fecha_desasignacion timestamp with time zone,
    "recienCreado" boolean NOT NULL,
    fecha_creacion timestamp with time zone NOT NULL,
    fecha_actualizacion timestamp with time zone NOT NULL,
    asesor_id bigint,
    campania_id bigint NOT NULL,
    estado_id character varying(1),
    "estadoLead_id" character varying(2),
    objecion_id bigint,
    "usuarioActualizador_id" bigint,
    "usuarioCreador_id" bigint,
    "estadoSeparacionLead_id" bigint
);


ALTER TABLE public.ventas_lead OWNER TO postgres;

--
-- Name: ventas_lead_id_seq; Type: SEQUENCE; Schema: public; Owner: postgres
--

ALTER TABLE public.ventas_lead ALTER COLUMN id ADD GENERATED BY DEFAULT AS IDENTITY (
    SEQUENCE NAME public.ventas_lead_id_seq
    START WITH 1
    INCREMENT BY 1
    NO MINVALUE
    NO MAXVALUE
    CACHE 1
);


--
-- Name: ventas_llamada; Type: TABLE; Schema: public; Owner: postgres
--

CREATE TABLE public.ventas_llamada (
    id bigint NOT NULL,
    detalle text,
    contesto boolean NOT NULL,
    fecha_creacion timestamp with time zone NOT NULL,
    fecha_actualizacion timestamp with time zone NOT NULL,
    asesor_id bigint,
    estado_id character varying(1),
    lead_id bigint,
    objecion_id bigint,
    "usuarioActualizador_id" bigint,
    "usuarioCreador_id" bigint
);


ALTER TABLE public.ventas_llamada OWNER TO postgres;

--
-- Name: ventas_llamada_id_seq; Type: SEQUENCE; Schema: public; Owner: postgres
--

ALTER TABLE public.ventas_llamada ALTER COLUMN id ADD GENERATED BY DEFAULT AS IDENTITY (
    SEQUENCE NAME public.ventas_llamada_id_seq
    START WITH 1
    INCREMENT BY 1
    NO MINVALUE
    NO MAXVALUE
    CACHE 1
);


--
-- Name: ventas_objecion; Type: TABLE; Schema: public; Owner: postgres
--

CREATE TABLE public.ventas_objecion (
    id bigint NOT NULL,
    nombre character varying(100),
    estado_id character varying(1)
);


ALTER TABLE public.ventas_objecion OWNER TO postgres;

--
-- Name: ventas_objecion_id_seq; Type: SEQUENCE; Schema: public; Owner: postgres
--

ALTER TABLE public.ventas_objecion ALTER COLUMN id ADD GENERATED BY DEFAULT AS IDENTITY (
    SEQUENCE NAME public.ventas_objecion_id_seq
    START WITH 1
    INCREMENT BY 1
    NO MINVALUE
    NO MAXVALUE
    CACHE 1
);


--
-- Name: ventas_precio; Type: TABLE; Schema: public; Owner: postgres
--

CREATE TABLE public.ventas_precio (
    id bigint NOT NULL,
    precio double precision,
    cotizacion_id bigint,
    estado_id character varying(1),
    "tipoProducto_id" bigint
);


ALTER TABLE public.ventas_precio OWNER TO postgres;

--
-- Name: ventas_precio_id_seq; Type: SEQUENCE; Schema: public; Owner: postgres
--

ALTER TABLE public.ventas_precio ALTER COLUMN id ADD GENERATED BY DEFAULT AS IDENTITY (
    SEQUENCE NAME public.ventas_precio_id_seq
    START WITH 1
    INCREMENT BY 1
    NO MINVALUE
    NO MAXVALUE
    CACHE 1
);


--
-- Name: ventas_producto; Type: TABLE; Schema: public; Owner: postgres
--

CREATE TABLE public.ventas_producto (
    id bigint NOT NULL,
    nombre character varying(100) NOT NULL,
    codigo character varying(100) NOT NULL,
    reservado boolean NOT NULL,
    numero integer,
    area double precision,
    fecha_creacion timestamp with time zone NOT NULL,
    fecha_actualizacion timestamp with time zone NOT NULL,
    estado_id character varying(1),
    proyecto_id bigint NOT NULL,
    tipo_id bigint NOT NULL,
    "usuarioActualizador_id" bigint,
    "usuarioCreador_id" bigint
);


ALTER TABLE public.ventas_producto OWNER TO postgres;

--
-- Name: ventas_producto_id_seq; Type: SEQUENCE; Schema: public; Owner: postgres
--

ALTER TABLE public.ventas_producto ALTER COLUMN id ADD GENERATED BY DEFAULT AS IDENTITY (
    SEQUENCE NAME public.ventas_producto_id_seq
    START WITH 1
    INCREMENT BY 1
    NO MINVALUE
    NO MAXVALUE
    CACHE 1
);


--
-- Name: ventas_proyectotipoproducto; Type: TABLE; Schema: public; Owner: postgres
--

CREATE TABLE public.ventas_proyectotipoproducto (
    id bigint NOT NULL,
    proyecto_id bigint,
    tipo_producto_id bigint
);


ALTER TABLE public.ventas_proyectotipoproducto OWNER TO postgres;

--
-- Name: ventas_proyectotipoproducto_id_seq; Type: SEQUENCE; Schema: public; Owner: postgres
--

ALTER TABLE public.ventas_proyectotipoproducto ALTER COLUMN id ADD GENERATED BY DEFAULT AS IDENTITY (
    SEQUENCE NAME public.ventas_proyectotipoproducto_id_seq
    START WITH 1
    INCREMENT BY 1
    NO MINVALUE
    NO MAXVALUE
    CACHE 1
);


--
-- Name: ventas_tipocotizacion; Type: TABLE; Schema: public; Owner: postgres
--

CREATE TABLE public.ventas_tipocotizacion (
    id bigint NOT NULL,
    nombre character varying(100) NOT NULL,
    estado_id character varying(1)
);


ALTER TABLE public.ventas_tipocotizacion OWNER TO postgres;

--
-- Name: ventas_tipocotizacion_id_seq; Type: SEQUENCE; Schema: public; Owner: postgres
--

ALTER TABLE public.ventas_tipocotizacion ALTER COLUMN id ADD GENERATED BY DEFAULT AS IDENTITY (
    SEQUENCE NAME public.ventas_tipocotizacion_id_seq
    START WITH 1
    INCREMENT BY 1
    NO MINVALUE
    NO MAXVALUE
    CACHE 1
);


--
-- Name: ventas_tipocuota; Type: TABLE; Schema: public; Owner: postgres
--

CREATE TABLE public.ventas_tipocuota (
    id bigint NOT NULL,
    nombre character varying(100) NOT NULL,
    estado_id character varying(1)
);


ALTER TABLE public.ventas_tipocuota OWNER TO postgres;

--
-- Name: ventas_tipocuota_id_seq; Type: SEQUENCE; Schema: public; Owner: postgres
--

ALTER TABLE public.ventas_tipocuota ALTER COLUMN id ADD GENERATED BY DEFAULT AS IDENTITY (
    SEQUENCE NAME public.ventas_tipocuota_id_seq
    START WITH 1
    INCREMENT BY 1
    NO MINVALUE
    NO MAXVALUE
    CACHE 1
);


--
-- Name: ventas_tipoevento; Type: TABLE; Schema: public; Owner: postgres
--

CREATE TABLE public.ventas_tipoevento (
    id bigint NOT NULL,
    nombre character varying(100),
    estado_id character varying(1),
    color character varying(100)
);


ALTER TABLE public.ventas_tipoevento OWNER TO postgres;

--
-- Name: ventas_tipoevento_id_seq; Type: SEQUENCE; Schema: public; Owner: postgres
--

ALTER TABLE public.ventas_tipoevento ALTER COLUMN id ADD GENERATED BY DEFAULT AS IDENTITY (
    SEQUENCE NAME public.ventas_tipoevento_id_seq
    START WITH 1
    INCREMENT BY 1
    NO MINVALUE
    NO MAXVALUE
    CACHE 1
);


--
-- Name: ventas_tipoproducto; Type: TABLE; Schema: public; Owner: postgres
--

CREATE TABLE public.ventas_tipoproducto (
    id bigint NOT NULL,
    nombre character varying(100) NOT NULL,
    estado_id character varying(1)
);


ALTER TABLE public.ventas_tipoproducto OWNER TO postgres;

--
-- Name: ventas_tipoproducto_id_seq; Type: SEQUENCE; Schema: public; Owner: postgres
--

ALTER TABLE public.ventas_tipoproducto ALTER COLUMN id ADD GENERATED BY DEFAULT AS IDENTITY (
    SEQUENCE NAME public.ventas_tipoproducto_id_seq
    START WITH 1
    INCREMENT BY 1
    NO MINVALUE
    NO MAXVALUE
    CACHE 1
);


--
-- Name: ventas_whatsapp; Type: TABLE; Schema: public; Owner: postgres
--

CREATE TABLE public.ventas_whatsapp (
    id bigint NOT NULL,
    detalle text,
    respondio boolean NOT NULL,
    fecha_creacion timestamp with time zone NOT NULL,
    fecha_actualizacion timestamp with time zone NOT NULL,
    asesor_id bigint,
    estado_id character varying(1),
    lead_id bigint,
    objecion_id bigint,
    "usuarioActualizador_id" bigint,
    "usuarioCreador_id" bigint
);


ALTER TABLE public.ventas_whatsapp OWNER TO postgres;

--
-- Name: ventas_whatsapp_id_seq; Type: SEQUENCE; Schema: public; Owner: postgres
--

ALTER TABLE public.ventas_whatsapp ALTER COLUMN id ADD GENERATED BY DEFAULT AS IDENTITY (
    SEQUENCE NAME public.ventas_whatsapp_id_seq
    START WITH 1
    INCREMENT BY 1
    NO MINVALUE
    NO MAXVALUE
    CACHE 1
);


--
-- Data for Name: auth_group; Type: TABLE DATA; Schema: public; Owner: postgres
--

COPY public.auth_group (id, name) FROM stdin;
1	administrador
2	asesor
3	marketing
\.


--
-- Data for Name: auth_group_permissions; Type: TABLE DATA; Schema: public; Owner: postgres
--

COPY public.auth_group_permissions (id, group_id, permission_id) FROM stdin;
1	1	9
2	1	10
3	1	11
4	1	12
5	1	25
6	1	26
7	1	27
8	1	28
9	1	33
10	1	34
11	1	35
12	1	36
13	1	45
14	1	46
15	1	47
16	1	48
17	1	65
18	1	66
19	1	67
20	1	68
21	1	85
22	1	86
23	1	87
24	1	88
25	1	93
26	1	94
27	1	95
28	1	96
29	2	65
30	2	66
31	2	67
32	2	68
33	2	85
34	2	86
35	2	87
36	2	88
37	3	65
38	3	66
39	3	67
40	3	68
41	3	45
42	3	46
43	3	47
44	3	48
\.


--
-- Data for Name: auth_permission; Type: TABLE DATA; Schema: public; Owner: postgres
--

COPY public.auth_permission (id, name, content_type_id, codename) FROM stdin;
1	Can add log entry	1	add_logentry
2	Can change log entry	1	change_logentry
3	Can delete log entry	1	delete_logentry
4	Can view log entry	1	view_logentry
5	Can add permission	2	add_permission
6	Can change permission	2	change_permission
7	Can delete permission	2	delete_permission
8	Can view permission	2	view_permission
9	Can add group	3	add_group
10	Can change group	3	change_group
11	Can delete group	3	delete_group
12	Can view group	3	view_group
13	Can add content type	4	add_contenttype
14	Can change content type	4	change_contenttype
15	Can delete content type	4	delete_contenttype
16	Can view content type	4	view_contenttype
17	Can add session	5	add_session
18	Can change session	5	change_session
19	Can delete session	5	delete_session
20	Can view session	5	view_session
21	Can add estado registro	6	add_estadoregistro
22	Can change estado registro	6	change_estadoregistro
23	Can delete estado registro	6	delete_estadoregistro
24	Can view estado registro	6	view_estadoregistro
25	Can add user	7	add_user
26	Can change user	7	change_user
27	Can delete user	7	delete_user
28	Can view user	7	view_user
29	Can add modulo	8	add_modulo
30	Can change modulo	8	change_modulo
31	Can delete modulo	8	delete_modulo
32	Can view modulo	8	view_modulo
33	Can add proyecto	9	add_proyecto
34	Can change proyecto	9	change_proyecto
35	Can delete proyecto	9	delete_proyecto
36	Can view proyecto	9	view_proyecto
37	Can add presupuesto proyecto	10	add_presupuestoproyecto
38	Can change presupuesto proyecto	10	change_presupuestoproyecto
39	Can delete presupuesto proyecto	10	delete_presupuestoproyecto
40	Can view presupuesto proyecto	10	view_presupuestoproyecto
41	Can add categoria	11	add_categoria
42	Can change categoria	11	change_categoria
43	Can delete categoria	11	delete_categoria
44	Can view categoria	11	view_categoria
45	Can add campania	12	add_campania
46	Can change campania	12	change_campania
47	Can delete campania	12	delete_campania
48	Can view campania	12	view_campania
49	Can add gasto campania	13	add_gastocampania
50	Can change gasto campania	13	change_gastocampania
51	Can delete gasto campania	13	delete_gastocampania
52	Can view gasto campania	13	view_gastocampania
53	Can add tipo evento	14	add_tipoevento
54	Can change tipo evento	14	change_tipoevento
55	Can delete tipo evento	14	delete_tipoevento
56	Can view tipo evento	14	view_tipoevento
57	Can add objecion	15	add_objecion
58	Can change objecion	15	change_objecion
59	Can delete objecion	15	delete_objecion
60	Can view objecion	15	view_objecion
61	Can add estado lead	16	add_estadolead
62	Can change estado lead	16	change_estadolead
63	Can delete estado lead	16	delete_estadolead
64	Can view estado lead	16	view_estadolead
65	Can add lead	17	add_lead
66	Can change lead	17	change_lead
67	Can delete lead	17	delete_lead
68	Can view lead	17	view_lead
69	Can add whats app	18	add_whatsapp
70	Can change whats app	18	change_whatsapp
71	Can delete whats app	18	delete_whatsapp
72	Can view whats app	18	view_whatsapp
73	Can add historico lead asesor	19	add_historicoleadasesor
74	Can change historico lead asesor	19	change_historicoleadasesor
75	Can delete historico lead asesor	19	delete_historicoleadasesor
76	Can view historico lead asesor	19	view_historicoleadasesor
77	Can add llamada	20	add_llamada
78	Can change llamada	20	change_llamada
79	Can delete llamada	20	delete_llamada
80	Can view llamada	20	view_llamada
81	Can add estado evento	21	add_estadoevento
82	Can change estado evento	21	change_estadoevento
83	Can delete estado evento	21	delete_estadoevento
84	Can view estado evento	21	view_estadoevento
85	Can add evento	22	add_evento
86	Can change evento	22	change_evento
87	Can delete evento	22	delete_evento
88	Can view evento	22	view_evento
89	Can add tipo producto	23	add_tipoproducto
90	Can change tipo producto	23	change_tipoproducto
91	Can delete tipo producto	23	delete_tipoproducto
92	Can view tipo producto	23	view_tipoproducto
93	Can add producto	24	add_producto
94	Can change producto	24	change_producto
95	Can delete producto	24	delete_producto
96	Can view producto	24	view_producto
97	Can add tipo cotizacion	25	add_tipocotizacion
98	Can change tipo cotizacion	25	change_tipocotizacion
99	Can delete tipo cotizacion	25	delete_tipocotizacion
100	Can view tipo cotizacion	25	view_tipocotizacion
101	Can add cotizacion	26	add_cotizacion
102	Can change cotizacion	26	change_cotizacion
103	Can delete cotizacion	26	delete_cotizacion
104	Can view cotizacion	26	view_cotizacion
105	Can add tipo cuota	27	add_tipocuota
106	Can change tipo cuota	27	change_tipocuota
107	Can delete tipo cuota	27	delete_tipocuota
108	Can view tipo cuota	27	view_tipocuota
109	Can add cuota	28	add_cuota
110	Can change cuota	28	change_cuota
111	Can delete cuota	28	delete_cuota
112	Can view cuota	28	view_cuota
113	Can add precio	29	add_precio
114	Can change precio	29	change_precio
115	Can delete precio	29	delete_precio
116	Can view precio	29	view_precio
117	Can add proyecto tipo producto	30	add_proyectotipoproducto
118	Can change proyecto tipo producto	30	change_proyectotipoproducto
119	Can delete proyecto tipo producto	30	delete_proyectotipoproducto
120	Can view proyecto tipo producto	30	view_proyectotipoproducto
121	Can add desasignacion lead asesor	31	add_desasignacionleadasesor
122	Can change desasignacion lead asesor	31	change_desasignacionleadasesor
123	Can delete desasignacion lead asesor	31	delete_desasignacionleadasesor
124	Can view desasignacion lead asesor	31	view_desasignacionleadasesor
125	Can add desasignacion configuracion	32	add_desasignacionconfiguracion
126	Can change desasignacion configuracion	32	change_desasignacionconfiguracion
127	Can delete desasignacion configuracion	32	delete_desasignacionconfiguracion
128	Can view desasignacion configuracion	32	view_desasignacionconfiguracion
129	Can add video proyecto	33	add_videoproyecto
130	Can change video proyecto	33	change_videoproyecto
131	Can delete video proyecto	33	delete_videoproyecto
132	Can view video proyecto	33	view_videoproyecto
133	Can add video producto	34	add_videoproducto
134	Can change video producto	34	change_videoproducto
135	Can delete video producto	34	delete_videoproducto
136	Can view video producto	34	view_videoproducto
137	Can add imagen proyecto	35	add_imagenproyecto
138	Can change imagen proyecto	35	change_imagenproyecto
139	Can delete imagen proyecto	35	delete_imagenproyecto
140	Can view imagen proyecto	35	view_imagenproyecto
141	Can add imagen producto	36	add_imagenproducto
142	Can change imagen producto	36	change_imagenproducto
143	Can delete imagen producto	36	delete_imagenproducto
144	Can view imagen producto	36	view_imagenproducto
145	Can add outstanding token	37	add_outstandingtoken
146	Can change outstanding token	37	change_outstandingtoken
147	Can delete outstanding token	37	delete_outstandingtoken
148	Can view outstanding token	37	view_outstandingtoken
149	Can add blacklisted token	38	add_blacklistedtoken
150	Can change blacklisted token	38	change_blacklistedtoken
151	Can delete blacklisted token	38	delete_blacklistedtoken
152	Can view blacklisted token	38	view_blacklistedtoken
153	Can add solar event	39	add_solarschedule
154	Can change solar event	39	change_solarschedule
155	Can delete solar event	39	delete_solarschedule
156	Can view solar event	39	view_solarschedule
157	Can add interval	40	add_intervalschedule
158	Can change interval	40	change_intervalschedule
159	Can delete interval	40	delete_intervalschedule
160	Can view interval	40	view_intervalschedule
161	Can add clocked	41	add_clockedschedule
162	Can change clocked	41	change_clockedschedule
163	Can delete clocked	41	delete_clockedschedule
164	Can view clocked	41	view_clockedschedule
165	Can add crontab	42	add_crontabschedule
166	Can change crontab	42	change_crontabschedule
167	Can delete crontab	42	delete_crontabschedule
168	Can view crontab	42	view_crontabschedule
169	Can add periodic tasks	43	add_periodictasks
170	Can change periodic tasks	43	change_periodictasks
171	Can delete periodic tasks	43	delete_periodictasks
172	Can view periodic tasks	43	view_periodictasks
173	Can add periodic task	44	add_periodictask
174	Can change periodic task	44	change_periodictask
175	Can delete periodic task	44	delete_periodictask
176	Can view periodic task	44	view_periodictask
177	Can add estado separacion lead	45	add_estadoseparacionlead
178	Can change estado separacion lead	45	change_estadoseparacionlead
179	Can delete estado separacion lead	45	delete_estadoseparacionlead
180	Can view estado separacion lead	45	view_estadoseparacionlead
\.


--
-- Data for Name: cuenta_estadoregistro; Type: TABLE DATA; Schema: public; Owner: postgres
--

COPY public.cuenta_estadoregistro (estado, nombre) FROM stdin;
A	Activo
I	Inactivo
\.


--
-- Data for Name: cuenta_modulo; Type: TABLE DATA; Schema: public; Owner: postgres
--

COPY public.cuenta_modulo (id, nombre, url, "contentType_id", estado_id) FROM stdin;
1	Gestion de campa침as	campania	12	A
2	Gesti칩n de proyectos	proyecto	9	A
3	Gestion de roles	rol	3	A
4	Gesti칩n de productos	producto	24	A
5	Gesti칩n de leads	lead	17	A
6	Gestion de eventos	evento	22	A
7	Gestion de usuarios	usuario	7	A
\.


--
-- Data for Name: cuenta_user; Type: TABLE DATA; Schema: public; Owner: postgres
--

COPY public.cuenta_user (id, password, last_login, is_superuser, username, first_name, last_name, email, is_staff, is_active, date_joined, "codigoAsesor", "isAdmin", estado_id) FROM stdin;
15	pbkdf2_sha256$600000$hPlu0JAXKWLg7K76Hjim23$7IZX4Zp38G2OzU7FnVH1Dr54iATQoWIpF9dqAU7B8aQ=	\N	f	Asesor2	asesor	dos	bgomezv@unsa.edu.pe	f	t	2024-03-17 18:55:37.481999-05	asesor_b	f	A
17	pbkdf2_sha256$600000$oKqllJnzQfp5A23docKPp1$Nw3VIEt0D9hg1VJ05WXJ+zgnS2P+/SxMIPGB+DzzL0g=	\N	f	Asesor4	asesor	admin	bgomezv@unsa.edu.pe	f	t	2024-03-17 18:57:41.430455-05	asesor_d	t	A
18	pbkdf2_sha256$600000$rM9TnIytZR20uciYGZjWVd$bGpS2i2y1VK0sPnYoE0/BJS3xaT9VzrPmQ3V66ZUck4=	\N	f	Marketing1	marketing	uno	bgomezv@unsa.edu.pe	f	t	2024-03-17 18:58:17.075979-05	\N	t	A
16	pbkdf2_sha256$600000$LvwrCozWg9lxKgx0060HIs$EIFvmsJIEN10D+sMK0iWHhPB/TqHmk9FYqKplKn8/hU=	\N	f	Asesor3	asesor	tres	josephgvalfa@gmail.com	f	t	2024-03-17 18:56:48.564697-05	asesor_c	f	A
1	pbkdf2_sha256$600000$lpiHqh7MMfv2Kq54oIsMCp$JzjEsJJUZmGoq6aFcQu9iH2QwjBuGviyk2/yffRwBsE=	2024-03-18 18:52:29.497102-05	t	portilloAdmin	Administrador Portillo			t	t	2024-03-17 17:49:39.532587-05	\N	f	A
14	pbkdf2_sha256$600000$sD8HxA8ryZKgP3IQGgM1gZ$svH2YEdZouxzK0sJTn6LefzzuY3gD9eycHLobD6dPgA=	\N	f	Asesor1	asesor	juan	josephgvalfa@gmail.com	f	t	2024-03-17 18:54:45.831635-05	asesor_a	f	A
\.


--
-- Data for Name: cuenta_user_groups; Type: TABLE DATA; Schema: public; Owner: postgres
--

COPY public.cuenta_user_groups (id, user_id, group_id) FROM stdin;
1	1	1
7	14	2
8	15	2
9	16	2
10	17	2
11	18	3
\.


--
-- Data for Name: cuenta_user_user_permissions; Type: TABLE DATA; Schema: public; Owner: postgres
--

COPY public.cuenta_user_user_permissions (id, user_id, permission_id) FROM stdin;
\.


--
-- Data for Name: django_admin_log; Type: TABLE DATA; Schema: public; Owner: postgres
--

COPY public.django_admin_log (id, action_time, object_id, object_repr, action_flag, change_message, content_type_id, user_id) FROM stdin;
1	2024-03-17 18:52:37.115337-05	7	asesor1	3		7	1
2	2024-03-17 18:52:37.121325-05	3	Asesor1	3		7	1
3	2024-03-17 18:52:37.122714-05	13	asesor11	3		7	1
4	2024-03-17 18:52:37.124187-05	11	asesor2	3		7	1
5	2024-03-17 18:52:37.125476-05	5	Asesor2	3		7	1
6	2024-03-17 18:52:37.126716-05	12	marketing1	3		7	1
7	2024-03-18 10:24:16.557363-05	SE	Separado	1	[{"added": {}}]	45	1
8	2024-03-18 10:24:32.048722-05	VE	Vendido	1	[{"added": {}}]	45	1
9	2024-03-18 10:24:46.296736-05	DE	Desistio	1	[{"added": {}}]	45	1
10	2024-03-18 10:25:17.32909-05	14	943702641	2	[{"changed": {"fields": ["EstadoSeparacionLead"]}}]	17	1
11	2024-03-18 10:28:52.49374-05	11	Samuel-913949511	2	[{"changed": {"fields": ["EstadoSeparacionLead"]}}]	17	1
12	2024-03-18 10:28:52.629136-05	11	Samuel-913949511	2	[]	17	1
13	2024-03-18 11:04:32.059922-05	16	Asesor3	2	[{"changed": {"fields": ["password"]}}]	7	1
14	2024-03-18 14:48:04.312307-05	2	Proyecto Socabaya-696969.0	1	[{"added": {}}]	10	1
15	2024-03-18 14:54:03.685198-05	6	Solange-969685859	2	[{"changed": {"fields": ["Fecha creacion"]}}]	17	1
16	2024-03-18 14:55:03.526498-05	17	888888888	2	[{"changed": {"fields": ["Fecha asignacion"]}}]	17	1
17	2024-03-18 16:33:18.371613-05	SE	Separaciones	2	[{"changed": {"fields": ["Color"]}}]	16	1
18	2024-03-18 16:35:50.050369-05	CI	Cierre	2	[{"changed": {"fields": ["Color"]}}]	16	1
19	2024-03-18 16:57:48.475863-05	22	51 969 696 969	3		17	1
20	2024-03-18 16:57:48.485132-05	21	+51 963 256 896	3		17	1
21	2024-03-18 16:57:48.487045-05	20	+51 963 258 696	3		17	1
22	2024-03-18 16:57:48.489615-05	19	+51 963 696 666	3		17	1
23	2024-03-18 16:57:48.490908-05	18	+51 999 999 999	3		17	1
24	2024-03-18 17:20:50.161694-05	VE	Vendido	3		45	1
25	2024-03-18 17:20:50.167724-05	SE	Separado	3		45	1
26	2024-03-18 17:20:50.169322-05	DE	Desistio	3		45	1
27	2024-03-18 17:27:35.120036-05	3	Socabaya	1	[{"added": {}}]	45	1
28	2024-03-18 17:27:41.055736-05	3	Separo	2	[{"changed": {"fields": ["Nombre"]}}]	45	1
29	2024-03-18 17:27:49.654766-05	4	Vendido	1	[{"added": {}}]	45	1
30	2024-03-18 17:28:01.48722-05	5	Desistio	1	[{"added": {}}]	45	1
31	2024-03-18 18:11:05.073891-05	26	51963256984	3		17	1
32	2024-03-18 18:11:15.826076-05	25	+9	3		17	1
33	2024-03-18 18:11:15.835263-05	24	+54 9 696 969 696	3		17	1
34	2024-03-18 18:11:15.837761-05	23	51969696969	3		17	1
35	2024-03-18 18:11:15.839776-05	17	888888888	3		17	1
36	2024-03-18 18:11:15.84129-05	16	999999999	3		17	1
37	2024-03-18 18:11:15.842663-05	15	944857396	3		17	1
38	2024-03-18 18:11:15.844282-05	14	943702641	3		17	1
39	2024-03-18 18:11:15.845635-05	13	Maria-952784659	3		17	1
40	2024-03-18 18:11:15.846977-05	12	Luis-921840124	3		17	1
41	2024-03-18 18:11:15.847892-05	11	Samuel-913949511	3		17	1
42	2024-03-18 18:11:15.849093-05	10	Percy-911249144	3		17	1
43	2024-03-18 18:11:15.850311-05	9	Miguel-911393941	3		17	1
44	2024-03-18 18:11:15.851588-05	8	983123832	3		17	1
45	2024-03-18 18:11:15.85303-05	7	Juan-45151541	3		17	1
46	2024-03-18 18:11:15.855443-05	6	Solange-969685859	3		17	1
47	2024-03-18 18:11:15.856738-05	5	Carlos-363636339	3		17	1
48	2024-03-18 18:11:15.857997-05	4	Andrew-9595959595	3		17	1
49	2024-03-18 18:11:15.859307-05	3	Jose-969685859	3		17	1
50	2024-03-18 18:11:15.860429-05	2	Lead2-+51 963 256 894	3		17	1
51	2024-03-18 18:11:15.861718-05	1	fffffff-51963852147	3		17	1
52	2024-03-18 18:47:48.525805-05	2	Proyecto Socabaya-696969.0	3		10	1
53	2024-03-18 18:52:43.542418-05	469	Fernando-948047343	2	[{"changed": {"fields": ["HoraRecepcion"]}}]	17	1
54	2024-03-18 23:00:53.538592-05	69	Sayda-915341146	3		17	1
55	2024-03-18 23:00:53.547765-05	68	Gabriel-997704330	3		17	1
56	2024-03-18 23:00:53.54925-05	67	Ang칠lica-950896072	3		17	1
57	2024-03-18 23:00:53.550443-05	66	Edgar-956201668	3		17	1
58	2024-03-18 23:00:53.551651-05	65	Rosa-959041757	3		17	1
59	2024-03-18 23:00:53.552995-05	64	Luz-973056264	3		17	1
60	2024-03-18 23:00:53.554108-05	63	Enrique-974879680	3		17	1
61	2024-03-18 23:00:53.555194-05	62	Celso-952658197	3		17	1
62	2024-03-18 23:00:53.55612-05	61	Miguel-995952972	3		17	1
63	2024-03-18 23:00:53.557234-05	60	Eduardo-973291346	3		17	1
64	2024-03-18 23:00:53.558457-05	59	Brayan-978513524	3		17	1
65	2024-03-18 23:00:53.559573-05	58	Marco-977136217	3		17	1
66	2024-03-18 23:00:53.560944-05	57	Julio-957201702	3		17	1
67	2024-03-18 23:00:53.56206-05	56	Eilleen-997478920	3		17	1
68	2024-03-18 23:00:53.56336-05	55	Cesar-995685498	3		17	1
69	2024-03-18 23:00:53.564408-05	54	Gonzalo-976955066	3		17	1
70	2024-03-18 23:00:53.565386-05	53	Angelica-942057171	3		17	1
71	2024-03-18 23:00:53.566592-05	52	Elizabeth-978668946	3		17	1
72	2024-03-18 23:00:53.567889-05	51	Everson-915157824	3		17	1
73	2024-03-18 23:00:53.568964-05	50	Alonso-971871471	3		17	1
74	2024-03-18 23:00:53.570079-05	49	Efrain-986748444	3		17	1
75	2024-03-18 23:00:53.57115-05	48	Edgar-959140324	3		17	1
76	2024-03-18 23:00:53.572248-05	47	Mar칤a-972680009	3		17	1
77	2024-03-18 23:00:53.573536-05	46	Felipe-999408855	3		17	1
78	2024-03-18 23:00:53.575041-05	45	Roberto-941284195	3		17	1
79	2024-03-18 23:00:53.576618-05	44	Annie-954683337	3		17	1
80	2024-03-18 23:00:53.577955-05	43	Manuel-997812463	3		17	1
81	2024-03-18 23:00:53.578946-05	42	Francklin-974786475	3		17	1
82	2024-03-18 23:00:53.579985-05	41	Mariluz-985990402	3		17	1
83	2024-03-18 23:00:53.581332-05	40	Francisca-959833996	3		17	1
84	2024-03-18 23:00:53.582695-05	39	Julissa-992241833	3		17	1
85	2024-03-18 23:00:53.583978-05	38	Omar-957829995	3		17	1
86	2024-03-18 23:00:53.584941-05	37	Jose-989754536	3		17	1
87	2024-03-18 23:00:53.585939-05	36	Manuel-956682642	3		17	1
88	2024-03-18 23:00:53.587067-05	35	Lupita-997003247	3		17	1
89	2024-03-18 23:00:53.58826-05	34	Ysabel-949788489	3		17	1
90	2024-03-18 23:00:53.589707-05	33	944205595	3		17	1
91	2024-03-18 23:00:53.591313-05	32	941036327	3		17	1
92	2024-03-18 23:00:53.592955-05	31	969758306	3		17	1
93	2024-03-18 23:00:53.594243-05	30	937334123	3		17	1
94	2024-03-18 23:00:53.595395-05	29	941679269	3		17	1
95	2024-03-18 23:00:53.596422-05	28	958227562	3		17	1
96	2024-03-18 23:00:53.598387-05	27	920422911	3		17	1
97	2024-03-18 23:01:01.860176-05	469	Fernando-948047343	3		17	1
98	2024-03-18 23:01:01.86607-05	468	S/N-983627310	3		17	1
99	2024-03-18 23:01:01.867727-05	467	S/N-956567174	3		17	1
100	2024-03-18 23:01:01.869117-05	466	Rous-998770441	3		17	1
101	2024-03-18 23:01:01.870439-05	465	Felix-949202117	3		17	1
102	2024-03-18 23:01:01.871593-05	464	S/N-958240134	3		17	1
103	2024-03-18 23:01:01.872997-05	463	S/N-900999492	3		17	1
104	2024-03-18 23:01:01.874198-05	462	S/N-978669762	3		17	1
105	2024-03-18 23:01:01.875638-05	461	S/N-999993882	3		17	1
106	2024-03-18 23:01:01.877442-05	460	Alejandro-953024428	3		17	1
107	2024-03-18 23:01:01.878786-05	459	S/N-939375312	3		17	1
108	2024-03-18 23:01:01.880299-05	458	Carlor-976669579	3		17	1
109	2024-03-18 23:01:01.881657-05	457	Paula-959691853	3		17	1
110	2024-03-18 23:01:01.882845-05	456	Romulo-904630153	3		17	1
111	2024-03-18 23:01:01.883963-05	455	Wiber-969729815	3		17	1
112	2024-03-18 23:01:01.885078-05	454	S/N-971088953	3		17	1
113	2024-03-18 23:01:01.886576-05	453	Gabriela-914453213	3		17	1
114	2024-03-18 23:01:01.887866-05	452	Oscar-937723373	3		17	1
115	2024-03-18 23:01:01.888991-05	451	Kelly-931489693	3		17	1
116	2024-03-18 23:01:01.890176-05	450	Yanina-958647281	3		17	1
117	2024-03-18 23:01:01.891489-05	449	Arthur-976340861	3		17	1
118	2024-03-18 23:01:01.892598-05	448	Mayra-930275306	3		17	1
119	2024-03-18 23:01:01.894004-05	447	Jesus-977135782	3		17	1
120	2024-03-18 23:01:01.895083-05	446	Gonzalo-959457194	3		17	1
121	2024-03-18 23:01:01.896345-05	445	S/N-900581040	3		17	1
122	2024-03-18 23:01:01.897466-05	444	Marlene-976757405	3		17	1
123	2024-03-18 23:01:01.898601-05	443	Cesar-992576900	3		17	1
124	2024-03-18 23:01:01.89979-05	442	Kevin-974721243	3		17	1
125	2024-03-18 23:01:01.901128-05	441	Carlos-940612853	3		17	1
126	2024-03-18 23:01:01.902367-05	440	Carmen-979001454	3		17	1
127	2024-03-18 23:01:01.903579-05	439	Jhonatan-976658191	3		17	1
128	2024-03-18 23:01:01.904729-05	438	Rosa-958672572	3		17	1
129	2024-03-18 23:01:01.905968-05	437	S/N-927063332	3		17	1
130	2024-03-18 23:01:01.907501-05	436	Jorge-963957101	3		17	1
131	2024-03-18 23:01:01.909091-05	435	Victor-959096596	3		17	1
132	2024-03-18 23:01:01.910315-05	434	Franco-953284204	3		17	1
133	2024-03-18 23:01:01.911524-05	433	Maria-980028226	3		17	1
134	2024-03-18 23:01:01.912584-05	432	Fernando-959628128	3		17	1
135	2024-03-18 23:01:01.91363-05	431	Hector-993152687	3		17	1
136	2024-03-18 23:01:01.914682-05	430	Braulio-955921915	3		17	1
137	2024-03-18 23:01:01.916089-05	429	S/N-966633463	3		17	1
138	2024-03-18 23:01:01.917659-05	428	Sandro-962888664	3		17	1
139	2024-03-18 23:01:01.918804-05	427	Juan Carlos-963714463	3		17	1
140	2024-03-18 23:01:01.920035-05	426	Taipe-959249013	3		17	1
141	2024-03-18 23:01:01.921198-05	425	Nelly-981977307	3		17	1
142	2024-03-18 23:01:01.922366-05	424	Angel-963583382	3		17	1
143	2024-03-18 23:01:01.923708-05	423	Mariela-966361186	3		17	1
144	2024-03-18 23:01:01.924898-05	422	Norah-981070404	3		17	1
145	2024-03-18 23:01:01.926292-05	421	Miguel-990313791	3		17	1
146	2024-03-18 23:01:01.927701-05	420	Maria Milagro-978360056	3		17	1
147	2024-03-18 23:01:01.928909-05	419	Omar-989871625	3		17	1
148	2024-03-18 23:01:01.930144-05	418	Vicente-955272257	3		17	1
149	2024-03-18 23:01:01.931468-05	417	S/N-939147481	3		17	1
150	2024-03-18 23:01:01.932649-05	416	Renzo-921198336	3		17	1
151	2024-03-18 23:01:01.933948-05	415	S/N-916507207	3		17	1
152	2024-03-18 23:01:01.935165-05	414	Jorge-944083470	3		17	1
153	2024-03-18 23:01:01.936488-05	413	Roel-993529657	3		17	1
154	2024-03-18 23:01:01.937654-05	412	Gilber-930322554	3		17	1
155	2024-03-18 23:01:01.938807-05	411	S/N-954052671	3		17	1
156	2024-03-18 23:01:01.94029-05	410	Juan-918215954	3		17	1
157	2024-03-18 23:01:01.941708-05	409	Nadia-932368246	3		17	1
158	2024-03-18 23:01:01.943035-05	408	Yessica-988582978	3		17	1
159	2024-03-18 23:01:01.944248-05	407	Grimaldo-989661177	3		17	1
160	2024-03-18 23:01:01.945251-05	406	Sergio-951848821	3		17	1
161	2024-03-18 23:01:01.946604-05	405	Hugo-957865510	3		17	1
162	2024-03-18 23:01:01.947673-05	404	Samuel-958242542	3		17	1
163	2024-03-18 23:01:01.948719-05	403	Alfredo-942761268	3		17	1
164	2024-03-18 23:01:01.949853-05	402	Juan-960973458	3		17	1
165	2024-03-18 23:01:01.950913-05	401	Victor-982691593	3		17	1
166	2024-03-18 23:01:01.95208-05	400	Luc칤a-985138245	3		17	1
167	2024-03-18 23:01:01.953214-05	399	S/N-952643301	3		17	1
168	2024-03-18 23:01:01.954415-05	398	Mariela-959386200	3		17	1
169	2024-03-18 23:01:01.955658-05	397	Bernardo-957946578	3		17	1
170	2024-03-18 23:01:01.956852-05	396	Jarif-943820054	3		17	1
171	2024-03-18 23:01:01.958093-05	395	Mily-986580844	3		17	1
172	2024-03-18 23:01:01.959641-05	394	S/N-977719785	3		17	1
173	2024-03-18 23:01:01.961076-05	393	Gerardo-980682822	3		17	1
174	2024-03-18 23:01:01.96225-05	392	Jacinto-946633824	3		17	1
175	2024-03-18 23:01:01.963523-05	391	Omar-984399647	3		17	1
176	2024-03-18 23:01:01.964583-05	390	S/N-951640026	3		17	1
177	2024-03-18 23:01:01.965889-05	389	Alfredo-950856669	3		17	1
178	2024-03-18 23:01:01.967187-05	388	S/N-998740161	3		17	1
179	2024-03-18 23:01:01.968261-05	387	S/N-954615401	3		17	1
180	2024-03-18 23:01:01.969381-05	386	Elena-932698686	3		17	1
181	2024-03-18 23:01:01.970556-05	385	S/N-982539027	3		17	1
182	2024-03-18 23:01:01.971647-05	384	S/N-956284503	3		17	1
183	2024-03-18 23:01:01.972683-05	383	Dayana-966873523	3		17	1
184	2024-03-18 23:01:01.974062-05	382	S/N-950748037	3		17	1
185	2024-03-18 23:01:01.975756-05	381	Elena-958745256	3		17	1
186	2024-03-18 23:01:01.97705-05	380	Jorge-997801346	3		17	1
187	2024-03-18 23:01:01.978274-05	379	S/N-943045084	3		17	1
188	2024-03-18 23:01:01.979353-05	378	Nilton-917459728	3		17	1
189	2024-03-18 23:01:01.980552-05	377	Eleana-988802810	3		17	1
190	2024-03-18 23:01:01.981645-05	376	Paola-974394322	3		17	1
191	2024-03-18 23:01:01.983046-05	375	Katy-982178579	3		17	1
192	2024-03-18 23:01:01.984766-05	374	Luzmarina-959585651	3		17	1
193	2024-03-18 23:01:01.986251-05	373	Maria-951325550	3		17	1
194	2024-03-18 23:01:01.987559-05	372	Genaro-965328780	3		17	1
195	2024-03-18 23:01:01.988671-05	371	Jorge-926252392	3		17	1
196	2024-03-18 23:01:01.990169-05	370	Sol-914642675	3		17	1
197	2024-03-18 23:01:10.119933-05	369	Myriam-959997208	3		17	1
198	2024-03-18 23:01:10.130488-05	368	Yvan-924216494	3		17	1
199	2024-03-18 23:01:10.133538-05	367	Lidia-983347539	3		17	1
200	2024-03-18 23:01:10.134822-05	366	S/N-918500582	3		17	1
201	2024-03-18 23:01:10.136653-05	365	Sebasti치n-915390284	3		17	1
202	2024-03-18 23:01:10.138039-05	364	Felipe-990408855	3		17	1
203	2024-03-18 23:01:10.139395-05	363	Rodrigo-939558992	3		17	1
204	2024-03-18 23:01:10.140642-05	362	Martin-944915252	3		17	1
205	2024-03-18 23:01:10.142103-05	361	Juan Carlos-940067298	3		17	1
206	2024-03-18 23:01:10.14344-05	360	Maria del Carmen-981381322	3		17	1
207	2024-03-18 23:01:10.144678-05	359	Nilda-957077316	3		17	1
208	2024-03-18 23:01:10.145794-05	358	S/N-904729555	3		17	1
209	2024-03-18 23:01:10.147234-05	357	Jose-928856293	3		17	1
210	2024-03-18 23:01:10.148636-05	356	Nico-923454514	3		17	1
211	2024-03-18 23:01:10.149854-05	355	Juan-940420445	3		17	1
212	2024-03-18 23:01:10.151103-05	354	Mauge-974578292	3		17	1
213	2024-03-18 23:01:10.152408-05	353	Jose-955427297	3		17	1
214	2024-03-18 23:01:10.153591-05	352	S/N-996111171	3		17	1
215	2024-03-18 23:01:10.154702-05	351	S/N-901689693	3		17	1
216	2024-03-18 23:01:10.156431-05	350	Flor-912948031	3		17	1
217	2024-03-18 23:01:10.158128-05	349	Carlos-987822333	3		17	1
218	2024-03-18 23:01:10.159937-05	348	Osmar-962273042	3		17	1
219	2024-03-18 23:01:10.161234-05	347	Lucero-967073768	3		17	1
220	2024-03-18 23:01:10.162289-05	346	Herber-990905055	3		17	1
221	2024-03-18 23:01:10.163563-05	345	Roque-967280854	3		17	1
222	2024-03-18 23:01:10.164842-05	344	Yoselyn-939087730	3		17	1
223	2024-03-18 23:01:10.166137-05	343	Arturo-924385669	3		17	1
224	2024-03-18 23:01:10.167281-05	342	Jhunior-940728181	3		17	1
225	2024-03-18 23:01:10.168321-05	341	S/N-978034765	3		17	1
226	2024-03-18 23:01:10.169213-05	340	Kathy-932367660	3		17	1
227	2024-03-18 23:01:10.170155-05	339	Edison-935202287	3		17	1
228	2024-03-18 23:01:10.171218-05	338	S/N-958240187	3		17	1
229	2024-03-18 23:01:10.172225-05	337	Wil-973181993	3		17	1
230	2024-03-18 23:01:10.173366-05	336	Fred-951729897	3		17	1
231	2024-03-18 23:01:10.174911-05	335	Jonathan-952099885	3		17	1
232	2024-03-18 23:01:10.176371-05	334	Julio-976390040	3		17	1
233	2024-03-18 23:01:10.177957-05	333	Sandy-974235998	3		17	1
234	2024-03-18 23:01:10.179062-05	332	S/N-962722605	3		17	1
235	2024-03-18 23:01:10.180105-05	331	Luis Fernando-901523501	3		17	1
236	2024-03-18 23:01:10.181104-05	330	S/N-918319659	3		17	1
237	2024-03-18 23:01:10.182227-05	329	S/N-953674294	3		17	1
238	2024-03-18 23:01:10.183778-05	328	Andr칠-989511985	3		17	1
239	2024-03-18 23:01:10.185029-05	327	S/N-954116072	3		17	1
240	2024-03-18 23:01:10.186598-05	326	Alisson-983350154	3		17	1
241	2024-03-18 23:01:10.187818-05	325	Mia-958964259	3		17	1
242	2024-03-18 23:01:10.188782-05	324	S/N-920427304	3		17	1
243	2024-03-18 23:01:10.190164-05	323	S/N-980423138	3		17	1
244	2024-03-18 23:01:10.191497-05	322	Lizeth-941036327	3		17	1
245	2024-03-18 23:01:10.192489-05	321	Benilda-990564619	3		17	1
246	2024-03-18 23:01:10.193412-05	320	S/N-951756829	3		17	1
247	2024-03-18 23:01:10.194434-05	319	Roxana-994975946	3		17	1
248	2024-03-18 23:01:10.195463-05	318	Angelito-970913719	3		17	1
249	2024-03-18 23:01:10.196689-05	317	GianCarlos-943832925	3		17	1
250	2024-03-18 23:01:10.197788-05	316	Jady-925487858	3		17	1
251	2024-03-18 23:01:10.199017-05	315	S/N-950336859	3		17	1
252	2024-03-18 23:01:10.200154-05	314	Ivan-953335254	3		17	1
253	2024-03-18 23:01:10.201517-05	313	S/N-982653742	3		17	1
254	2024-03-18 23:01:10.202721-05	312	S/N-973615410	3		17	1
255	2024-03-18 23:01:10.204176-05	311	Luz-985084600	3		17	1
256	2024-03-18 23:01:10.205451-05	310	Eva-976628321	3		17	1
257	2024-03-18 23:01:10.206816-05	309	S/N-957494128	3		17	1
258	2024-03-18 23:01:10.208319-05	308	William-910068896	3		17	1
259	2024-03-18 23:01:10.209574-05	307	Sonia-914238475	3		17	1
260	2024-03-18 23:01:10.211174-05	306	Freddy-957751003	3		17	1
261	2024-03-18 23:01:10.212229-05	305	S/N-957993993	3		17	1
262	2024-03-18 23:01:10.213173-05	304	S/N-924446651	3		17	1
263	2024-03-18 23:01:10.21423-05	303	Liz-991721126	3		17	1
264	2024-03-18 23:01:10.215363-05	302	S/N-989382478	3		17	1
265	2024-03-18 23:01:10.216594-05	301	Susana-959287821	3		17	1
266	2024-03-18 23:01:10.217861-05	300	S/N-967722611	3		17	1
267	2024-03-18 23:01:10.219024-05	299	Beto-953769359	3		17	1
268	2024-03-18 23:01:10.220245-05	298	Antuaneth-922210337	3		17	1
269	2024-03-18 23:01:10.221719-05	297	S/N-951139996	3		17	1
270	2024-03-18 23:01:10.223027-05	296	Alan-992868456	3		17	1
271	2024-03-18 23:01:10.224533-05	295	Mar칤a-972480132	3		17	1
272	2024-03-18 23:01:10.225671-05	294	Ximena-994331831	3		17	1
273	2024-03-18 23:01:10.226782-05	293	Andr칠s-993460796	3		17	1
274	2024-03-18 23:01:10.227952-05	292	Viviana-991477382	3		17	1
275	2024-03-18 23:01:10.229108-05	291	Yane-972735027	3		17	1
276	2024-03-18 23:01:10.230187-05	290	S/N-931724622	3		17	1
277	2024-03-18 23:01:10.231515-05	289	S/N-928130120	3		17	1
278	2024-03-18 23:01:10.23274-05	288	Ruben-913558382	3		17	1
279	2024-03-18 23:01:10.233861-05	287	Verito-934417086	3		17	1
280	2024-03-18 23:01:10.234924-05	286	Jessica-958961214	3		17	1
281	2024-03-18 23:01:10.236479-05	285	S/N-993827761	3		17	1
282	2024-03-18 23:01:10.237718-05	284	Roger-968237076	3		17	1
283	2024-03-18 23:01:10.238801-05	283	Walter-951133227	3		17	1
284	2024-03-18 23:01:10.239887-05	282	S/N-982749383	3		17	1
285	2024-03-18 23:01:10.241416-05	281	S/N-971417312	3		17	1
286	2024-03-18 23:01:10.242601-05	280	Victor-995761872	3		17	1
287	2024-03-18 23:01:10.244129-05	279	S/N-967755897	3		17	1
288	2024-03-18 23:01:10.245375-05	278	S/N-953517551	3		17	1
289	2024-03-18 23:01:10.2468-05	277	Alfonso-968810505	3		17	1
290	2024-03-18 23:01:10.248195-05	276	Rosario-958728887	3		17	1
291	2024-03-18 23:01:10.249183-05	275	Rosaly-940114995	3		17	1
292	2024-03-18 23:01:10.250339-05	274	Vilma-958707561	3		17	1
293	2024-03-18 23:01:10.251436-05	273	Yony-992981227	3		17	1
294	2024-03-18 23:01:10.252523-05	272	Miguel-986837813	3		17	1
295	2024-03-18 23:01:10.253542-05	271	Vilma-936546580	3		17	1
296	2024-03-18 23:01:10.254614-05	270	Yony-929207916	3		17	1
297	2024-03-18 23:01:22.137359-05	269	S/N-986755046	3		17	1
298	2024-03-18 23:01:22.146841-05	268	Axel-987233206	3		17	1
299	2024-03-18 23:01:22.148495-05	267	S/N-970959404	3		17	1
300	2024-03-18 23:01:22.14984-05	266	Luis-974783781	3		17	1
301	2024-03-18 23:01:22.151315-05	265	Joan-930303901	3		17	1
302	2024-03-18 23:01:22.152761-05	264	S/N-957828971	3		17	1
303	2024-03-18 23:01:22.154144-05	263	Carmen-959146093	3		17	1
304	2024-03-18 23:01:22.155439-05	262	Ang칠lica-987017937	3		17	1
305	2024-03-18 23:01:22.157036-05	261	Luis-991754071	3		17	1
306	2024-03-18 23:01:22.158245-05	260	Edith-957574888	3		17	1
307	2024-03-18 23:01:22.15973-05	259	S/N-947439672	3		17	1
308	2024-03-18 23:01:22.160882-05	258	Silver-953940742	3		17	1
309	2024-03-18 23:01:22.161934-05	257	Deysi-970601356	3		17	1
310	2024-03-18 23:01:22.162975-05	256	Walter-953663620	3		17	1
311	2024-03-18 23:01:22.164477-05	255	S/N-943834566	3		17	1
312	2024-03-18 23:01:22.165885-05	254	Elvis-949252869	3		17	1
313	2024-03-18 23:01:22.167366-05	253	Liliana-954637831	3		17	1
314	2024-03-18 23:01:22.1685-05	252	Wilbert-978658600	3		17	1
315	2024-03-18 23:01:22.169787-05	251	Celso-932263492	3		17	1
316	2024-03-18 23:01:22.171121-05	250	Paulita-967642581	3		17	1
317	2024-03-18 23:01:22.172654-05	249	Mary-981320508	3		17	1
318	2024-03-18 23:01:22.174302-05	248	Gloria-965722704	3		17	1
319	2024-03-18 23:01:22.175498-05	247	Jeremy-963289833	3		17	1
320	2024-03-18 23:01:22.176766-05	246	Danny-984002497	3		17	1
321	2024-03-18 23:01:22.177975-05	245	Ivan-977137930	3		17	1
322	2024-03-18 23:01:22.179234-05	244	Kath-907107850	3		17	1
323	2024-03-18 23:01:22.180349-05	243	Naty-976357399	3		17	1
324	2024-03-18 23:01:22.181698-05	242	Ed-928208900	3		17	1
325	2024-03-18 23:01:22.182987-05	241	Daniel-920611765	3		17	1
326	2024-03-18 23:01:22.184768-05	240	Jesus-984819410	3		17	1
327	2024-03-18 23:01:22.185943-05	239	S/N-969719407	3		17	1
328	2024-03-18 23:01:22.187154-05	238	Rosa-958977886	3		17	1
329	2024-03-18 23:01:22.188579-05	237	Fernando-957628200	3		17	1
330	2024-03-18 23:01:22.190308-05	236	Graciela-940399583	3		17	1
331	2024-03-18 23:01:22.191574-05	235	Richard-940240054	3		17	1
332	2024-03-18 23:01:22.19284-05	234	Cesar-987845618	3		17	1
333	2024-03-18 23:01:22.193927-05	233	Juan Carlos-959322335	3		17	1
334	2024-03-18 23:01:22.195008-05	232	S/N-966711287	3		17	1
335	2024-03-18 23:01:22.196214-05	231	Armando-973260534	3		17	1
336	2024-03-18 23:01:22.197457-05	230	S/N-987486725	3		17	1
337	2024-03-18 23:01:22.198774-05	229	Loreni-983469987	3		17	1
338	2024-03-18 23:01:22.199938-05	228	Jean-958110041	3		17	1
339	2024-03-18 23:01:22.201175-05	227	Giovanny-959622008	3		17	1
340	2024-03-18 23:01:22.202611-05	226	Juancho-956274171	3		17	1
341	2024-03-18 23:01:22.2042-05	225	S/N-984238175	3		17	1
342	2024-03-18 23:01:22.205396-05	224	Andy-973196982	3		17	1
343	2024-03-18 23:01:22.207026-05	223	Jenny-931207251	3		17	1
344	2024-03-18 23:01:22.208475-05	222	Kamila-992894807	3		17	1
345	2024-03-18 23:01:22.20992-05	221	Allison-932574275	3		17	1
346	2024-03-18 23:01:22.211354-05	220	Isabel-959963966	3		17	1
347	2024-03-18 23:01:22.212638-05	219	Franklin-932116508	3		17	1
348	2024-03-18 23:01:22.213782-05	218	Carmen-958782012	3		17	1
349	2024-03-18 23:01:22.215053-05	217	Anibal-994924546	3		17	1
350	2024-03-18 23:01:22.21626-05	216	Heydi-976631832	3		17	1
351	2024-03-18 23:01:22.217538-05	215	Tania-900031389	3		17	1
352	2024-03-18 23:01:22.218851-05	214	Ricardo-976684216	3		17	1
353	2024-03-18 23:01:22.220087-05	213	Nereyda-958615392	3		17	1
354	2024-03-18 23:01:22.221373-05	212	Fabiola-980166373	3		17	1
355	2024-03-18 23:01:22.222982-05	211	Raquel-959374465	3		17	1
356	2024-03-18 23:01:22.224842-05	210	Gustavo-958754243	3		17	1
357	2024-03-18 23:01:22.226312-05	209	Lucio-953521145	3		17	1
358	2024-03-18 23:01:22.228013-05	208	Elizabeth-959185191	3		17	1
359	2024-03-18 23:01:22.229316-05	207	Vane-999470032	3		17	1
360	2024-03-18 23:01:22.231214-05	206	Bonifacio-992277740	3		17	1
361	2024-03-18 23:01:22.232849-05	205	Enrique-958001647	3		17	1
362	2024-03-18 23:01:22.234028-05	204	Alejandra-998189222	3		17	1
363	2024-03-18 23:01:22.235099-05	203	S/N-958339276	3		17	1
364	2024-03-18 23:01:22.236457-05	202	Edwin-945470100	3		17	1
365	2024-03-18 23:01:22.23752-05	201	S/N-958686885	3		17	1
366	2024-03-18 23:01:22.238759-05	200	S/N-930423374	3		17	1
367	2024-03-18 23:01:22.240367-05	199	S/N-928269028	3		17	1
368	2024-03-18 23:01:22.242097-05	198	Luz-963775409	3		17	1
369	2024-03-18 23:01:22.243784-05	197	S/N-969056849	3		17	1
370	2024-03-18 23:01:22.245096-05	196	Deybi-970545228	3		17	1
371	2024-03-18 23:01:22.246774-05	195	Guadalupe-960720879	3		17	1
372	2024-03-18 23:01:22.248115-05	194	Flavio-959563196	3		17	1
373	2024-03-18 23:01:22.24948-05	193	S/N-954867887	3		17	1
374	2024-03-18 23:01:22.250683-05	192	Sonia-982386820	3		17	1
375	2024-03-18 23:01:22.252142-05	191	S/N-943581484	3		17	1
376	2024-03-18 23:01:22.253405-05	190	Carolina-949835351	3		17	1
377	2024-03-18 23:01:22.254605-05	189	Nicole-914692387	3		17	1
378	2024-03-18 23:01:22.25612-05	188	Ana Mar칤a-938428237	3		17	1
379	2024-03-18 23:01:22.257948-05	187	S/N-987899100	3		17	1
380	2024-03-18 23:01:22.259636-05	186	S/N-993041346	3		17	1
381	2024-03-18 23:01:22.261107-05	185	S/N-5.21669E+12	3		17	1
382	2024-03-18 23:01:22.26253-05	184	Nohely-916565263	3		17	1
383	2024-03-18 23:01:22.264006-05	183	Daniel-952617271	3		17	1
384	2024-03-18 23:01:22.265216-05	182	Leo-932913365	3		17	1
385	2024-03-18 23:01:22.266479-05	181	Katy-990970832	3		17	1
386	2024-03-18 23:01:22.267816-05	180	S/N-982986820	3		17	1
387	2024-03-18 23:01:22.268958-05	179	Sonia-983899384	3		17	1
388	2024-03-18 23:01:22.270143-05	178	Deyvis-993213669	3		17	1
389	2024-03-18 23:01:22.271203-05	177	Iv치n-951968824	3		17	1
390	2024-03-18 23:01:22.27275-05	176	S/N-936364901	3		17	1
391	2024-03-18 23:01:22.274141-05	175	Jose-991912655	3		17	1
392	2024-03-18 23:01:22.275681-05	174	Irma-959903073	3		17	1
393	2024-03-18 23:01:22.277446-05	173	Franco-930340205	3		17	1
394	2024-03-18 23:01:22.279007-05	172	Juan-928160294	3		17	1
395	2024-03-18 23:01:22.280493-05	171	Adrian-966734467	3		17	1
396	2024-03-18 23:01:22.281851-05	170	Luis-983114382	3		17	1
397	2024-03-18 23:02:10.687496-05	169	Reina-985824334	3		17	1
398	2024-03-18 23:02:10.693753-05	168	Berly-959940147	3		17	1
399	2024-03-18 23:02:10.695879-05	167	Armando-941163582	3		17	1
400	2024-03-18 23:02:10.697496-05	166	Ysela-981811593	3		17	1
401	2024-03-18 23:02:10.698893-05	165	Daniel-929974951	3		17	1
402	2024-03-18 23:02:10.700338-05	164	Diego-959223796	3		17	1
403	2024-03-18 23:02:10.701837-05	163	Hern치n-953050726	3		17	1
404	2024-03-18 23:02:10.704324-05	162	S/N-978888016	3		17	1
405	2024-03-18 23:02:10.705949-05	161	S/N-975638420	3		17	1
406	2024-03-18 23:02:10.707184-05	160	S/N-999917058	3		17	1
407	2024-03-18 23:02:10.708547-05	159	S/N-974267343	3		17	1
408	2024-03-18 23:02:10.709747-05	158	Victor-958358516	3		17	1
409	2024-03-18 23:02:10.711494-05	157	Roberto-900759410	3		17	1
410	2024-03-18 23:02:10.713103-05	156	Luz-940456210	3		17	1
411	2024-03-18 23:02:10.714382-05	155	Edilberto-996593018	3		17	1
412	2024-03-18 23:02:10.715534-05	154	Juan-958646839	3		17	1
413	2024-03-18 23:02:10.716638-05	153	Evelyn-912004467	3		17	1
414	2024-03-18 23:02:10.718379-05	152	Cahuide-993435258	3		17	1
415	2024-03-18 23:02:10.72006-05	151	Julia-947679784	3		17	1
416	2024-03-18 23:02:10.721278-05	150	Julia-992227372	3		17	1
417	2024-03-18 23:02:10.72243-05	149	Fredy-952250940	3		17	1
418	2024-03-18 23:02:10.724092-05	148	GianCarlo-958090703	3		17	1
419	2024-03-18 23:02:10.725559-05	147	Lino-997520506	3		17	1
420	2024-03-18 23:02:10.726808-05	146	Jhoel-943570617	3		17	1
421	2024-03-18 23:02:10.728222-05	145	Flor-999001263	3		17	1
422	2024-03-18 23:02:10.72952-05	144	Giuliano-993943900	3		17	1
423	2024-03-18 23:02:10.730739-05	143	Luciana-964962901	3		17	1
424	2024-03-18 23:02:10.732011-05	142	Brigitte-981778367	3		17	1
425	2024-03-18 23:02:10.733523-05	141	Victor-958425260	3		17	1
426	2024-03-18 23:02:10.735379-05	140	Miguel-916412224	3		17	1
427	2024-03-18 23:02:10.73694-05	139	Carlos-933674716	3		17	1
428	2024-03-18 23:02:10.738068-05	138	James-927258559	3		17	1
429	2024-03-18 23:02:10.739362-05	137	S/N-936063187	3		17	1
430	2024-03-18 23:02:10.741344-05	136	Angel-958748758	3		17	1
431	2024-03-18 23:02:10.742663-05	135	Job-975575204	3		17	1
432	2024-03-18 23:02:10.743938-05	134	Alvaro-947774804	3		17	1
433	2024-03-18 23:02:10.745461-05	133	Henry-940854694	3		17	1
434	2024-03-18 23:02:10.746877-05	132	Luis-943662383	3		17	1
435	2024-03-18 23:02:10.7484-05	131	Isabel-989040042	3		17	1
436	2024-03-18 23:02:10.749777-05	130	Margot-974936309	3		17	1
437	2024-03-18 23:02:10.751688-05	129	Jean-927437604	3		17	1
438	2024-03-18 23:02:10.753251-05	128	Hermelinda-960320390	3		17	1
439	2024-03-18 23:02:10.754648-05	127	Victor-961023100	3		17	1
440	2024-03-18 23:02:10.756266-05	126	Maria-958906068	3		17	1
441	2024-03-18 23:02:10.757712-05	125	Mariela-954738139	3		17	1
442	2024-03-18 23:02:10.758987-05	124	Eli-974224636	3		17	1
443	2024-03-18 23:02:10.760279-05	123	Sandro-983983097	3		17	1
444	2024-03-18 23:02:10.761491-05	122	Milagros-966569521	3		17	1
445	2024-03-18 23:02:10.762604-05	121	Mireille-960087686	3		17	1
446	2024-03-18 23:02:10.763859-05	120	Olga-974784006	3		17	1
447	2024-03-18 23:02:10.76549-05	119	Yanet-921139456	3		17	1
448	2024-03-18 23:02:10.767065-05	118	Lesly-944399181	3		17	1
449	2024-03-18 23:02:10.768614-05	117	Karla-946325977	3		17	1
450	2024-03-18 23:02:10.770267-05	116	Rasec-963202436	3		17	1
451	2024-03-18 23:02:10.771506-05	115	Ed Rey-928296028	3		17	1
452	2024-03-18 23:02:10.772959-05	114	Asunci칩n-985957871	3		17	1
453	2024-03-18 23:02:10.774824-05	113	Ignacio-977576707	3		17	1
454	2024-03-18 23:02:10.776131-05	112	Marianela-939897617	3		17	1
455	2024-03-18 23:02:10.777869-05	111	Lilian-959166399	3		17	1
456	2024-03-18 23:02:10.779476-05	110	Jorge-959924924	3		17	1
457	2024-03-18 23:02:10.780922-05	109	Bianca-987108487	3		17	1
458	2024-03-18 23:02:10.782376-05	108	Mario-981135947	3		17	1
459	2024-03-18 23:02:10.784002-05	107	Iris-989503160	3		17	1
460	2024-03-18 23:02:10.785562-05	106	Elvis-931853828	3		17	1
461	2024-03-18 23:02:10.787237-05	105	Javier-958756982	3		17	1
462	2024-03-18 23:02:10.78834-05	104	Luz-948639070	3		17	1
463	2024-03-18 23:02:10.789676-05	103	Shirley-958885025	3		17	1
464	2024-03-18 23:02:10.790931-05	102	Antony-940184922	3		17	1
465	2024-03-18 23:02:10.792162-05	101	Jusin-956434629	3		17	1
466	2024-03-18 23:02:10.793452-05	100	Paul-951208744	3		17	1
467	2024-03-18 23:02:10.795014-05	99	Diomi-994313718	3		17	1
468	2024-03-18 23:02:10.796327-05	98	Joel-929546267	3		17	1
469	2024-03-18 23:02:10.797757-05	97	James-970001999	3		17	1
470	2024-03-18 23:02:10.799097-05	96	Fernando-937578489	3		17	1
471	2024-03-18 23:02:10.800665-05	95	Angelica-900125384	3		17	1
472	2024-03-18 23:02:10.802415-05	94	Jose-996274482	3		17	1
473	2024-03-18 23:02:10.803595-05	93	Julio-918689510	3		17	1
474	2024-03-18 23:02:10.80481-05	92	Giuliana-987719093	3		17	1
475	2024-03-18 23:02:10.806041-05	91	Andr칠s-953268917	3		17	1
476	2024-03-18 23:02:10.807456-05	90	Javier-938272501	3		17	1
477	2024-03-18 23:02:10.808709-05	89	Cristhian-924525419	3		17	1
478	2024-03-18 23:02:10.810241-05	88	Maria-989874260	3		17	1
479	2024-03-18 23:02:10.811479-05	87	Daniela-994895558	3		17	1
480	2024-03-18 23:02:10.812773-05	86	S/N-997625067	3		17	1
481	2024-03-18 23:02:10.814389-05	85	Dayana-964503873	3		17	1
482	2024-03-18 23:02:10.815761-05	84	Marilia-976156409	3		17	1
483	2024-03-18 23:02:10.817272-05	83	Ketty-966677580	3		17	1
484	2024-03-18 23:02:10.818837-05	82	Reldy-941289117	3		17	1
485	2024-03-18 23:02:10.820341-05	81	Ronaldo-962172806	3		17	1
486	2024-03-18 23:02:10.821958-05	80	Hildo-986888555	3		17	1
487	2024-03-18 23:02:10.823207-05	79	Miguel-958705011	3		17	1
488	2024-03-18 23:02:10.82444-05	78	Francisco-952348768	3		17	1
489	2024-03-18 23:02:10.825586-05	77	Ang칠lica-959896430	3		17	1
490	2024-03-18 23:02:10.826756-05	76	Diego-943395816	3		17	1
491	2024-03-18 23:02:52.749188-05	75	Danitza-989759496	2	[{"changed": {"fields": ["UsuarioCreador", "UsuarioActualizador"]}}]	17	1
492	2024-03-18 23:25:49.490908-05	4	Otro evento	2	[{"changed": {"fields": ["UsuarioCreador"]}}]	22	1
493	2024-03-19 00:01:26.861717-05	1	Visita Campo	2	[{"changed": {"fields": ["Color"]}}]	14	1
494	2024-03-19 09:04:48.155984-05	75	Danitza-51999999999	2	[{"changed": {"fields": ["EstadoSeparacionLead"]}}]	17	1
495	2024-03-19 09:15:03.020044-05	5	Desistio	2	[]	45	1
496	2024-03-19 09:20:30.353254-05	14	Asesor1	2	[{"changed": {"fields": ["password"]}}]	7	1
497	2024-03-19 09:20:47.631133-05	14	Asesor1	2	[{"changed": {"fields": ["password"]}}]	7	1
498	2024-03-19 09:45:04.754362-05	2	Visita Oficina	2	[{"changed": {"fields": ["Color"]}}]	14	1
499	2024-03-19 09:45:08.04493-05	2	Visita Oficina	2	[]	14	1
500	2024-03-19 09:45:10.436954-05	1	Visita Campo	2	[]	14	1
501	2024-03-19 09:45:12.159392-05	2	Visita Oficina	2	[]	14	1
502	2024-03-19 10:08:24.767792-05	5	Otro evento	3		22	1
503	2024-03-19 10:08:24.777825-05	4	Otro evento	3		22	1
504	2024-03-19 10:08:47.190698-05	6	Otro evento	2	[{"changed": {"fields": ["Fecha visita"]}}]	22	1
505	2024-03-19 10:09:01.882539-05	6	Otro evento	2	[{"changed": {"fields": ["Tipo"]}}]	22	1
506	2024-03-19 10:09:21.485951-05	6	Otro evento	2	[{"changed": {"fields": ["Tipo"]}}]	22	1
507	2024-03-19 10:12:28.535047-05	2	Visita Oficina	2	[{"changed": {"fields": ["Color"]}}]	14	1
508	2024-03-19 10:32:19.163217-05	6	Otro evento	2	[{"changed": {"fields": ["Fecha visita", "Tipo"]}}]	22	1
509	2024-03-19 10:32:40.384384-05	6	Otro evento	2	[{"changed": {"fields": ["Tipo"]}}]	22	1
510	2024-03-19 10:33:24.859757-05	2	Visita Oficina	2	[{"changed": {"fields": ["Color"]}}]	14	1
511	2024-03-19 10:33:27.855874-05	6	Otro evento	2	[]	22	1
512	2024-03-19 10:43:49.137122-05	6	Otro evento	2	[{"changed": {"fields": ["Fecha creacion"]}}]	22	1
513	2024-03-19 10:44:30.406887-05	6	Otro evento	2	[{"changed": {"fields": ["Asesor"]}}]	22	1
514	2024-03-19 16:39:32.99252-05	9	visita a  por ahi	2	[{"changed": {"fields": ["Titulo"]}}]	22	1
515	2024-03-19 16:39:53.480434-05	9	visita a  por ahi	2	[{"changed": {"fields": ["Asesor"]}}]	22	1
\.


--
-- Data for Name: django_celery_beat_clockedschedule; Type: TABLE DATA; Schema: public; Owner: postgres
--

COPY public.django_celery_beat_clockedschedule (id, clocked_time) FROM stdin;
\.


--
-- Data for Name: django_celery_beat_crontabschedule; Type: TABLE DATA; Schema: public; Owner: postgres
--

COPY public.django_celery_beat_crontabschedule (id, minute, hour, day_of_week, day_of_month, month_of_year, timezone) FROM stdin;
\.


--
-- Data for Name: django_celery_beat_intervalschedule; Type: TABLE DATA; Schema: public; Owner: postgres
--

COPY public.django_celery_beat_intervalschedule (id, every, period) FROM stdin;
\.


--
-- Data for Name: django_celery_beat_periodictask; Type: TABLE DATA; Schema: public; Owner: postgres
--

COPY public.django_celery_beat_periodictask (id, name, task, args, kwargs, queue, exchange, routing_key, expires, enabled, last_run_at, total_run_count, date_changed, description, crontab_id, interval_id, solar_id, one_off, start_time, priority, headers, clocked_id, expire_seconds) FROM stdin;
\.


--
-- Data for Name: django_celery_beat_periodictasks; Type: TABLE DATA; Schema: public; Owner: postgres
--

COPY public.django_celery_beat_periodictasks (ident, last_update) FROM stdin;
\.


--
-- Data for Name: django_celery_beat_solarschedule; Type: TABLE DATA; Schema: public; Owner: postgres
--

COPY public.django_celery_beat_solarschedule (id, event, latitude, longitude) FROM stdin;
\.


--
-- Data for Name: django_content_type; Type: TABLE DATA; Schema: public; Owner: postgres
--

COPY public.django_content_type (id, app_label, model) FROM stdin;
1	admin	logentry
2	auth	permission
3	auth	group
4	contenttypes	contenttype
5	sessions	session
6	cuenta	estadoregistro
7	cuenta	user
8	cuenta	modulo
9	marketing	proyecto
10	marketing	presupuestoproyecto
11	marketing	categoria
12	marketing	campania
13	marketing	gastocampania
14	ventas	tipoevento
15	ventas	objecion
16	ventas	estadolead
17	ventas	lead
18	ventas	whatsapp
19	ventas	historicoleadasesor
20	ventas	llamada
21	ventas	estadoevento
22	ventas	evento
23	ventas	tipoproducto
24	ventas	producto
25	ventas	tipocotizacion
26	ventas	cotizacion
27	ventas	tipocuota
28	ventas	cuota
29	ventas	precio
30	ventas	proyectotipoproducto
31	ventas	desasignacionleadasesor
32	ventas	desasignacionconfiguracion
33	multimedia	videoproyecto
34	multimedia	videoproducto
35	multimedia	imagenproyecto
36	multimedia	imagenproducto
37	token_blacklist	outstandingtoken
38	token_blacklist	blacklistedtoken
39	django_celery_beat	solarschedule
40	django_celery_beat	intervalschedule
41	django_celery_beat	clockedschedule
42	django_celery_beat	crontabschedule
43	django_celery_beat	periodictasks
44	django_celery_beat	periodictask
45	ventas	estadoseparacionlead
\.


--
-- Data for Name: django_migrations; Type: TABLE DATA; Schema: public; Owner: postgres
--

COPY public.django_migrations (id, app, name, applied) FROM stdin;
1	contenttypes	0001_initial	2024-03-14 23:34:07.868808-05
2	contenttypes	0002_remove_content_type_name	2024-03-14 23:34:07.880787-05
3	auth	0001_initial	2024-03-14 23:34:07.930813-05
4	auth	0002_alter_permission_name_max_length	2024-03-14 23:34:07.939359-05
5	auth	0003_alter_user_email_max_length	2024-03-14 23:34:07.949292-05
6	auth	0004_alter_user_username_opts	2024-03-14 23:34:07.958554-05
7	auth	0005_alter_user_last_login_null	2024-03-14 23:34:07.966865-05
8	auth	0006_require_contenttypes_0002	2024-03-14 23:34:07.970196-05
9	auth	0007_alter_validators_add_error_messages	2024-03-14 23:34:07.980513-05
10	auth	0008_alter_user_username_max_length	2024-03-14 23:34:07.989492-05
11	auth	0009_alter_user_last_name_max_length	2024-03-14 23:34:08.00995-05
12	auth	0010_alter_group_name_max_length	2024-03-14 23:34:08.025525-05
13	auth	0011_update_proxy_permissions	2024-03-14 23:34:08.039164-05
14	auth	0012_alter_user_first_name_max_length	2024-03-14 23:34:08.049368-05
15	cuenta	0001_initial	2024-03-14 23:34:08.130912-05
16	admin	0001_initial	2024-03-14 23:34:08.156487-05
17	admin	0002_logentry_remove_auto_add	2024-03-14 23:34:08.169666-05
18	admin	0003_logentry_add_action_flag_choices	2024-03-14 23:34:08.195258-05
19	django_celery_beat	0001_initial	2024-03-14 23:34:08.245697-05
20	django_celery_beat	0002_auto_20161118_0346	2024-03-14 23:34:08.267133-05
21	django_celery_beat	0003_auto_20161209_0049	2024-03-14 23:34:08.282674-05
22	django_celery_beat	0004_auto_20170221_0000	2024-03-14 23:34:08.289874-05
23	django_celery_beat	0005_add_solarschedule_events_choices	2024-03-14 23:34:08.299718-05
24	django_celery_beat	0006_auto_20180322_0932	2024-03-14 23:34:08.34253-05
25	django_celery_beat	0007_auto_20180521_0826	2024-03-14 23:34:08.364638-05
26	django_celery_beat	0008_auto_20180914_1922	2024-03-14 23:34:08.394895-05
27	django_celery_beat	0006_auto_20180210_1226	2024-03-14 23:34:08.427685-05
28	django_celery_beat	0006_periodictask_priority	2024-03-14 23:34:08.44763-05
29	django_celery_beat	0009_periodictask_headers	2024-03-14 23:34:08.459765-05
30	django_celery_beat	0010_auto_20190429_0326	2024-03-14 23:34:08.70706-05
31	django_celery_beat	0011_auto_20190508_0153	2024-03-14 23:34:08.741033-05
32	django_celery_beat	0012_periodictask_expire_seconds	2024-03-14 23:34:08.754275-05
33	django_celery_beat	0013_auto_20200609_0727	2024-03-14 23:34:08.7666-05
34	django_celery_beat	0014_remove_clockedschedule_enabled	2024-03-14 23:34:08.772311-05
35	django_celery_beat	0015_edit_solarschedule_events_choices	2024-03-14 23:34:08.782547-05
36	django_celery_beat	0016_alter_crontabschedule_timezone	2024-03-14 23:34:08.790919-05
37	django_celery_beat	0017_alter_crontabschedule_month_of_year	2024-03-14 23:34:08.802563-05
38	django_celery_beat	0018_improve_crontab_helptext	2024-03-14 23:34:08.812466-05
39	marketing	0001_initial	2024-03-14 23:34:09.099274-05
40	ventas	0001_initial	2024-03-14 23:34:10.008586-05
41	multimedia	0001_initial	2024-03-14 23:34:10.182665-05
42	sessions	0001_initial	2024-03-14 23:34:10.196548-05
43	token_blacklist	0001_initial	2024-03-14 23:34:10.298664-05
44	token_blacklist	0002_outstandingtoken_jti_hex	2024-03-14 23:34:10.339324-05
45	token_blacklist	0003_auto_20171017_2007	2024-03-14 23:34:10.417814-05
46	token_blacklist	0004_auto_20171017_2013	2024-03-14 23:34:10.482308-05
47	token_blacklist	0005_remove_outstandingtoken_jti	2024-03-14 23:34:10.516212-05
48	token_blacklist	0006_auto_20171017_2113	2024-03-14 23:34:10.543196-05
49	token_blacklist	0007_auto_20171017_2214	2024-03-14 23:34:10.618763-05
50	token_blacklist	0008_migrate_to_bigautofield	2024-03-14 23:34:10.726995-05
51	token_blacklist	0010_fix_migrate_to_bigautofield	2024-03-14 23:34:10.774787-05
52	token_blacklist	0011_linearizes_history	2024-03-14 23:34:10.779565-05
53	token_blacklist	0012_alter_outstandingtoken_user	2024-03-14 23:34:10.828351-05
54	ventas	0002_estadoseparacionlead	2024-03-18 09:52:54.734537-05
55	ventas	0003_lead_estadoasignacionlead	2024-03-18 10:11:25.891797-05
56	ventas	0004_rename_estadoasignacionlead_lead_estadoseparacionlead	2024-03-18 10:21:41.352674-05
57	ventas	0005_tipoevento_color	2024-03-18 16:31:15.488025-05
58	ventas	0006_alter_estadoseparacionlead_nombre	2024-03-18 16:42:34.410408-05
59	ventas	0007_remove_lead_estadoseparacionlead	2024-03-18 17:09:36.375751-05
60	ventas	0008_delete_estadoseparacionlead	2024-03-18 17:22:29.739874-05
61	ventas	0009_estadoseparacionlead_lead_estadoseparacionlead	2024-03-18 17:24:35.123062-05
\.


--
-- Data for Name: django_session; Type: TABLE DATA; Schema: public; Owner: postgres
--

COPY public.django_session (session_key, session_data, expire_date) FROM stdin;
tzynx9f9gkh9o62typ0fsnr4gfzk5b2t	.eJxVjE0OwiAYRO_C2hAQCsWle89Avh-QqoGktCvj3W2TLnQ1ybw38xYR1qXEtac5TiwuQovTb4dAz1R3wA-o9yap1WWeUO6KPGiXt8bpdT3cv4MCvWxrIh49sgkarc5BJwaVFZDxZJkshrClI-c5UzJI2fHgLQU3nq3KehCfLxn1OPs:1rm0XE:FDywR_FflgEGfSTdASyvmok3chjuVNtrmZ4pXKzVVYs	2024-03-31 19:07:24.493956-05
l446pofb1rbgfg9qxckgspubjb0tfwj9	.eJxVjE0OwiAYRO_C2hAQCsWle89Avh-QqoGktCvj3W2TLnQ1ybw38xYR1qXEtac5TiwuQovTb4dAz1R3wA-o9yap1WWeUO6KPGiXt8bpdT3cv4MCvWxrIh49sgkarc5BJwaVFZDxZJkshrClI-c5UzJI2fHgLQU3nq3KehCfLxn1OPs:1rmMmL:ZnfjY9lcG0LKyji_gJ9skwddcuRWDS42WBfwfy4NjU8	2024-04-01 18:52:29.500172-05
vee3ew1l7a803z6r0q3souxctck97wfv	.eJxVjE0OwiAYRO_C2hAQCsWle89Avh-QqoGktCvj3W2TLnQ1ybw38xYR1qXEtac5TiwuQovTb4dAz1R3wA-o9yap1WWeUO6KPGiXt8bpdT3cv4MCvWxrIh49sgkarc5BJwaVFZDxZJkshrClI-c5UzJI2fHgLQU3nq3KehCfLxn1OPs:1rmaKd:vLWWq8aOv3C8OHyTKWB5MCoNf1-kueep4-yvBvYkTWU	2024-04-02 09:20:47.638324-05
\.


--
-- Data for Name: marketing_campania; Type: TABLE DATA; Schema: public; Owner: postgres
--

COPY public.marketing_campania (id, nombre, organico, codigo, fecha_estimada, fecha_cierre, "coste_realSoles", "coste_realDolares", descripcion, fecha_creacion, fecha_actualizacion, categoria_id, estado_id, proyecto_id, "usuarioActualizador_id", "usuarioCreador_id") FROM stdin;
2	Socabaya Facebook Abril	f	PS_CFB_0302	2024-03-16	2024-03-24	0	0		2024-03-17 19:19:33.353222-05	2024-03-17 23:08:20.56694-05	3	A	1	\N	18
3	Socabaya Tiktok	f	PS_CT_0301	2024-03-16	2024-03-31	1842	500		2024-03-17 19:20:09.878681-05	2024-03-18 11:29:06.207951-05	5	A	1	\N	18
6	edgvdsvdsv	f	PS_CFB_0304	2024-03-17	2024-03-23	0	0		2024-03-17 23:44:27.784322-05	2024-03-18 18:14:32.678007-05	3	I	1	\N	1
5	Campa침a Organica Socabaya	t	ORGANICOPS_CFB_0303	2024-03-17	2024-03-23	0	0		2024-03-17 23:44:04.361058-05	2024-03-18 18:14:35.210254-05	3	I	1	\N	1
4	Campa침a Alamos instagram	f	PAL_CI_0301	2024-03-23	2024-03-31	0	0		2024-03-17 19:22:27.178032-05	2024-03-18 18:14:38.747871-05	4	I	2	\N	1
1	Socabaya Facebook	f	PS_CFB_0301	2024-03-01	2024-03-31	2925.54	761.8599999999999		2024-03-17 19:02:30.865284-05	2024-03-18 19:05:50.657226-05	3	A	1	\N	1
\.


--
-- Data for Name: marketing_categoria; Type: TABLE DATA; Schema: public; Owner: postgres
--

COPY public.marketing_categoria (id, nombre, codigo, estado_id) FROM stdin;
1	Fisico	CF	A
2	Volante	CV	A
3	Facebook	CFB	A
4	Instagram	CI	A
5	TikTok	CT	A
6	WhatsApp	CW	A
7	Desconocido	CD	A
\.


--
-- Data for Name: marketing_gastocampania; Type: TABLE DATA; Schema: public; Owner: postgres
--

COPY public.marketing_gastocampania (id, "gastoSoles", "gastoDolares", "tipoCambioSoles", "fechaGasto", fecha_creacion, fecha_actualizacion, campania_id, estado_id, "presupuestoProyecto_id", "usuarioActualizador_id", "usuarioCreador_id") FROM stdin;
5	1842	500	3.684	2024-03-18	2024-03-18 11:29:06.188815-05	2024-03-18 11:29:06.189443-05	3	A	1	\N	1
7	19.43	5.06	3.84	2024-02-03	2024-03-18 19:03:24.670423-05	2024-03-18 19:03:24.670697-05	1	A	3	\N	1
8	596.16	155.25	3.84	2024-02-10	2024-03-18 19:03:41.135508-05	2024-03-18 19:03:41.135886-05	1	A	3	\N	1
9	1082.11	281.8	3.84	2024-02-17	2024-03-18 19:03:49.53335-05	2024-03-18 19:03:49.533642-05	1	A	3	\N	1
10	1227.84	319.75	3.84	2024-02-24	2024-03-18 19:04:06.573569-05	2024-03-18 19:04:06.574244-05	1	A	3	\N	1
\.


--
-- Data for Name: marketing_presupuestoproyecto; Type: TABLE DATA; Schema: public; Owner: postgres
--

COPY public.marketing_presupuestoproyecto (id, "presupuestoSoles", "gastoTotalCampaniasSoles", "presupuestoDolares", "gastoTotalCampaniasDolares", "tipoCambioSoles", "fechaPresupuesto", fecha_creacion, fecha_actualizacion, estado_id, proyecto_id, "usuarioActualizador_id", "usuarioCreador_id") FROM stdin;
1	18420	1842	5000	500	3.684	2024-03-17	2024-03-17 22:06:20.162866-05	2024-03-18 19:02:51.199812-05	A	1	\N	\N
3	3601.92	2925.54	938	761.8599999999999	3.84	2024-02-01	2024-03-18 18:47:09.507627-05	2024-03-18 19:05:50.647663-05	A	1	\N	\N
\.


--
-- Data for Name: marketing_proyecto; Type: TABLE DATA; Schema: public; Owner: postgres
--

COPY public.marketing_proyecto (id, nombre, ubicacion, codigo, descripcion, fecha_creacion, fecha_actualizacion, estado_id, "usuarioActualizador_id", "usuarioCreador_id") FROM stdin;
1	Proyecto Socabaya	socabaya	PS		2024-03-17 19:00:38.038217-05	2024-03-17 19:00:38.038476-05	A	\N	1
2	Proyecto Alamos del Valle	Por ahi	PAL		2024-03-17 19:21:52.037143-05	2024-03-17 19:21:52.037398-05	A	\N	1
\.


--
-- Data for Name: multimedia_imagenproducto; Type: TABLE DATA; Schema: public; Owner: postgres
--

COPY public.multimedia_imagenproducto (id, imagen, producto_id) FROM stdin;
\.


--
-- Data for Name: multimedia_imagenproyecto; Type: TABLE DATA; Schema: public; Owner: postgres
--

COPY public.multimedia_imagenproyecto (id, imagen, proyecto_id) FROM stdin;
1	imagenes/Screenshot_from_2024-03-13_15-04-36.png	1
2	imagenes/resize_image.png	2
\.


--
-- Data for Name: multimedia_videoproducto; Type: TABLE DATA; Schema: public; Owner: postgres
--

COPY public.multimedia_videoproducto (id, video, producto_id) FROM stdin;
\.


--
-- Data for Name: multimedia_videoproyecto; Type: TABLE DATA; Schema: public; Owner: postgres
--

COPY public.multimedia_videoproyecto (id, video, proyecto_id) FROM stdin;
\.


--
-- Data for Name: token_blacklist_blacklistedtoken; Type: TABLE DATA; Schema: public; Owner: postgres
--

COPY public.token_blacklist_blacklistedtoken (id, blacklisted_at, token_id) FROM stdin;
\.


--
-- Data for Name: token_blacklist_outstandingtoken; Type: TABLE DATA; Schema: public; Owner: postgres
--

COPY public.token_blacklist_outstandingtoken (id, token, created_at, expires_at, user_id, jti) FROM stdin;
1	eyJhbGciOiJIUzI1NiIsInR5cCI6IkpXVCJ9.eyJ0b2tlbl90eXBlIjoicmVmcmVzaCIsImV4cCI6MTc0MjI1MTk0MSwiaWF0IjoxNzEwNzE1OTQxLCJqdGkiOiJlODAxZjdjN2Q1NWU0NzcxYjhkY2RlMGEyNTQ1YjdkMSIsInVzZXJfaWQiOjF9.J6DyJE52cUsCQbWWD6WJ5HiALoHjqRbU3fNw3Igj6ss	2024-03-17 17:52:21.840066-05	2025-03-17 17:52:21-05	1	e801f7c7d55e4771b8dcde0a2545b7d1
2	eyJhbGciOiJIUzI1NiIsInR5cCI6IkpXVCJ9.eyJ0b2tlbl90eXBlIjoicmVmcmVzaCIsImV4cCI6MTc0MjI1MTk2MywiaWF0IjoxNzEwNzE1OTYzLCJqdGkiOiI4YTNlOTYyZGZiOWU0ZTViOGUyMTlhOWVmMzVlM2VhMiIsInVzZXJfaWQiOjF9.tHtH-aWw-eFuH4-hKPpiJ49zyVSf4h9p9MtkiRngI1Q	2024-03-17 17:52:43.895739-05	2025-03-17 17:52:43-05	1	8a3e962dfb9e4e5b8e219a9ef35e3ea2
3	eyJhbGciOiJIUzI1NiIsInR5cCI6IkpXVCJ9.eyJ0b2tlbl90eXBlIjoicmVmcmVzaCIsImV4cCI6MTc0MjI1MjI3MywiaWF0IjoxNzEwNzE2MjczLCJqdGkiOiI3NTE2YmFiZDg0MmI0Yzc5ODQ1N2FlN2FlZjg1MjNiYSIsInVzZXJfaWQiOjF9.JiT9HfMUsbIN7uFXA-PBYGRp58kmctU16vCDiJldfyA	2024-03-17 17:57:53.764366-05	2025-03-17 17:57:53-05	1	7516babd842b4c798457ae7aef8523ba
4	eyJhbGciOiJIUzI1NiIsInR5cCI6IkpXVCJ9.eyJ0b2tlbl90eXBlIjoicmVmcmVzaCIsImV4cCI6MTc0MjI1NTkyNywiaWF0IjoxNzEwNzE5OTI3LCJqdGkiOiJiODAyMTkyMjQ5OTk0NmY3ODkyZTkyODBjYTUyNjE0MiIsInVzZXJfaWQiOjE0fQ.WRwk3eHZ2z-tQZJ2PO95Fg1p7dKGEc-hhrintuTVils	2024-03-17 18:58:47.471206-05	2025-03-17 18:58:47-05	14	b8021922499946f7892e9280ca526142
5	eyJhbGciOiJIUzI1NiIsInR5cCI6IkpXVCJ9.eyJ0b2tlbl90eXBlIjoicmVmcmVzaCIsImV4cCI6MTc0MjI1NTk4NCwiaWF0IjoxNzEwNzE5OTg0LCJqdGkiOiJjZGY5YzYzMTE5ZjI0MWRiYjkyODViMjU4YjNhN2YwZSIsInVzZXJfaWQiOjE4fQ.a-G0wPvhrgJnCLfN5fD7-cHZ-5dQSIvQAJuTHNVaXfM	2024-03-17 18:59:44.509235-05	2025-03-17 18:59:44-05	18	cdf9c63119f241dbb9285b258b3a7f0e
6	eyJhbGciOiJIUzI1NiIsInR5cCI6IkpXVCJ9.eyJ0b2tlbl90eXBlIjoicmVmcmVzaCIsImV4cCI6MTc0MjI1ODI4NiwiaWF0IjoxNzEwNzIyMjg2LCJqdGkiOiIxNDIwNWE0YWU0MDc0ODk4ODk4MzRlOWEyYjc2ODM0MyIsInVzZXJfaWQiOjE0fQ.oy6RtNtgYZcGv0tXdM7Mcrj6PIq7mTBsZJdlJYQM1Kg	2024-03-17 19:38:06.102999-05	2025-03-17 19:38:06-05	14	14205a4ae407489889834e9a2b768343
7	eyJhbGciOiJIUzI1NiIsInR5cCI6IkpXVCJ9.eyJ0b2tlbl90eXBlIjoicmVmcmVzaCIsImV4cCI6MTc0MjI1ODMzOSwiaWF0IjoxNzEwNzIyMzM5LCJqdGkiOiJiNTRkMzVmMmE1ZTY0Y2NmYjQ5OTNjYWNjMTMzZDVkNiIsInVzZXJfaWQiOjE1fQ.M-Li8ewXW0i7vXBhMmz9UrlE80zCUsuSHvyGz9nc3KU	2024-03-17 19:38:59.39097-05	2025-03-17 19:38:59-05	15	b54d35f2a5e64ccfb4993cacc133d5d6
8	eyJhbGciOiJIUzI1NiIsInR5cCI6IkpXVCJ9.eyJ0b2tlbl90eXBlIjoicmVmcmVzaCIsImV4cCI6MTc0MjI1ODM4MywiaWF0IjoxNzEwNzIyMzgzLCJqdGkiOiJhYWYxOTkyNjMzZTE0OTkwYWU0NGVjNDk0NzIwZmQ4ZiIsInVzZXJfaWQiOjE2fQ.TAbLaMdzVifjdHGef1cpe2JoWfaPXM5KNm1FTy786BU	2024-03-17 19:39:43.302325-05	2025-03-17 19:39:43-05	16	aaf1992633e14990ae44ec494720fd8f
9	eyJhbGciOiJIUzI1NiIsInR5cCI6IkpXVCJ9.eyJ0b2tlbl90eXBlIjoicmVmcmVzaCIsImV4cCI6MTc0MjI1ODU1OSwiaWF0IjoxNzEwNzIyNTU5LCJqdGkiOiI2ZDY0ZTA5NTQxMzA0NWFmYjZmOTdhOThmMmI5YWNlMyIsInVzZXJfaWQiOjE3fQ.KaNlvJZ3aXLKn_fFJGyPM1KARU1IANG2gPAbQynJLSY	2024-03-17 19:42:39.778274-05	2025-03-17 19:42:39-05	17	6d64e095413045afb6f97a98f2b9ace3
10	eyJhbGciOiJIUzI1NiIsInR5cCI6IkpXVCJ9.eyJ0b2tlbl90eXBlIjoicmVmcmVzaCIsImV4cCI6MTc0MjI1ODcxOCwiaWF0IjoxNzEwNzIyNzE4LCJqdGkiOiIzMDdiNTdhODBhOTA0ODYxYThkZDNhMTU0MDcwMjI1YiIsInVzZXJfaWQiOjE0fQ.oev3NVqhFfqUl8ChfgKMv2kTccvlsIkPk-ZxHdudHys	2024-03-17 19:45:18.286139-05	2025-03-17 19:45:18-05	14	307b57a80a904861a8dd3a154070225b
11	eyJhbGciOiJIUzI1NiIsInR5cCI6IkpXVCJ9.eyJ0b2tlbl90eXBlIjoicmVmcmVzaCIsImV4cCI6MTc0MjI1ODkyOSwiaWF0IjoxNzEwNzIyOTI5LCJqdGkiOiI0NDQ2MjhkMzgyNWY0OWUyYjYxMTViYTYyMDE2ZTYyOCIsInVzZXJfaWQiOjE2fQ.N_ym2KPnN1AiuoopPXpCjf-rHg2E1hRrR7KsWuB0CXQ	2024-03-17 19:48:49.076033-05	2025-03-17 19:48:49-05	16	444628d3825f49e2b6115ba62016e628
12	eyJhbGciOiJIUzI1NiIsInR5cCI6IkpXVCJ9.eyJ0b2tlbl90eXBlIjoicmVmcmVzaCIsImV4cCI6MTc0MjI1OTQxNiwiaWF0IjoxNzEwNzIzNDE2LCJqdGkiOiI2NGIyNzBhZjIzNWM0MmI5ODMyN2FkNGEwNzMyZTU3ZiIsInVzZXJfaWQiOjE3fQ.is5F2u2Oh62rkuArouGtM_0qDuOzoe48HwYHvQZ36RI	2024-03-17 19:56:56.926249-05	2025-03-17 19:56:56-05	17	64b270af235c42b98327ad4a0732e57f
13	eyJhbGciOiJIUzI1NiIsInR5cCI6IkpXVCJ9.eyJ0b2tlbl90eXBlIjoicmVmcmVzaCIsImV4cCI6MTc0MjI2MjA1NywiaWF0IjoxNzEwNzI2MDU3LCJqdGkiOiIyNWFkOTE5NjZiZTY0ZjE4OTRmMDE0MjBiYzhmZTZlYyIsInVzZXJfaWQiOjE3fQ.xT8faFJfNUoys-6Amxr2IKBIz1xnUecG1wMhMZUtFqM	2024-03-17 20:40:57.881919-05	2025-03-17 20:40:57-05	17	25ad91966be64f1894f01420bc8fe6ec
14	eyJhbGciOiJIUzI1NiIsInR5cCI6IkpXVCJ9.eyJ0b2tlbl90eXBlIjoicmVmcmVzaCIsImV4cCI6MTc0MjI2NzA4OSwiaWF0IjoxNzEwNzMxMDg5LCJqdGkiOiIyMDZiMzhlM2ZmNWE0MjEyYjA3MzYzOTY5YzgxMjY0NCIsInVzZXJfaWQiOjF9._h56UyniOqAfe0w8Mepc-6eTjIfnwZhwNbMOAGZtfDI	2024-03-17 22:04:49.092095-05	2025-03-17 22:04:49-05	1	206b38e3ff5a4212b07363969c812644
15	eyJhbGciOiJIUzI1NiIsInR5cCI6IkpXVCJ9.eyJ0b2tlbl90eXBlIjoicmVmcmVzaCIsImV4cCI6MTc0MjI2ODM3MCwiaWF0IjoxNzEwNzMyMzcwLCJqdGkiOiI3ODJhOTkzYjI3NjI0ZjI0YjI2OWMzZGQyODY0NGE0MSIsInVzZXJfaWQiOjE4fQ.O8bnVhBIKCYq3wAfypyT_g2-5TBdex4yFH82pc6waro	2024-03-17 22:26:10.7262-05	2025-03-17 22:26:10-05	18	782a993b27624f24b269c3dd28644a41
16	eyJhbGciOiJIUzI1NiIsInR5cCI6IkpXVCJ9.eyJ0b2tlbl90eXBlIjoicmVmcmVzaCIsImV4cCI6MTc0MjI3MTA1NywiaWF0IjoxNzEwNzM1MDU3LCJqdGkiOiI3MjI3NWE2NDdjYjg0NDNkOGE0OTI2NWE5Mzg0NzIyYiIsInVzZXJfaWQiOjF9.ko5yJ0_UspLnzV__VaKFrbjVeR92RGh4a3LpuxszTYQ	2024-03-17 23:10:57.81918-05	2025-03-17 23:10:57-05	1	72275a647cb8443d8a49265a9384722b
17	eyJhbGciOiJIUzI1NiIsInR5cCI6IkpXVCJ9.eyJ0b2tlbl90eXBlIjoicmVmcmVzaCIsImV4cCI6MTc0MjI3MTA2OSwiaWF0IjoxNzEwNzM1MDY5LCJqdGkiOiIzYjYyZmI3NWEzY2I0ZTMyYTA5NjZjZGRlY2Y3ZGUyZiIsInVzZXJfaWQiOjE3fQ.lgUDGEGQaCujXzr9BFfUJMiUTBACPxBTyvjtZi95Pcw	2024-03-17 23:11:09.696008-05	2025-03-17 23:11:09-05	17	3b62fb75a3cb4e32a0966cddecf7de2f
18	eyJhbGciOiJIUzI1NiIsInR5cCI6IkpXVCJ9.eyJ0b2tlbl90eXBlIjoicmVmcmVzaCIsImV4cCI6MTc0MjI3MTkyNSwiaWF0IjoxNzEwNzM1OTI1LCJqdGkiOiJjNzgzMTIxZTIyYzM0MWVlOTlkY2Y3Y2UxZGEyNTgyNCIsInVzZXJfaWQiOjE1fQ.SP5aKL3E7A-CsyhTm6u9RgNy2q9RENlJdkKIC3f5AnM	2024-03-17 23:25:25.295176-05	2025-03-17 23:25:25-05	15	c783121e22c341ee99dcf7ce1da25824
19	eyJhbGciOiJIUzI1NiIsInR5cCI6IkpXVCJ9.eyJ0b2tlbl90eXBlIjoicmVmcmVzaCIsImV4cCI6MTc0MjI3MTk4MCwiaWF0IjoxNzEwNzM1OTgwLCJqdGkiOiJkOTU0OGRlYzcwNjg0MWYyOTIwZmQzNDZhZGYzMDJlZCIsInVzZXJfaWQiOjE4fQ.PB171LQELitREdRePFCQltF75kZjhWhuraByHBJSJmY	2024-03-17 23:26:20.270998-05	2025-03-17 23:26:20-05	18	d9548dec706841f2920fd346adf302ed
20	eyJhbGciOiJIUzI1NiIsInR5cCI6IkpXVCJ9.eyJ0b2tlbl90eXBlIjoicmVmcmVzaCIsImV4cCI6MTc0MjI3MjA1OCwiaWF0IjoxNzEwNzM2MDU4LCJqdGkiOiI5Njc2OGNjNGMyMTg0MTEyOWY4Mzc5ODA3YjNiYTk1ZCIsInVzZXJfaWQiOjE3fQ.HBez57-ungaNSIzj60Z8TPvzNhczeFd-tAaL27_C-58	2024-03-17 23:27:38.780752-05	2025-03-17 23:27:38-05	17	96768cc4c21841129f8379807b3ba95d
21	eyJhbGciOiJIUzI1NiIsInR5cCI6IkpXVCJ9.eyJ0b2tlbl90eXBlIjoicmVmcmVzaCIsImV4cCI6MTc0MjI3Mjk5MiwiaWF0IjoxNzEwNzM2OTkyLCJqdGkiOiJhODUyNWIxNmU4MzE0OTUwYWY0Yzk1YWQ3MDEyMjZiYiIsInVzZXJfaWQiOjF9.gCWK9Owrjg6_cVgNvFZFhCvGJdnpAFgAT7zegnw7Va8	2024-03-17 23:43:12.020798-05	2025-03-17 23:43:12-05	1	a8525b16e8314950af4c95ad701226bb
22	eyJhbGciOiJIUzI1NiIsInR5cCI6IkpXVCJ9.eyJ0b2tlbl90eXBlIjoicmVmcmVzaCIsImV4cCI6MTc0MjMwNzkzNCwiaWF0IjoxNzEwNzcxOTM0LCJqdGkiOiJiMWQyNjMyZTMxMTM0M2NhYWIzMWRmZWVhOTkwOGE1OSIsInVzZXJfaWQiOjF9._Wr60SPGGx4Q9Cd2GJHNskPEyI8up77QlQl14hOvBuA	2024-03-18 09:25:34.515623-05	2025-03-18 09:25:34-05	1	b1d2632e311343caab31dfeea9908a59
23	eyJhbGciOiJIUzI1NiIsInR5cCI6IkpXVCJ9.eyJ0b2tlbl90eXBlIjoicmVmcmVzaCIsImV4cCI6MTc0MjMwODM3MywiaWF0IjoxNzEwNzcyMzczLCJqdGkiOiJjMDQ1NWMyYTA1NWU0OGM3ODY5YWY3MWQ5ZDU5ODIzMCIsInVzZXJfaWQiOjF9.6KnERgLIZhtVNDbl_YrLwPE6iDXew3eelKMgFmrAgrA	2024-03-18 09:32:53.837531-05	2025-03-18 09:32:53-05	1	c0455c2a055e48c7869af71d9d598230
24	eyJhbGciOiJIUzI1NiIsInR5cCI6IkpXVCJ9.eyJ0b2tlbl90eXBlIjoicmVmcmVzaCIsImV4cCI6MTc0MjMwODUyMiwiaWF0IjoxNzEwNzcyNTIyLCJqdGkiOiI0ODE1ZmIxMjhkYTk0OWJlOTY2ODhlMjJmNTQyMDI4MiIsInVzZXJfaWQiOjE0fQ.Au5sHfkO3QjCSgO_GGZ7DAublGtunMtNBRjZewq9KVE	2024-03-18 09:35:22.578222-05	2025-03-18 09:35:22-05	14	4815fb128da949be96688e22f5420282
25	eyJhbGciOiJIUzI1NiIsInR5cCI6IkpXVCJ9.eyJ0b2tlbl90eXBlIjoicmVmcmVzaCIsImV4cCI6MTc0MjMwODcxMSwiaWF0IjoxNzEwNzcyNzExLCJqdGkiOiIxNzE5ZDI3MzFmOWM0MzQ1YTU3NjFmYTEzNjFiMWY1NSIsInVzZXJfaWQiOjE0fQ.Cjz9N5R7kU33jHGOMC53b8BJeAu-lb3kERUvZTobhks	2024-03-18 09:38:31.275528-05	2025-03-18 09:38:31-05	14	1719d2731f9c4345a5761fa1361b1f55
26	eyJhbGciOiJIUzI1NiIsInR5cCI6IkpXVCJ9.eyJ0b2tlbl90eXBlIjoicmVmcmVzaCIsImV4cCI6MTc0MjMxMDAwMiwiaWF0IjoxNzEwNzc0MDAyLCJqdGkiOiI3NzYxYTA4ZjE2YjE0MjQ4YmY1NjRhODc3YjQ4YzgzOCIsInVzZXJfaWQiOjE0fQ.nH3CCBGhD_SOSOt3pl7HhXNhguy4zIhYa84z5KsqZl8	2024-03-18 10:00:02.607367-05	2025-03-18 10:00:02-05	14	7761a08f16b14248bf564a877b48c838
27	eyJhbGciOiJIUzI1NiIsInR5cCI6IkpXVCJ9.eyJ0b2tlbl90eXBlIjoicmVmcmVzaCIsImV4cCI6MTc0MjMxMTg2NCwiaWF0IjoxNzEwNzc1ODY0LCJqdGkiOiJhZjgyZTA5MDAyMDg0ZDc1OWY5MDZkM2ExODQwMGQwZiIsInVzZXJfaWQiOjE3fQ.xNRaUVjtEZarfWE7h3-6kDybP6aekL4iDYMT0NSaEWw	2024-03-18 10:31:04.210912-05	2025-03-18 10:31:04-05	17	af82e09002084d759f906d3a18400d0f
28	eyJhbGciOiJIUzI1NiIsInR5cCI6IkpXVCJ9.eyJ0b2tlbl90eXBlIjoicmVmcmVzaCIsImV4cCI6MTc0MjMxMjE0NSwiaWF0IjoxNzEwNzc2MTQ1LCJqdGkiOiJkMGYxOTgxYTY2YjE0ZWFmYTlhYWMyMDZkZmFmZTgwMyIsInVzZXJfaWQiOjE3fQ.Heg3x4NJoNkxdQu9gzwDyk6jKU_DmW5nXQ4JprqC30Q	2024-03-18 10:35:45.542948-05	2025-03-18 10:35:45-05	17	d0f1981a66b14eafa9aac206dfafe803
29	eyJhbGciOiJIUzI1NiIsInR5cCI6IkpXVCJ9.eyJ0b2tlbl90eXBlIjoicmVmcmVzaCIsImV4cCI6MTc0MjMxMjgxMSwiaWF0IjoxNzEwNzc2ODExLCJqdGkiOiI3ZjIyMTEyMjc2MjY0YzkyOTY0NDRlZGM4NjA4OWU1YyIsInVzZXJfaWQiOjE3fQ.rCCU2oKd6GuV5FoSpiunYJ3eR8XblH1zjWATc-7AhRA	2024-03-18 10:46:51.849656-05	2025-03-18 10:46:51-05	17	7f22112276264c9296444edc86089e5c
30	eyJhbGciOiJIUzI1NiIsInR5cCI6IkpXVCJ9.eyJ0b2tlbl90eXBlIjoicmVmcmVzaCIsImV4cCI6MTc0MjMxMzYyNSwiaWF0IjoxNzEwNzc3NjI1LCJqdGkiOiJkNjZhZTliNmVjNDc0YTEyYmRiMWE5YWI0MjNlZTk1ZCIsInVzZXJfaWQiOjF9.ywAJjE5Gj8mh1O8piZhp2xO7f6Ue_2aQ9p9m6GnxuuI	2024-03-18 11:00:25.975824-05	2025-03-18 11:00:25-05	1	d66ae9b6ec474a12bdb1a9ab423ee95d
31	eyJhbGciOiJIUzI1NiIsInR5cCI6IkpXVCJ9.eyJ0b2tlbl90eXBlIjoicmVmcmVzaCIsImV4cCI6MTc0MjMxNDEwMCwiaWF0IjoxNzEwNzc4MTAwLCJqdGkiOiJkZGJiYzVhODNmOWY0YWNlYTA4YmFlODE3ZTdkZWE4ZCIsInVzZXJfaWQiOjF9.IOh9ew2EJ-NZbbL5XNCuzcnbdNgqtqqh28ppB4-SSe4	2024-03-18 11:08:20.786775-05	2025-03-18 11:08:20-05	1	ddbbc5a83f9f4acea08bae817e7dea8d
32	eyJhbGciOiJIUzI1NiIsInR5cCI6IkpXVCJ9.eyJ0b2tlbl90eXBlIjoicmVmcmVzaCIsImV4cCI6MTc0MjMyNTk2MCwiaWF0IjoxNzEwNzg5OTYwLCJqdGkiOiI0OGZlNGJkNDM1ZGQ0ZTAxYmUwM2FkZGU3YTEyZDQ1MiIsInVzZXJfaWQiOjE3fQ.3HGaoJPmZo34ZcvMS-fI8Qdi6rrmU7cAQS2GlPcKMUU	2024-03-18 14:26:00.379707-05	2025-03-18 14:26:00-05	17	48fe4bd435dd4e01be03adde7a12d452
33	eyJhbGciOiJIUzI1NiIsInR5cCI6IkpXVCJ9.eyJ0b2tlbl90eXBlIjoicmVmcmVzaCIsImV4cCI6MTc0MjMyNjg4NCwiaWF0IjoxNzEwNzkwODg0LCJqdGkiOiIwODRkY2Q2NTk4NzA0ZWMzYWExZjdjMzMxZmM4OGQ5OCIsInVzZXJfaWQiOjE4fQ.yRY0d0DKJsk3XpNufGtPvrs7LbQGACn66heachKOPRY	2024-03-18 14:41:24.889316-05	2025-03-18 14:41:24-05	18	084dcd6598704ec3aa1f7c331fc88d98
34	eyJhbGciOiJIUzI1NiIsInR5cCI6IkpXVCJ9.eyJ0b2tlbl90eXBlIjoicmVmcmVzaCIsImV4cCI6MTc0MjMyNjkzMSwiaWF0IjoxNzEwNzkwOTMxLCJqdGkiOiIxZmI3MmNlNmMyYjk0NmY2OWZiNDkxMzAyM2QwNDVhMSIsInVzZXJfaWQiOjE1fQ.IVMs5h9un1ST8oZf14wXeA9EAZbNkqPEdUOFuFMtves	2024-03-18 14:42:11.738882-05	2025-03-18 14:42:11-05	15	1fb72ce6c2b946f69fb4913023d045a1
35	eyJhbGciOiJIUzI1NiIsInR5cCI6IkpXVCJ9.eyJ0b2tlbl90eXBlIjoicmVmcmVzaCIsImV4cCI6MTc0MjMyNjk2NSwiaWF0IjoxNzEwNzkwOTY1LCJqdGkiOiIzMDU2NmVmOTA4ZGM0YWM1ODc4YjkyNDVlMjIzODEyYiIsInVzZXJfaWQiOjE4fQ.sE06aQ_qsWs6rosGExyQekjuRNsZEdqFFa3wmOatSVo	2024-03-18 14:42:45.109716-05	2025-03-18 14:42:45-05	18	30566ef908dc4ac5878b9245e223812b
36	eyJhbGciOiJIUzI1NiIsInR5cCI6IkpXVCJ9.eyJ0b2tlbl90eXBlIjoicmVmcmVzaCIsImV4cCI6MTc0MjMzMzUwNywiaWF0IjoxNzEwNzk3NTA3LCJqdGkiOiIzMTc0OWVlNzc2MGI0YmE3YWQxZTg3ZTZiNDgxNzAyNyIsInVzZXJfaWQiOjE3fQ.rdOqVMcIhwB51ZxzhhUsp1KWrOpE1fyJEYHYsG3rBMc	2024-03-18 16:31:47.313352-05	2025-03-18 16:31:47-05	17	31749ee7760b4ba7ad1e87e6b4817027
37	eyJhbGciOiJIUzI1NiIsInR5cCI6IkpXVCJ9.eyJ0b2tlbl90eXBlIjoicmVmcmVzaCIsImV4cCI6MTc0MjMzMzg1MCwiaWF0IjoxNzEwNzk3ODUwLCJqdGkiOiJiZmNiZGI0ZDE4YTE0OWE3OGIyMTY5YjcyOGJiMWU0MiIsInVzZXJfaWQiOjE4fQ.bPPFGgu5QZ6vrfmWIbVa7U0pOCTEFez2FqSC0S9t1Dk	2024-03-18 16:37:30.921375-05	2025-03-18 16:37:30-05	18	bfcbdb4d18a149a78b2169b728bb1e42
38	eyJhbGciOiJIUzI1NiIsInR5cCI6IkpXVCJ9.eyJ0b2tlbl90eXBlIjoicmVmcmVzaCIsImV4cCI6MTc0MjMzNzMwNCwiaWF0IjoxNzEwODAxMzA0LCJqdGkiOiJiNmUwYjQwZmMwZWI0ZDI0OWJhZmNhZGExYTViM2Y1MiIsInVzZXJfaWQiOjF9.OWw3iTthHVU-AgK6AgDhdayPF78ZEwKCXV8KVIKHf80	2024-03-18 17:35:04.672107-05	2025-03-18 17:35:04-05	1	b6e0b40fc0eb4d249bafcada1a5b3f52
39	eyJhbGciOiJIUzI1NiIsInR5cCI6IkpXVCJ9.eyJ0b2tlbl90eXBlIjoicmVmcmVzaCIsImV4cCI6MTc0MjMzNzMxNSwiaWF0IjoxNzEwODAxMzE1LCJqdGkiOiJjNDAwZDgwOWNmYWI0ZjY3YjhiMDY5NjYzMTUyNzNkOSIsInVzZXJfaWQiOjE3fQ.y7zcUr3cR1A2lHZl0p3n3Tn9Sal5aE0yHXBbYdc9ZK0	2024-03-18 17:35:15.638489-05	2025-03-18 17:35:15-05	17	c400d809cfab4f67b8b06966315273d9
40	eyJhbGciOiJIUzI1NiIsInR5cCI6IkpXVCJ9.eyJ0b2tlbl90eXBlIjoicmVmcmVzaCIsImV4cCI6MTc0MjMzOTU3MCwiaWF0IjoxNzEwODAzNTcwLCJqdGkiOiIzYzhmYjFiNzMyNTU0NDM1YmMzNzVkNjIyMDFjOWNmOSIsInVzZXJfaWQiOjE4fQ.NaBd9q73RpRXkmyndd7L7hDWGWRvutm0oBmj5-HfHwg	2024-03-18 18:12:50.575795-05	2025-03-18 18:12:50-05	18	3c8fb1b732554435bc375d62201c9cf9
41	eyJhbGciOiJIUzI1NiIsInR5cCI6IkpXVCJ9.eyJ0b2tlbl90eXBlIjoicmVmcmVzaCIsImV4cCI6MTc0MjM0MTU0MSwiaWF0IjoxNzEwODA1NTQxLCJqdGkiOiJkZTFlZWMxMmI2MTU0OTU0ODhmY2IyN2Q3NzJkOGY2YSIsInVzZXJfaWQiOjF9._GlFprPnLMpJ5KWPAPCXKXk7e3UA_PUFMREpes0ClX0	2024-03-18 18:45:41.79384-05	2025-03-18 18:45:41-05	1	de1eec12b615495488fcb27d772d8f6a
42	eyJhbGciOiJIUzI1NiIsInR5cCI6IkpXVCJ9.eyJ0b2tlbl90eXBlIjoicmVmcmVzaCIsImV4cCI6MTc0MjM0MTgwMiwiaWF0IjoxNzEwODA1ODAyLCJqdGkiOiIwMmQyNzA5MzNhY2I0YTA1ODNjZWY1Y2RlYzYwMzJiNCIsInVzZXJfaWQiOjE0fQ.EnCuDBg4tJ3f4JRNMCDOTwSP10zajONHtdzACxEGyrE	2024-03-18 18:50:02.583312-05	2025-03-18 18:50:02-05	14	02d270933acb4a0583cef5cdec6032b4
43	eyJhbGciOiJIUzI1NiIsInR5cCI6IkpXVCJ9.eyJ0b2tlbl90eXBlIjoicmVmcmVzaCIsImV4cCI6MTc0MjM0MjMyMywiaWF0IjoxNzEwODA2MzIzLCJqdGkiOiIyNzMyMWM4MTE4YjY0ZGNiYjM2OTI2ZWQzZjBjOTU0NSIsInVzZXJfaWQiOjF9.jVRumBcOVWlRBzKtRvzp02dDc3qQL4Na76Q_dBTxaHo	2024-03-18 18:58:43.536624-05	2025-03-18 18:58:43-05	1	27321c8118b64dcbb36926ed3f0c9545
44	eyJhbGciOiJIUzI1NiIsInR5cCI6IkpXVCJ9.eyJ0b2tlbl90eXBlIjoicmVmcmVzaCIsImV4cCI6MTc0MjM0MzMyNiwiaWF0IjoxNzEwODA3MzI2LCJqdGkiOiI4MmJhYTQ5Yzc1Zjk0NDVjOGI4ZDVlZGU2YjkzM2RlYyIsInVzZXJfaWQiOjE3fQ.ltC_Z2t3zkKi-IHDbibVeQgIAjLwU1a4MQ0WnBjfGqA	2024-03-18 19:15:26.948714-05	2025-03-18 19:15:26-05	17	82baa49c75f9445c8b8d5ede6b933dec
45	eyJhbGciOiJIUzI1NiIsInR5cCI6IkpXVCJ9.eyJ0b2tlbl90eXBlIjoicmVmcmVzaCIsImV4cCI6MTc0MjM0Njk3MiwiaWF0IjoxNzEwODEwOTcyLCJqdGkiOiI4YzJkODQxYTVkNDA0ZjIxYTdjNzE5MDIxMzg4MGFjOSIsInVzZXJfaWQiOjF9.XDprl_fJbtQZKGbGJAm9WNPOdVisR3HgPPsg40WZvSo	2024-03-18 20:16:12.467485-05	2025-03-18 20:16:12-05	1	8c2d841a5d404f21a7c7190213880ac9
46	eyJhbGciOiJIUzI1NiIsInR5cCI6IkpXVCJ9.eyJ0b2tlbl90eXBlIjoicmVmcmVzaCIsImV4cCI6MTc0MjM1MjA2MywiaWF0IjoxNzEwODE2MDYzLCJqdGkiOiJmNmZhMTNhOGM1MjU0ZTI2YWQwNzA0OTliN2NkYjFmNSIsInVzZXJfaWQiOjF9.g__EWLZG5VADgsoEnQo-Ac1pP7D8X_kblIQTjaOs0Y0	2024-03-18 21:41:03.913311-05	2025-03-18 21:41:03-05	1	f6fa13a8c5254e26ad070499b7cdb1f5
47	eyJhbGciOiJIUzI1NiIsInR5cCI6IkpXVCJ9.eyJ0b2tlbl90eXBlIjoicmVmcmVzaCIsImV4cCI6MTc0MjM1MjcyNiwiaWF0IjoxNzEwODE2NzI2LCJqdGkiOiI3NGU5NDFkMTUwOWM0MjdhYWEzZjZjYTVjODM0ODRmOSIsInVzZXJfaWQiOjF9.QPVA4akOgWAYzkQ9L5PDlQeDJ4Aa7iLlrQIpGI2W0m8	2024-03-18 21:52:06.158498-05	2025-03-18 21:52:06-05	1	74e941d1509c427aaa3f6ca5c83484f9
48	eyJhbGciOiJIUzI1NiIsInR5cCI6IkpXVCJ9.eyJ0b2tlbl90eXBlIjoicmVmcmVzaCIsImV4cCI6MTc0MjM1MjgyMCwiaWF0IjoxNzEwODE2ODIwLCJqdGkiOiIxNjAxODM3MjJhZWI0NTQ1YjM2NzY5N2FjMTQwODJiYiIsInVzZXJfaWQiOjE3fQ.10xoMjzjd8NdNe_xPO01Dp7Zyo5EyqOIuCu58-0DIa8	2024-03-18 21:53:40.286944-05	2025-03-18 21:53:40-05	17	160183722aeb4545b367697ac14082bb
49	eyJhbGciOiJIUzI1NiIsInR5cCI6IkpXVCJ9.eyJ0b2tlbl90eXBlIjoicmVmcmVzaCIsImV4cCI6MTc0MjM1MzUxMSwiaWF0IjoxNzEwODE3NTExLCJqdGkiOiIxMjAyYzQ1MDIwYjk0NGRkOWE4OTFjOGM3OWI0ZjZiMCIsInVzZXJfaWQiOjF9.o-9pa9YKZHjYT2xPhi9kKlT7U8BlgSbvXp_itX8PHVo	2024-03-18 22:05:11.355255-05	2025-03-18 22:05:11-05	1	1202c45020b944dd9a891c8c79b4f6b0
50	eyJhbGciOiJIUzI1NiIsInR5cCI6IkpXVCJ9.eyJ0b2tlbl90eXBlIjoicmVmcmVzaCIsImV4cCI6MTc0MjM1MzUyNSwiaWF0IjoxNzEwODE3NTI1LCJqdGkiOiIwZDdlN2EwZmJjZTU0ODQ2OGU2OGFlMDNjNThhYTY1NSIsInVzZXJfaWQiOjE3fQ.QAp1_YKfq0_e50EubVlSq1c7mES8_y3E6RJjQ9Kattk	2024-03-18 22:05:25.515097-05	2025-03-18 22:05:25-05	17	0d7e7a0fbce548468e68ae03c58aa655
51	eyJhbGciOiJIUzI1NiIsInR5cCI6IkpXVCJ9.eyJ0b2tlbl90eXBlIjoicmVmcmVzaCIsImV4cCI6MTc0MjM1NzcyNCwiaWF0IjoxNzEwODIxNzI0LCJqdGkiOiIzMmUxYWZiOTBkNjQ0MjViYjVmMzkzY2JiODYxMDgyYSIsInVzZXJfaWQiOjF9.xAZnad3iNPLFT2aPPm2uY5LfXgORQtR9q8h967mNuxU	2024-03-18 23:15:24.556865-05	2025-03-18 23:15:24-05	1	32e1afb90d64425bb5f393cbb861082a
52	eyJhbGciOiJIUzI1NiIsInR5cCI6IkpXVCJ9.eyJ0b2tlbl90eXBlIjoicmVmcmVzaCIsImV4cCI6MTc0MjM1Nzg3MywiaWF0IjoxNzEwODIxODczLCJqdGkiOiJhNDA2ZTk0NWMxOWY0YWQ2YWJjYzFjZDAyZTY3MWM0NSIsInVzZXJfaWQiOjE3fQ.iYiwloCzH3flqaf0QQq2oD3GHk3zR09XCPFoS9eCyHI	2024-03-18 23:17:53.239703-05	2025-03-18 23:17:53-05	17	a406e945c19f4ad6abcc1cd02e671c45
53	eyJhbGciOiJIUzI1NiIsInR5cCI6IkpXVCJ9.eyJ0b2tlbl90eXBlIjoicmVmcmVzaCIsImV4cCI6MTc0MjM1ODg0OSwiaWF0IjoxNzEwODIyODQ5LCJqdGkiOiI2NzU3NGUxZGRiMWU0MWQyODA2ZTM1NzEyN2U1ZmUzMyIsInVzZXJfaWQiOjE3fQ.2YvKSvEK-mUVdAmBHVrCjE7wIm47yiUQwiDbjRLBccw	2024-03-18 23:34:09.397593-05	2025-03-18 23:34:09-05	17	67574e1ddb1e41d2806e357127e5fe33
54	eyJhbGciOiJIUzI1NiIsInR5cCI6IkpXVCJ9.eyJ0b2tlbl90eXBlIjoicmVmcmVzaCIsImV4cCI6MTc0MjM1ODkwMCwiaWF0IjoxNzEwODIyOTAwLCJqdGkiOiJmYzM4NTc2NTVkOTc0OWYzYWRjZDMyMDNkOGY1N2I5MyIsInVzZXJfaWQiOjE0fQ.tbvQC6OIWeFJqK9l5O0Q9RUvQvIBbBZ2FKMJSyJ16Ww	2024-03-18 23:35:00.667866-05	2025-03-18 23:35:00-05	14	fc3857655d9749f3adcd3203d8f57b93
55	eyJhbGciOiJIUzI1NiIsInR5cCI6IkpXVCJ9.eyJ0b2tlbl90eXBlIjoicmVmcmVzaCIsImV4cCI6MTc0MjM1ODk1OCwiaWF0IjoxNzEwODIyOTU4LCJqdGkiOiJlOTM5YzBjZjM5MTQ0ZjdmOGI0MDYzNjcyMDcxODFmYyIsInVzZXJfaWQiOjE3fQ.QBdZAzUt0nAY5Eswk7DRelF1wXYmJmMoyjvzwdXFZUk	2024-03-18 23:35:58.671614-05	2025-03-18 23:35:58-05	17	e939c0cf39144f7f8b406367207181fc
56	eyJhbGciOiJIUzI1NiIsInR5cCI6IkpXVCJ9.eyJ0b2tlbl90eXBlIjoicmVmcmVzaCIsImV4cCI6MTc0MjM1OTAwMSwiaWF0IjoxNzEwODIzMDAxLCJqdGkiOiJkNGMzZThmZTUzY2E0OWExOTE2MWIzMjc5MTBjZDYxYSIsInVzZXJfaWQiOjE4fQ.jNN-uJxcml1LLoLXIToI_G-Qp60etRWgLjS79hDSuFg	2024-03-18 23:36:41.854337-05	2025-03-18 23:36:41-05	18	d4c3e8fe53ca49a19161b327910cd61a
57	eyJhbGciOiJIUzI1NiIsInR5cCI6IkpXVCJ9.eyJ0b2tlbl90eXBlIjoicmVmcmVzaCIsImV4cCI6MTc0MjM1OTk1MiwiaWF0IjoxNzEwODIzOTUyLCJqdGkiOiI3YjlkN2VjMzJkYTc0Y2FiOTY5MWRhYmY0NmYxYTZmZSIsInVzZXJfaWQiOjE3fQ._QTocPfCt8yMVgn40D3_2IsG-xxbQWdFo90NxCJxc5o	2024-03-18 23:52:32.7482-05	2025-03-18 23:52:32-05	17	7b9d7ec32da74cab9691dabf46f1a6fe
58	eyJhbGciOiJIUzI1NiIsInR5cCI6IkpXVCJ9.eyJ0b2tlbl90eXBlIjoicmVmcmVzaCIsImV4cCI6MTc0MjM5MjgzNywiaWF0IjoxNzEwODU2ODM3LCJqdGkiOiI1YjM0M2M5NzY3NjU0NjczOTU5NjZhMGRjNzRmYjM0ZSIsInVzZXJfaWQiOjE3fQ.RBlkU7bUG2BlkRrQbJDt_UpXbHx07Z-MgosnzonzP7Y	2024-03-19 09:00:37.572099-05	2025-03-19 09:00:37-05	17	5b343c976765467395966a0dc74fb34e
59	eyJhbGciOiJIUzI1NiIsInR5cCI6IkpXVCJ9.eyJ0b2tlbl90eXBlIjoicmVmcmVzaCIsImV4cCI6MTc0MjM5MzE3NiwiaWF0IjoxNzEwODU3MTc2LCJqdGkiOiI1MmVmYjQ3NjBiMGU0YTRlYWNlNzRmYzBlNWRlZjE0ZiIsInVzZXJfaWQiOjE0fQ.ZRJlm9P__1lwrjUDNuvE18maXzW6M73yMwi65V01580	2024-03-19 09:06:16.371614-05	2025-03-19 09:06:16-05	14	52efb4760b0e4a4eace74fc0e5def14f
60	eyJhbGciOiJIUzI1NiIsInR5cCI6IkpXVCJ9.eyJ0b2tlbl90eXBlIjoicmVmcmVzaCIsImV4cCI6MTc0MjM5MzQyOSwiaWF0IjoxNzEwODU3NDI5LCJqdGkiOiJkNmI4ZTNiNDQ3OWU0YWM0YjEyMmQzMjAzZDE4MDZjZSIsInVzZXJfaWQiOjE4fQ.hLDUiPgzL_miP7XjG7GyaV47Jp63_x_Y-dL4mMGk5bU	2024-03-19 09:10:29.089825-05	2025-03-19 09:10:29-05	18	d6b8e3b4479e4ac4b122d3203d1806ce
61	eyJhbGciOiJIUzI1NiIsInR5cCI6IkpXVCJ9.eyJ0b2tlbl90eXBlIjoicmVmcmVzaCIsImV4cCI6MTc0MjM5Mzc4NCwiaWF0IjoxNzEwODU3Nzg0LCJqdGkiOiI2MWNkMGJkNDU3OGU0OThhOTg1NDZjZTdhMjkxNDllZCIsInVzZXJfaWQiOjF9.v1HednxSq_denE0qMUdV5B7Wahwx5mNmVQBY46LjQdc	2024-03-19 09:16:24.162991-05	2025-03-19 09:16:24-05	1	61cd0bd4578e498a98546ce7a29149ed
62	eyJhbGciOiJIUzI1NiIsInR5cCI6IkpXVCJ9.eyJ0b2tlbl90eXBlIjoicmVmcmVzaCIsImV4cCI6MTc0MjM5Mzg0NSwiaWF0IjoxNzEwODU3ODQ1LCJqdGkiOiI3YTE2NDQzMGJlYzg0YjEzOTEyMjFjODJjYmM4ZjgwMSIsInVzZXJfaWQiOjE0fQ.BEC_8kgqUe3aMWYlVP5V1OqmB4AcZPIA-MHvz21oiBQ	2024-03-19 09:17:25.399909-05	2025-03-19 09:17:25-05	14	7a164430bec84b1391221c82cbc8f801
63	eyJhbGciOiJIUzI1NiIsInR5cCI6IkpXVCJ9.eyJ0b2tlbl90eXBlIjoicmVmcmVzaCIsImV4cCI6MTc0MjM5NDM5MywiaWF0IjoxNzEwODU4MzkzLCJqdGkiOiIxZTBkN2Y3MTVjODI0ZGYyODliMWI5YWQ3NGE3MWI2NyIsInVzZXJfaWQiOjF9.VAW8DHSwzXUF-7s1UDebTXb-uVcro2GrgqKz52iJU98	2024-03-19 09:26:33.974907-05	2025-03-19 09:26:33-05	1	1e0d7f715c824df289b1b9ad74a71b67
64	eyJhbGciOiJIUzI1NiIsInR5cCI6IkpXVCJ9.eyJ0b2tlbl90eXBlIjoicmVmcmVzaCIsImV4cCI6MTc0MjM5NDc4MiwiaWF0IjoxNzEwODU4NzgyLCJqdGkiOiI1YmIxZWEyMTkwZmU0YWMzOTNiMWExMzgxOWY5M2EzZiIsInVzZXJfaWQiOjE0fQ.gCeHMh-3mXBoHNWsaELuFROzDTY3K_KgwhP7XNwA3BE	2024-03-19 09:33:02.071518-05	2025-03-19 09:33:02-05	14	5bb1ea2190fe4ac393b1a13819f93a3f
65	eyJhbGciOiJIUzI1NiIsInR5cCI6IkpXVCJ9.eyJ0b2tlbl90eXBlIjoicmVmcmVzaCIsImV4cCI6MTc0MjM5NTYxMSwiaWF0IjoxNzEwODU5NjExLCJqdGkiOiJmNzUyOWU0NTM3YWI0ZjQ0YjU2MjU1OGNmYzFhNmY1NCIsInVzZXJfaWQiOjE3fQ.NIt5jKhmwE9rvQ9nhs1B0YhWaCuCquQc6CIqif8wxr8	2024-03-19 09:46:51.336494-05	2025-03-19 09:46:51-05	17	f7529e4537ab4f44b562558cfc1a6f54
66	eyJhbGciOiJIUzI1NiIsInR5cCI6IkpXVCJ9.eyJ0b2tlbl90eXBlIjoicmVmcmVzaCIsImV4cCI6MTc0MjM5ODE4NywiaWF0IjoxNzEwODYyMTg3LCJqdGkiOiJkNGJhNGZiNDY0Y2I0MWRhODIzMWZlZWY5ODQyZTA4MiIsInVzZXJfaWQiOjE0fQ.l5XuQji1_BoUui5gwx1wHlgwwLPfkmgG3ZzauE5NsJk	2024-03-19 10:29:47.753146-05	2025-03-19 10:29:47-05	14	d4ba4fb464cb41da8231feef9842e082
67	eyJhbGciOiJIUzI1NiIsInR5cCI6IkpXVCJ9.eyJ0b2tlbl90eXBlIjoicmVmcmVzaCIsImV4cCI6MTc0MjM5ODUwMCwiaWF0IjoxNzEwODYyNTAwLCJqdGkiOiIxYjM3MzJkNzJjMTg0MWI5YTY2MDM1MGZhY2M4ZGYyNiIsInVzZXJfaWQiOjE0fQ.avkjIHn7g-3ayLxAjpg9az6a5vI-jibc9YOLVTnJVmM	2024-03-19 10:35:00.291346-05	2025-03-19 10:35:00-05	14	1b3732d72c1841b9a660350facc8df26
68	eyJhbGciOiJIUzI1NiIsInR5cCI6IkpXVCJ9.eyJ0b2tlbl90eXBlIjoicmVmcmVzaCIsImV4cCI6MTc0MjQyNzk2MiwiaWF0IjoxNzEwODkxOTYyLCJqdGkiOiI3M2VkZmY0MjBmMWQ0OTcyYTM0YzRiNTI2ZDlmMjczMSIsInVzZXJfaWQiOjE0fQ.8xk3ACFqTFtrhAxtpsLZEd-0-7KpbFg1xVY0juSbJyA	2024-03-19 18:46:02.128632-05	2025-03-19 18:46:02-05	14	73edff420f1d4972a34c4b526d9f2731
69	eyJhbGciOiJIUzI1NiIsInR5cCI6IkpXVCJ9.eyJ0b2tlbl90eXBlIjoicmVmcmVzaCIsImV4cCI6MTc0MjQyODA3MiwiaWF0IjoxNzEwODkyMDcyLCJqdGkiOiJhNWVhZDczZWE3Nzc0ZjA3OGIwNGY0Y2JkODJiZmJmNiIsInVzZXJfaWQiOjF9.K_bE_hzJKOfcOnNBPzU4-MG18KREVNo5IPyeG6e2MlY	2024-03-19 18:47:52.105965-05	2025-03-19 18:47:52-05	1	a5ead73ea7774f078b04f4cbd82bfbf6
\.


--
-- Data for Name: ventas_cotizacion; Type: TABLE DATA; Schema: public; Owner: postgres
--

COPY public.ventas_cotizacion (id, nombre, fecha, duracion, estado_id, proyecto_id, tipo_id) FROM stdin;
\.


--
-- Data for Name: ventas_cuota; Type: TABLE DATA; Schema: public; Owner: postgres
--

COPY public.ventas_cuota (id, numero, tiempo, porcentaje, fecha, cotizacion_id, estado_id, tipo_id) FROM stdin;
\.


--
-- Data for Name: ventas_desasignacionconfiguracion; Type: TABLE DATA; Schema: public; Owner: postgres
--

COPY public.ventas_desasignacionconfiguracion (id, rango) FROM stdin;
\.


--
-- Data for Name: ventas_desasignacionleadasesor; Type: TABLE DATA; Schema: public; Owner: postgres
--

COPY public.ventas_desasignacionleadasesor (id, fecha, lead_id, usuario_id) FROM stdin;
14	2024-03-19 08:35:54.501384-05	75	15
15	2024-03-19 08:37:29.984944-05	75	15
16	2024-03-19 08:38:49.581481-05	75	15
17	2024-03-19 08:39:25.344092-05	75	15
18	2024-03-19 08:40:10.392537-05	75	15
19	2024-03-19 08:40:39.187773-05	75	15
20	2024-03-19 08:40:59.955801-05	75	15
21	2024-03-19 08:41:10.616942-05	75	15
22	2024-03-19 08:41:42.154629-05	75	15
23	2024-03-19 09:00:53.084749-05	70	14
24	2024-03-19 09:01:26.675948-05	70	14
25	2024-03-19 09:01:42.70665-05	70	14
26	2024-03-19 09:01:58.554139-05	70	14
27	2024-03-19 09:02:45.799613-05	70	14
28	2024-03-19 09:05:49.487842-05	70	14
29	2024-03-19 09:06:57.847625-05	73	14
30	2024-03-19 09:07:11.060675-05	73	14
31	2024-03-19 09:08:59.809698-05	73	14
32	2024-03-19 09:09:12.168814-05	73	14
33	2024-03-19 09:09:26.407276-05	73	14
34	2024-03-19 09:28:32.504051-05	73	14
35	2024-03-19 10:25:44.536597-05	71	16
\.


--
-- Data for Name: ventas_estadoevento; Type: TABLE DATA; Schema: public; Owner: postgres
--

COPY public.ventas_estadoevento (id, nombre, estado_id) FROM stdin;
1	Creado	A
2	En Proceso	A
3	Finalizado	A
\.


--
-- Data for Name: ventas_estadolead; Type: TABLE DATA; Schema: public; Owner: postgres
--

COPY public.ventas_estadolead (nombre, descripcion, color, estado_id) FROM stdin;
NR	No responde	#949494	A
EP	En proceso	#949494	A
FR	Frio	#0044FF	A
TB	Tibio	#FFEE00	A
CA	Caliente	#FF0000	A
SE	Separaciones	#00BB00	A
CI	Cierre	#00B2FF	A
\.


--
-- Data for Name: ventas_estadoseparacionlead; Type: TABLE DATA; Schema: public; Owner: postgres
--

COPY public.ventas_estadoseparacionlead (id, nombre, color, estado_id) FROM stdin;
3	Separo	#0000000	A
4	Vendido	#00BB00	A
5	Desistio	#00BB00	A
\.


--
-- Data for Name: ventas_evento; Type: TABLE DATA; Schema: public; Owner: postgres
--

COPY public.ventas_evento (id, titulo, duracion, fecha_visita, observacion, fecha_creacion, fecha_actualizacion, separado, asesor_id, estado_id, "estadoEvento_id", lead_id, objecion_id, tipo_id, "usuarioActualizador_id", "usuarioCreador_id") FROM stdin;
9	visita a  por ahiiiiii	20	2024-03-24 01:05:00-05	jojojojo	2024-03-19 10:31:00-05	2024-03-19 18:24:25.988673-05	f	14	A	1	73	1	2	14	14
6	Otro eventoooooooo	111	2024-03-30 10:32:07-05	savasvas	2024-03-20 09:42:53-05	2024-03-19 18:24:56.076964-05	f	14	A	3	73	7	2	14	14
7	visita a socabaya	10	2024-03-20 04:55:00-05		2024-03-19 10:21:45.822327-05	2024-03-19 10:26:34.65244-05	f	17	A	2	470	1	1	17	17
8	tarea ascasc	100	2024-03-31 05:25:00-05		2024-03-19 10:27:18.165857-05	2024-03-19 10:28:12.163448-05	f	17	A	2	470	1	2	17	17
\.


--
-- Data for Name: ventas_historicoleadasesor; Type: TABLE DATA; Schema: public; Owner: postgres
--

COPY public.ventas_historicoleadasesor (id, fecha_creacion, lead_id, usuario_id) FROM stdin;
464	2024-03-19 09:12:27.096712-05	470	16
415	2024-03-18 18:17:35.72005-05	75	15
416	2024-03-18 18:17:35.726529-05	74	16
417	2024-03-18 18:17:35.735486-05	73	14
418	2024-03-18 18:17:35.747184-05	72	15
419	2024-03-18 18:17:35.755808-05	71	16
420	2024-03-18 18:17:35.762493-05	70	14
\.


--
-- Data for Name: ventas_lead; Type: TABLE DATA; Schema: public; Owner: postgres
--

COPY public.ventas_lead (id, nombre, apellido, asignado, celular, celular2, comentario, "horaRecepcion", llamar, importante, fecha_asignacion, fecha_desasignacion, "recienCreado", fecha_creacion, fecha_actualizacion, asesor_id, campania_id, estado_id, "estadoLead_id", objecion_id, "usuarioActualizador_id", "usuarioCreador_id", "estadoSeparacionLead_id") FROM stdin;
75	Danitza		t	51999999999	\N		2024-02-09 00:00:00-05	t	f	2024-03-18 18:17:35-05	2024-03-19 08:41:42-05	f	2024-03-18 18:16:06-05	2024-03-19 09:04:48.153262-05	15	1	A	EP	1	17	17	3
70	Jean Carlo		t	942452151	\N		2024-02-09 00:00:00-05	t	f	2024-03-18 18:17:35.759841-05	2024-03-19 09:05:49.487765-05	f	2024-03-18 18:16:06.372504-05	2024-03-19 09:05:49.503419-05	14	1	A	TB	2	17	\N	\N
470			t	51963333333			2024-03-19 09:12:27.087703-05	t	f	2024-03-19 09:12:27.076939-05	\N	f	2024-03-19 09:12:27.087816-05	2024-03-19 09:12:27.088559-05	16	2	A	SE	2	\N	18	\N
73	Concepci칩n		t	959037568	+9696		2024-02-09 00:00:00-05	t	t	2024-03-18 18:17:35.730383-05	2024-03-19 09:28:32.503929-05	f	2024-03-18 18:16:06.400363-05	2024-03-19 09:28:32.52006-05	14	1	A	EP	3	14	\N	\N
71	Grethel		t	933598002	\N		2024-02-09 00:00:00-05	t	f	2024-03-18 18:17:35.752653-05	2024-03-19 10:25:44.53647-05	f	2024-03-18 18:16:06.381412-05	2024-03-19 10:25:44.554456-05	16	1	A	EP	1	17	\N	4
74	Guido		t	994608955	\N		2024-02-09 00:00:00-05	t	f	2024-03-18 18:17:35.723512-05	\N	f	2024-03-18 18:16:06.4098-05	2024-03-18 18:17:35.724507-05	16	1	A	EP	1	\N	\N	\N
72	Jorge		t	959683480	\N		2024-02-09 00:00:00-05	t	f	2024-03-18 18:17:35.740758-05	\N	f	2024-03-18 18:16:06.391818-05	2024-03-18 18:17:35.744228-05	15	1	A	EP	1	\N	\N	\N
\.


--
-- Data for Name: ventas_llamada; Type: TABLE DATA; Schema: public; Owner: postgres
--

COPY public.ventas_llamada (id, detalle, contesto, fecha_creacion, fecha_actualizacion, asesor_id, estado_id, lead_id, objecion_id, "usuarioActualizador_id", "usuarioCreador_id") FROM stdin;
\.


--
-- Data for Name: ventas_objecion; Type: TABLE DATA; Schema: public; Owner: postgres
--

COPY public.ventas_objecion (id, nombre, estado_id) FROM stdin;
1	Ninguna	A
2	No estoy interesado	A
3	N칰mero equivocado	A
4	Muy caro	A
5	Yo les devuelvo la llamada	A
6	Vu칠lveme a llamar	A
7	La ubicaci칩n no me gusta	A
\.


--
-- Data for Name: ventas_precio; Type: TABLE DATA; Schema: public; Owner: postgres
--

COPY public.ventas_precio (id, precio, cotizacion_id, estado_id, "tipoProducto_id") FROM stdin;
\.


--
-- Data for Name: ventas_producto; Type: TABLE DATA; Schema: public; Owner: postgres
--

COPY public.ventas_producto (id, nombre, codigo, reservado, numero, area, fecha_creacion, fecha_actualizacion, estado_id, proyecto_id, tipo_id, "usuarioActualizador_id", "usuarioCreador_id") FROM stdin;
\.


--
-- Data for Name: ventas_proyectotipoproducto; Type: TABLE DATA; Schema: public; Owner: postgres
--

COPY public.ventas_proyectotipoproducto (id, proyecto_id, tipo_producto_id) FROM stdin;
\.


--
-- Data for Name: ventas_tipocotizacion; Type: TABLE DATA; Schema: public; Owner: postgres
--

COPY public.ventas_tipocotizacion (id, nombre, estado_id) FROM stdin;
\.


--
-- Data for Name: ventas_tipocuota; Type: TABLE DATA; Schema: public; Owner: postgres
--

COPY public.ventas_tipocuota (id, nombre, estado_id) FROM stdin;
1	Pago Contado	A
\.


--
-- Data for Name: ventas_tipoevento; Type: TABLE DATA; Schema: public; Owner: postgres
--

COPY public.ventas_tipoevento (id, nombre, estado_id, color) FROM stdin;
1	Visita Campo	A	#00B2FF
2	Visita Oficina	A	#111111
\.


--
-- Data for Name: ventas_tipoproducto; Type: TABLE DATA; Schema: public; Owner: postgres
--

COPY public.ventas_tipoproducto (id, nombre, estado_id) FROM stdin;
1	Departamento	A
2	Lote	A
3	Cochera	A
4	Deposito	A
5	Condominio	A
\.


--
-- Data for Name: ventas_whatsapp; Type: TABLE DATA; Schema: public; Owner: postgres
--

COPY public.ventas_whatsapp (id, detalle, respondio, fecha_creacion, fecha_actualizacion, asesor_id, estado_id, lead_id, objecion_id, "usuarioActualizador_id", "usuarioCreador_id") FROM stdin;
1	Bueno	t	2024-03-17 19:46:26.152079-05	2024-03-17 19:46:26.152375-05	14	A	\N	5	\N	14
2	hola	f	2024-03-19 18:43:50.068855-05	2024-03-19 18:43:50.070479-05	14	A	70	1	\N	\N
3	hola	f	2024-03-19 18:43:50.079088-05	2024-03-19 18:43:50.081884-05	14	A	73	1	\N	\N
4	holsssssa	f	2024-03-19 18:47:35.731871-05	2024-03-19 18:47:35.735405-05	14	A	70	1	\N	\N
5	holsssssa	f	2024-03-19 18:47:35.746907-05	2024-03-19 18:47:35.749266-05	14	A	73	1	\N	\N
6	holsssssa	f	2024-03-19 18:48:11.568406-05	2024-03-19 18:48:11.572061-05	1	A	70	1	\N	\N
7	holsssssa	f	2024-03-19 18:48:11.58924-05	2024-03-19 18:48:11.591106-05	1	A	73	1	\N	\N
\.


--
-- Name: auth_group_id_seq; Type: SEQUENCE SET; Schema: public; Owner: postgres
--

SELECT pg_catalog.setval('public.auth_group_id_seq', 3, true);


--
-- Name: auth_group_permissions_id_seq; Type: SEQUENCE SET; Schema: public; Owner: postgres
--

SELECT pg_catalog.setval('public.auth_group_permissions_id_seq', 60, true);


--
-- Name: auth_permission_id_seq; Type: SEQUENCE SET; Schema: public; Owner: postgres
--

SELECT pg_catalog.setval('public.auth_permission_id_seq', 180, true);


--
-- Name: cuenta_modulo_id_seq; Type: SEQUENCE SET; Schema: public; Owner: postgres
--

SELECT pg_catalog.setval('public.cuenta_modulo_id_seq', 7, true);


--
-- Name: cuenta_user_groups_id_seq; Type: SEQUENCE SET; Schema: public; Owner: postgres
--

SELECT pg_catalog.setval('public.cuenta_user_groups_id_seq', 11, true);


--
-- Name: cuenta_user_id_seq; Type: SEQUENCE SET; Schema: public; Owner: postgres
--

SELECT pg_catalog.setval('public.cuenta_user_id_seq', 18, true);


--
-- Name: cuenta_user_user_permissions_id_seq; Type: SEQUENCE SET; Schema: public; Owner: postgres
--

SELECT pg_catalog.setval('public.cuenta_user_user_permissions_id_seq', 1, false);


--
-- Name: django_admin_log_id_seq; Type: SEQUENCE SET; Schema: public; Owner: postgres
--

SELECT pg_catalog.setval('public.django_admin_log_id_seq', 515, true);


--
-- Name: django_celery_beat_clockedschedule_id_seq; Type: SEQUENCE SET; Schema: public; Owner: postgres
--

SELECT pg_catalog.setval('public.django_celery_beat_clockedschedule_id_seq', 1, false);


--
-- Name: django_celery_beat_crontabschedule_id_seq; Type: SEQUENCE SET; Schema: public; Owner: postgres
--

SELECT pg_catalog.setval('public.django_celery_beat_crontabschedule_id_seq', 1, false);


--
-- Name: django_celery_beat_intervalschedule_id_seq; Type: SEQUENCE SET; Schema: public; Owner: postgres
--

SELECT pg_catalog.setval('public.django_celery_beat_intervalschedule_id_seq', 1, false);


--
-- Name: django_celery_beat_periodictask_id_seq; Type: SEQUENCE SET; Schema: public; Owner: postgres
--

SELECT pg_catalog.setval('public.django_celery_beat_periodictask_id_seq', 1, false);


--
-- Name: django_celery_beat_solarschedule_id_seq; Type: SEQUENCE SET; Schema: public; Owner: postgres
--

SELECT pg_catalog.setval('public.django_celery_beat_solarschedule_id_seq', 1, false);


--
-- Name: django_content_type_id_seq; Type: SEQUENCE SET; Schema: public; Owner: postgres
--

SELECT pg_catalog.setval('public.django_content_type_id_seq', 45, true);


--
-- Name: django_migrations_id_seq; Type: SEQUENCE SET; Schema: public; Owner: postgres
--

SELECT pg_catalog.setval('public.django_migrations_id_seq', 61, true);


--
-- Name: marketing_campania_id_seq; Type: SEQUENCE SET; Schema: public; Owner: postgres
--

SELECT pg_catalog.setval('public.marketing_campania_id_seq', 6, true);


--
-- Name: marketing_categoria_id_seq; Type: SEQUENCE SET; Schema: public; Owner: postgres
--

SELECT pg_catalog.setval('public.marketing_categoria_id_seq', 7, true);


--
-- Name: marketing_gastocampania_id_seq; Type: SEQUENCE SET; Schema: public; Owner: postgres
--

SELECT pg_catalog.setval('public.marketing_gastocampania_id_seq', 10, true);


--
-- Name: marketing_presupuestoproyecto_id_seq; Type: SEQUENCE SET; Schema: public; Owner: postgres
--

SELECT pg_catalog.setval('public.marketing_presupuestoproyecto_id_seq', 3, true);


--
-- Name: marketing_proyecto_id_seq; Type: SEQUENCE SET; Schema: public; Owner: postgres
--

SELECT pg_catalog.setval('public.marketing_proyecto_id_seq', 2, true);


--
-- Name: multimedia_imagenproducto_id_seq; Type: SEQUENCE SET; Schema: public; Owner: postgres
--

SELECT pg_catalog.setval('public.multimedia_imagenproducto_id_seq', 1, false);


--
-- Name: multimedia_imagenproyecto_id_seq; Type: SEQUENCE SET; Schema: public; Owner: postgres
--

SELECT pg_catalog.setval('public.multimedia_imagenproyecto_id_seq', 2, true);


--
-- Name: multimedia_videoproducto_id_seq; Type: SEQUENCE SET; Schema: public; Owner: postgres
--

SELECT pg_catalog.setval('public.multimedia_videoproducto_id_seq', 1, false);


--
-- Name: multimedia_videoproyecto_id_seq; Type: SEQUENCE SET; Schema: public; Owner: postgres
--

SELECT pg_catalog.setval('public.multimedia_videoproyecto_id_seq', 1, false);


--
-- Name: token_blacklist_blacklistedtoken_id_seq; Type: SEQUENCE SET; Schema: public; Owner: postgres
--

SELECT pg_catalog.setval('public.token_blacklist_blacklistedtoken_id_seq', 1, false);


--
-- Name: token_blacklist_outstandingtoken_id_seq; Type: SEQUENCE SET; Schema: public; Owner: postgres
--

SELECT pg_catalog.setval('public.token_blacklist_outstandingtoken_id_seq', 69, true);


--
-- Name: ventas_cotizacion_id_seq; Type: SEQUENCE SET; Schema: public; Owner: postgres
--

SELECT pg_catalog.setval('public.ventas_cotizacion_id_seq', 1, false);


--
-- Name: ventas_cuota_id_seq; Type: SEQUENCE SET; Schema: public; Owner: postgres
--

SELECT pg_catalog.setval('public.ventas_cuota_id_seq', 1, false);


--
-- Name: ventas_desasignacionconfiguracion_id_seq; Type: SEQUENCE SET; Schema: public; Owner: postgres
--

SELECT pg_catalog.setval('public.ventas_desasignacionconfiguracion_id_seq', 1, false);


--
-- Name: ventas_desasignacionleadasesor_id_seq; Type: SEQUENCE SET; Schema: public; Owner: postgres
--

SELECT pg_catalog.setval('public.ventas_desasignacionleadasesor_id_seq', 35, true);


--
-- Name: ventas_estadoevento_id_seq; Type: SEQUENCE SET; Schema: public; Owner: postgres
--

SELECT pg_catalog.setval('public.ventas_estadoevento_id_seq', 3, true);


--
-- Name: ventas_estadoseparacionlead_id_seq; Type: SEQUENCE SET; Schema: public; Owner: postgres
--

SELECT pg_catalog.setval('public.ventas_estadoseparacionlead_id_seq', 5, true);


--
-- Name: ventas_evento_id_seq; Type: SEQUENCE SET; Schema: public; Owner: postgres
--

SELECT pg_catalog.setval('public.ventas_evento_id_seq', 9, true);


--
-- Name: ventas_historicoleadasesor_id_seq; Type: SEQUENCE SET; Schema: public; Owner: postgres
--

SELECT pg_catalog.setval('public.ventas_historicoleadasesor_id_seq', 464, true);


--
-- Name: ventas_lead_id_seq; Type: SEQUENCE SET; Schema: public; Owner: postgres
--

SELECT pg_catalog.setval('public.ventas_lead_id_seq', 470, true);


--
-- Name: ventas_llamada_id_seq; Type: SEQUENCE SET; Schema: public; Owner: postgres
--

SELECT pg_catalog.setval('public.ventas_llamada_id_seq', 1, false);


--
-- Name: ventas_objecion_id_seq; Type: SEQUENCE SET; Schema: public; Owner: postgres
--

SELECT pg_catalog.setval('public.ventas_objecion_id_seq', 7, true);


--
-- Name: ventas_precio_id_seq; Type: SEQUENCE SET; Schema: public; Owner: postgres
--

SELECT pg_catalog.setval('public.ventas_precio_id_seq', 1, false);


--
-- Name: ventas_producto_id_seq; Type: SEQUENCE SET; Schema: public; Owner: postgres
--

SELECT pg_catalog.setval('public.ventas_producto_id_seq', 1, false);


--
-- Name: ventas_proyectotipoproducto_id_seq; Type: SEQUENCE SET; Schema: public; Owner: postgres
--

SELECT pg_catalog.setval('public.ventas_proyectotipoproducto_id_seq', 1, false);


--
-- Name: ventas_tipocotizacion_id_seq; Type: SEQUENCE SET; Schema: public; Owner: postgres
--

SELECT pg_catalog.setval('public.ventas_tipocotizacion_id_seq', 1, false);


--
-- Name: ventas_tipocuota_id_seq; Type: SEQUENCE SET; Schema: public; Owner: postgres
--

SELECT pg_catalog.setval('public.ventas_tipocuota_id_seq', 1, true);


--
-- Name: ventas_tipoevento_id_seq; Type: SEQUENCE SET; Schema: public; Owner: postgres
--

SELECT pg_catalog.setval('public.ventas_tipoevento_id_seq', 2, true);


--
-- Name: ventas_tipoproducto_id_seq; Type: SEQUENCE SET; Schema: public; Owner: postgres
--

SELECT pg_catalog.setval('public.ventas_tipoproducto_id_seq', 5, true);


--
-- Name: ventas_whatsapp_id_seq; Type: SEQUENCE SET; Schema: public; Owner: postgres
--

SELECT pg_catalog.setval('public.ventas_whatsapp_id_seq', 7, true);


--
-- Name: auth_group auth_group_name_key; Type: CONSTRAINT; Schema: public; Owner: postgres
--

ALTER TABLE ONLY public.auth_group
    ADD CONSTRAINT auth_group_name_key UNIQUE (name);


--
-- Name: auth_group_permissions auth_group_permissions_group_id_permission_id_0cd325b0_uniq; Type: CONSTRAINT; Schema: public; Owner: postgres
--

ALTER TABLE ONLY public.auth_group_permissions
    ADD CONSTRAINT auth_group_permissions_group_id_permission_id_0cd325b0_uniq UNIQUE (group_id, permission_id);


--
-- Name: auth_group_permissions auth_group_permissions_pkey; Type: CONSTRAINT; Schema: public; Owner: postgres
--

ALTER TABLE ONLY public.auth_group_permissions
    ADD CONSTRAINT auth_group_permissions_pkey PRIMARY KEY (id);


--
-- Name: auth_group auth_group_pkey; Type: CONSTRAINT; Schema: public; Owner: postgres
--

ALTER TABLE ONLY public.auth_group
    ADD CONSTRAINT auth_group_pkey PRIMARY KEY (id);


--
-- Name: auth_permission auth_permission_content_type_id_codename_01ab375a_uniq; Type: CONSTRAINT; Schema: public; Owner: postgres
--

ALTER TABLE ONLY public.auth_permission
    ADD CONSTRAINT auth_permission_content_type_id_codename_01ab375a_uniq UNIQUE (content_type_id, codename);


--
-- Name: auth_permission auth_permission_pkey; Type: CONSTRAINT; Schema: public; Owner: postgres
--

ALTER TABLE ONLY public.auth_permission
    ADD CONSTRAINT auth_permission_pkey PRIMARY KEY (id);


--
-- Name: cuenta_estadoregistro cuenta_estadoregistro_pkey; Type: CONSTRAINT; Schema: public; Owner: postgres
--

ALTER TABLE ONLY public.cuenta_estadoregistro
    ADD CONSTRAINT cuenta_estadoregistro_pkey PRIMARY KEY (estado);


--
-- Name: cuenta_modulo cuenta_modulo_pkey; Type: CONSTRAINT; Schema: public; Owner: postgres
--

ALTER TABLE ONLY public.cuenta_modulo
    ADD CONSTRAINT cuenta_modulo_pkey PRIMARY KEY (id);


--
-- Name: cuenta_user cuenta_user_codigoAsesor_key; Type: CONSTRAINT; Schema: public; Owner: postgres
--

ALTER TABLE ONLY public.cuenta_user
    ADD CONSTRAINT "cuenta_user_codigoAsesor_key" UNIQUE ("codigoAsesor");


--
-- Name: cuenta_user_groups cuenta_user_groups_pkey; Type: CONSTRAINT; Schema: public; Owner: postgres
--

ALTER TABLE ONLY public.cuenta_user_groups
    ADD CONSTRAINT cuenta_user_groups_pkey PRIMARY KEY (id);


--
-- Name: cuenta_user_groups cuenta_user_groups_user_id_group_id_aa2c9476_uniq; Type: CONSTRAINT; Schema: public; Owner: postgres
--

ALTER TABLE ONLY public.cuenta_user_groups
    ADD CONSTRAINT cuenta_user_groups_user_id_group_id_aa2c9476_uniq UNIQUE (user_id, group_id);


--
-- Name: cuenta_user cuenta_user_pkey; Type: CONSTRAINT; Schema: public; Owner: postgres
--

ALTER TABLE ONLY public.cuenta_user
    ADD CONSTRAINT cuenta_user_pkey PRIMARY KEY (id);


--
-- Name: cuenta_user_user_permissions cuenta_user_user_permiss_user_id_permission_id_4ab227af_uniq; Type: CONSTRAINT; Schema: public; Owner: postgres
--

ALTER TABLE ONLY public.cuenta_user_user_permissions
    ADD CONSTRAINT cuenta_user_user_permiss_user_id_permission_id_4ab227af_uniq UNIQUE (user_id, permission_id);


--
-- Name: cuenta_user_user_permissions cuenta_user_user_permissions_pkey; Type: CONSTRAINT; Schema: public; Owner: postgres
--

ALTER TABLE ONLY public.cuenta_user_user_permissions
    ADD CONSTRAINT cuenta_user_user_permissions_pkey PRIMARY KEY (id);


--
-- Name: cuenta_user cuenta_user_username_key; Type: CONSTRAINT; Schema: public; Owner: postgres
--

ALTER TABLE ONLY public.cuenta_user
    ADD CONSTRAINT cuenta_user_username_key UNIQUE (username);


--
-- Name: django_admin_log django_admin_log_pkey; Type: CONSTRAINT; Schema: public; Owner: postgres
--

ALTER TABLE ONLY public.django_admin_log
    ADD CONSTRAINT django_admin_log_pkey PRIMARY KEY (id);


--
-- Name: django_celery_beat_clockedschedule django_celery_beat_clockedschedule_pkey; Type: CONSTRAINT; Schema: public; Owner: postgres
--

ALTER TABLE ONLY public.django_celery_beat_clockedschedule
    ADD CONSTRAINT django_celery_beat_clockedschedule_pkey PRIMARY KEY (id);


--
-- Name: django_celery_beat_crontabschedule django_celery_beat_crontabschedule_pkey; Type: CONSTRAINT; Schema: public; Owner: postgres
--

ALTER TABLE ONLY public.django_celery_beat_crontabschedule
    ADD CONSTRAINT django_celery_beat_crontabschedule_pkey PRIMARY KEY (id);


--
-- Name: django_celery_beat_intervalschedule django_celery_beat_intervalschedule_pkey; Type: CONSTRAINT; Schema: public; Owner: postgres
--

ALTER TABLE ONLY public.django_celery_beat_intervalschedule
    ADD CONSTRAINT django_celery_beat_intervalschedule_pkey PRIMARY KEY (id);


--
-- Name: django_celery_beat_periodictask django_celery_beat_periodictask_name_key; Type: CONSTRAINT; Schema: public; Owner: postgres
--

ALTER TABLE ONLY public.django_celery_beat_periodictask
    ADD CONSTRAINT django_celery_beat_periodictask_name_key UNIQUE (name);


--
-- Name: django_celery_beat_periodictask django_celery_beat_periodictask_pkey; Type: CONSTRAINT; Schema: public; Owner: postgres
--

ALTER TABLE ONLY public.django_celery_beat_periodictask
    ADD CONSTRAINT django_celery_beat_periodictask_pkey PRIMARY KEY (id);


--
-- Name: django_celery_beat_periodictasks django_celery_beat_periodictasks_pkey; Type: CONSTRAINT; Schema: public; Owner: postgres
--

ALTER TABLE ONLY public.django_celery_beat_periodictasks
    ADD CONSTRAINT django_celery_beat_periodictasks_pkey PRIMARY KEY (ident);


--
-- Name: django_celery_beat_solarschedule django_celery_beat_solar_event_latitude_longitude_ba64999a_uniq; Type: CONSTRAINT; Schema: public; Owner: postgres
--

ALTER TABLE ONLY public.django_celery_beat_solarschedule
    ADD CONSTRAINT django_celery_beat_solar_event_latitude_longitude_ba64999a_uniq UNIQUE (event, latitude, longitude);


--
-- Name: django_celery_beat_solarschedule django_celery_beat_solarschedule_pkey; Type: CONSTRAINT; Schema: public; Owner: postgres
--

ALTER TABLE ONLY public.django_celery_beat_solarschedule
    ADD CONSTRAINT django_celery_beat_solarschedule_pkey PRIMARY KEY (id);


--
-- Name: django_content_type django_content_type_app_label_model_76bd3d3b_uniq; Type: CONSTRAINT; Schema: public; Owner: postgres
--

ALTER TABLE ONLY public.django_content_type
    ADD CONSTRAINT django_content_type_app_label_model_76bd3d3b_uniq UNIQUE (app_label, model);


--
-- Name: django_content_type django_content_type_pkey; Type: CONSTRAINT; Schema: public; Owner: postgres
--

ALTER TABLE ONLY public.django_content_type
    ADD CONSTRAINT django_content_type_pkey PRIMARY KEY (id);


--
-- Name: django_migrations django_migrations_pkey; Type: CONSTRAINT; Schema: public; Owner: postgres
--

ALTER TABLE ONLY public.django_migrations
    ADD CONSTRAINT django_migrations_pkey PRIMARY KEY (id);


--
-- Name: django_session django_session_pkey; Type: CONSTRAINT; Schema: public; Owner: postgres
--

ALTER TABLE ONLY public.django_session
    ADD CONSTRAINT django_session_pkey PRIMARY KEY (session_key);


--
-- Name: marketing_campania marketing_campania_codigo_key; Type: CONSTRAINT; Schema: public; Owner: postgres
--

ALTER TABLE ONLY public.marketing_campania
    ADD CONSTRAINT marketing_campania_codigo_key UNIQUE (codigo);


--
-- Name: marketing_campania marketing_campania_nombre_key; Type: CONSTRAINT; Schema: public; Owner: postgres
--

ALTER TABLE ONLY public.marketing_campania
    ADD CONSTRAINT marketing_campania_nombre_key UNIQUE (nombre);


--
-- Name: marketing_campania marketing_campania_pkey; Type: CONSTRAINT; Schema: public; Owner: postgres
--

ALTER TABLE ONLY public.marketing_campania
    ADD CONSTRAINT marketing_campania_pkey PRIMARY KEY (id);


--
-- Name: marketing_categoria marketing_categoria_codigo_key; Type: CONSTRAINT; Schema: public; Owner: postgres
--

ALTER TABLE ONLY public.marketing_categoria
    ADD CONSTRAINT marketing_categoria_codigo_key UNIQUE (codigo);


--
-- Name: marketing_categoria marketing_categoria_nombre_key; Type: CONSTRAINT; Schema: public; Owner: postgres
--

ALTER TABLE ONLY public.marketing_categoria
    ADD CONSTRAINT marketing_categoria_nombre_key UNIQUE (nombre);


--
-- Name: marketing_categoria marketing_categoria_pkey; Type: CONSTRAINT; Schema: public; Owner: postgres
--

ALTER TABLE ONLY public.marketing_categoria
    ADD CONSTRAINT marketing_categoria_pkey PRIMARY KEY (id);


--
-- Name: marketing_gastocampania marketing_gastocampania_pkey; Type: CONSTRAINT; Schema: public; Owner: postgres
--

ALTER TABLE ONLY public.marketing_gastocampania
    ADD CONSTRAINT marketing_gastocampania_pkey PRIMARY KEY (id);


--
-- Name: marketing_presupuestoproyecto marketing_presupuestoproyecto_pkey; Type: CONSTRAINT; Schema: public; Owner: postgres
--

ALTER TABLE ONLY public.marketing_presupuestoproyecto
    ADD CONSTRAINT marketing_presupuestoproyecto_pkey PRIMARY KEY (id);


--
-- Name: marketing_proyecto marketing_proyecto_codigo_key; Type: CONSTRAINT; Schema: public; Owner: postgres
--

ALTER TABLE ONLY public.marketing_proyecto
    ADD CONSTRAINT marketing_proyecto_codigo_key UNIQUE (codigo);


--
-- Name: marketing_proyecto marketing_proyecto_nombre_key; Type: CONSTRAINT; Schema: public; Owner: postgres
--

ALTER TABLE ONLY public.marketing_proyecto
    ADD CONSTRAINT marketing_proyecto_nombre_key UNIQUE (nombre);


--
-- Name: marketing_proyecto marketing_proyecto_pkey; Type: CONSTRAINT; Schema: public; Owner: postgres
--

ALTER TABLE ONLY public.marketing_proyecto
    ADD CONSTRAINT marketing_proyecto_pkey PRIMARY KEY (id);


--
-- Name: multimedia_imagenproducto multimedia_imagenproducto_pkey; Type: CONSTRAINT; Schema: public; Owner: postgres
--

ALTER TABLE ONLY public.multimedia_imagenproducto
    ADD CONSTRAINT multimedia_imagenproducto_pkey PRIMARY KEY (id);


--
-- Name: multimedia_imagenproyecto multimedia_imagenproyecto_pkey; Type: CONSTRAINT; Schema: public; Owner: postgres
--

ALTER TABLE ONLY public.multimedia_imagenproyecto
    ADD CONSTRAINT multimedia_imagenproyecto_pkey PRIMARY KEY (id);


--
-- Name: multimedia_videoproducto multimedia_videoproducto_pkey; Type: CONSTRAINT; Schema: public; Owner: postgres
--

ALTER TABLE ONLY public.multimedia_videoproducto
    ADD CONSTRAINT multimedia_videoproducto_pkey PRIMARY KEY (id);


--
-- Name: multimedia_videoproyecto multimedia_videoproyecto_pkey; Type: CONSTRAINT; Schema: public; Owner: postgres
--

ALTER TABLE ONLY public.multimedia_videoproyecto
    ADD CONSTRAINT multimedia_videoproyecto_pkey PRIMARY KEY (id);


--
-- Name: token_blacklist_blacklistedtoken token_blacklist_blacklistedtoken_pkey; Type: CONSTRAINT; Schema: public; Owner: postgres
--

ALTER TABLE ONLY public.token_blacklist_blacklistedtoken
    ADD CONSTRAINT token_blacklist_blacklistedtoken_pkey PRIMARY KEY (id);


--
-- Name: token_blacklist_blacklistedtoken token_blacklist_blacklistedtoken_token_id_key; Type: CONSTRAINT; Schema: public; Owner: postgres
--

ALTER TABLE ONLY public.token_blacklist_blacklistedtoken
    ADD CONSTRAINT token_blacklist_blacklistedtoken_token_id_key UNIQUE (token_id);


--
-- Name: token_blacklist_outstandingtoken token_blacklist_outstandingtoken_jti_hex_d9bdf6f7_uniq; Type: CONSTRAINT; Schema: public; Owner: postgres
--

ALTER TABLE ONLY public.token_blacklist_outstandingtoken
    ADD CONSTRAINT token_blacklist_outstandingtoken_jti_hex_d9bdf6f7_uniq UNIQUE (jti);


--
-- Name: token_blacklist_outstandingtoken token_blacklist_outstandingtoken_pkey; Type: CONSTRAINT; Schema: public; Owner: postgres
--

ALTER TABLE ONLY public.token_blacklist_outstandingtoken
    ADD CONSTRAINT token_blacklist_outstandingtoken_pkey PRIMARY KEY (id);


--
-- Name: ventas_cotizacion ventas_cotizacion_pkey; Type: CONSTRAINT; Schema: public; Owner: postgres
--

ALTER TABLE ONLY public.ventas_cotizacion
    ADD CONSTRAINT ventas_cotizacion_pkey PRIMARY KEY (id);


--
-- Name: ventas_cuota ventas_cuota_pkey; Type: CONSTRAINT; Schema: public; Owner: postgres
--

ALTER TABLE ONLY public.ventas_cuota
    ADD CONSTRAINT ventas_cuota_pkey PRIMARY KEY (id);


--
-- Name: ventas_desasignacionconfiguracion ventas_desasignacionconfiguracion_pkey; Type: CONSTRAINT; Schema: public; Owner: postgres
--

ALTER TABLE ONLY public.ventas_desasignacionconfiguracion
    ADD CONSTRAINT ventas_desasignacionconfiguracion_pkey PRIMARY KEY (id);


--
-- Name: ventas_desasignacionleadasesor ventas_desasignacionleadasesor_pkey; Type: CONSTRAINT; Schema: public; Owner: postgres
--

ALTER TABLE ONLY public.ventas_desasignacionleadasesor
    ADD CONSTRAINT ventas_desasignacionleadasesor_pkey PRIMARY KEY (id);


--
-- Name: ventas_estadoevento ventas_estadoevento_pkey; Type: CONSTRAINT; Schema: public; Owner: postgres
--

ALTER TABLE ONLY public.ventas_estadoevento
    ADD CONSTRAINT ventas_estadoevento_pkey PRIMARY KEY (id);


--
-- Name: ventas_estadolead ventas_estadolead_pkey; Type: CONSTRAINT; Schema: public; Owner: postgres
--

ALTER TABLE ONLY public.ventas_estadolead
    ADD CONSTRAINT ventas_estadolead_pkey PRIMARY KEY (nombre);


--
-- Name: ventas_estadoseparacionlead ventas_estadoseparacionlead_pkey; Type: CONSTRAINT; Schema: public; Owner: postgres
--

ALTER TABLE ONLY public.ventas_estadoseparacionlead
    ADD CONSTRAINT ventas_estadoseparacionlead_pkey PRIMARY KEY (id);


--
-- Name: ventas_evento ventas_evento_pkey; Type: CONSTRAINT; Schema: public; Owner: postgres
--

ALTER TABLE ONLY public.ventas_evento
    ADD CONSTRAINT ventas_evento_pkey PRIMARY KEY (id);


--
-- Name: ventas_historicoleadasesor ventas_historicoleadasesor_pkey; Type: CONSTRAINT; Schema: public; Owner: postgres
--

ALTER TABLE ONLY public.ventas_historicoleadasesor
    ADD CONSTRAINT ventas_historicoleadasesor_pkey PRIMARY KEY (id);


--
-- Name: ventas_lead ventas_lead_pkey; Type: CONSTRAINT; Schema: public; Owner: postgres
--

ALTER TABLE ONLY public.ventas_lead
    ADD CONSTRAINT ventas_lead_pkey PRIMARY KEY (id);


--
-- Name: ventas_llamada ventas_llamada_pkey; Type: CONSTRAINT; Schema: public; Owner: postgres
--

ALTER TABLE ONLY public.ventas_llamada
    ADD CONSTRAINT ventas_llamada_pkey PRIMARY KEY (id);


--
-- Name: ventas_objecion ventas_objecion_nombre_key; Type: CONSTRAINT; Schema: public; Owner: postgres
--

ALTER TABLE ONLY public.ventas_objecion
    ADD CONSTRAINT ventas_objecion_nombre_key UNIQUE (nombre);


--
-- Name: ventas_objecion ventas_objecion_pkey; Type: CONSTRAINT; Schema: public; Owner: postgres
--

ALTER TABLE ONLY public.ventas_objecion
    ADD CONSTRAINT ventas_objecion_pkey PRIMARY KEY (id);


--
-- Name: ventas_precio ventas_precio_pkey; Type: CONSTRAINT; Schema: public; Owner: postgres
--

ALTER TABLE ONLY public.ventas_precio
    ADD CONSTRAINT ventas_precio_pkey PRIMARY KEY (id);


--
-- Name: ventas_producto ventas_producto_codigo_key; Type: CONSTRAINT; Schema: public; Owner: postgres
--

ALTER TABLE ONLY public.ventas_producto
    ADD CONSTRAINT ventas_producto_codigo_key UNIQUE (codigo);


--
-- Name: ventas_producto ventas_producto_pkey; Type: CONSTRAINT; Schema: public; Owner: postgres
--

ALTER TABLE ONLY public.ventas_producto
    ADD CONSTRAINT ventas_producto_pkey PRIMARY KEY (id);


--
-- Name: ventas_proyectotipoproducto ventas_proyectotipoproducto_pkey; Type: CONSTRAINT; Schema: public; Owner: postgres
--

ALTER TABLE ONLY public.ventas_proyectotipoproducto
    ADD CONSTRAINT ventas_proyectotipoproducto_pkey PRIMARY KEY (id);


--
-- Name: ventas_tipocotizacion ventas_tipocotizacion_pkey; Type: CONSTRAINT; Schema: public; Owner: postgres
--

ALTER TABLE ONLY public.ventas_tipocotizacion
    ADD CONSTRAINT ventas_tipocotizacion_pkey PRIMARY KEY (id);


--
-- Name: ventas_tipocuota ventas_tipocuota_pkey; Type: CONSTRAINT; Schema: public; Owner: postgres
--

ALTER TABLE ONLY public.ventas_tipocuota
    ADD CONSTRAINT ventas_tipocuota_pkey PRIMARY KEY (id);


--
-- Name: ventas_tipoevento ventas_tipoevento_pkey; Type: CONSTRAINT; Schema: public; Owner: postgres
--

ALTER TABLE ONLY public.ventas_tipoevento
    ADD CONSTRAINT ventas_tipoevento_pkey PRIMARY KEY (id);


--
-- Name: ventas_tipoproducto ventas_tipoproducto_pkey; Type: CONSTRAINT; Schema: public; Owner: postgres
--

ALTER TABLE ONLY public.ventas_tipoproducto
    ADD CONSTRAINT ventas_tipoproducto_pkey PRIMARY KEY (id);


--
-- Name: ventas_whatsapp ventas_whatsapp_pkey; Type: CONSTRAINT; Schema: public; Owner: postgres
--

ALTER TABLE ONLY public.ventas_whatsapp
    ADD CONSTRAINT ventas_whatsapp_pkey PRIMARY KEY (id);


--
-- Name: auth_group_name_a6ea08ec_like; Type: INDEX; Schema: public; Owner: postgres
--

CREATE INDEX auth_group_name_a6ea08ec_like ON public.auth_group USING btree (name varchar_pattern_ops);


--
-- Name: auth_group_permissions_group_id_b120cbf9; Type: INDEX; Schema: public; Owner: postgres
--

CREATE INDEX auth_group_permissions_group_id_b120cbf9 ON public.auth_group_permissions USING btree (group_id);


--
-- Name: auth_group_permissions_permission_id_84c5c92e; Type: INDEX; Schema: public; Owner: postgres
--

CREATE INDEX auth_group_permissions_permission_id_84c5c92e ON public.auth_group_permissions USING btree (permission_id);


--
-- Name: auth_permission_content_type_id_2f476e4b; Type: INDEX; Schema: public; Owner: postgres
--

CREATE INDEX auth_permission_content_type_id_2f476e4b ON public.auth_permission USING btree (content_type_id);


--
-- Name: cuenta_estadoregistro_estado_97a7a969_like; Type: INDEX; Schema: public; Owner: postgres
--

CREATE INDEX cuenta_estadoregistro_estado_97a7a969_like ON public.cuenta_estadoregistro USING btree (estado varchar_pattern_ops);


--
-- Name: cuenta_modulo_contentType_id_2a61d120; Type: INDEX; Schema: public; Owner: postgres
--

CREATE INDEX "cuenta_modulo_contentType_id_2a61d120" ON public.cuenta_modulo USING btree ("contentType_id");


--
-- Name: cuenta_modulo_estado_id_5859d6c7; Type: INDEX; Schema: public; Owner: postgres
--

CREATE INDEX cuenta_modulo_estado_id_5859d6c7 ON public.cuenta_modulo USING btree (estado_id);


--
-- Name: cuenta_modulo_estado_id_5859d6c7_like; Type: INDEX; Schema: public; Owner: postgres
--

CREATE INDEX cuenta_modulo_estado_id_5859d6c7_like ON public.cuenta_modulo USING btree (estado_id varchar_pattern_ops);


--
-- Name: cuenta_user_codigoAsesor_0db83882_like; Type: INDEX; Schema: public; Owner: postgres
--

CREATE INDEX "cuenta_user_codigoAsesor_0db83882_like" ON public.cuenta_user USING btree ("codigoAsesor" varchar_pattern_ops);


--
-- Name: cuenta_user_estado_id_d5a492ba; Type: INDEX; Schema: public; Owner: postgres
--

CREATE INDEX cuenta_user_estado_id_d5a492ba ON public.cuenta_user USING btree (estado_id);


--
-- Name: cuenta_user_estado_id_d5a492ba_like; Type: INDEX; Schema: public; Owner: postgres
--

CREATE INDEX cuenta_user_estado_id_d5a492ba_like ON public.cuenta_user USING btree (estado_id varchar_pattern_ops);


--
-- Name: cuenta_user_groups_group_id_cf2ca9f2; Type: INDEX; Schema: public; Owner: postgres
--

CREATE INDEX cuenta_user_groups_group_id_cf2ca9f2 ON public.cuenta_user_groups USING btree (group_id);


--
-- Name: cuenta_user_groups_user_id_70f894f5; Type: INDEX; Schema: public; Owner: postgres
--

CREATE INDEX cuenta_user_groups_user_id_70f894f5 ON public.cuenta_user_groups USING btree (user_id);


--
-- Name: cuenta_user_user_permissions_permission_id_401431f5; Type: INDEX; Schema: public; Owner: postgres
--

CREATE INDEX cuenta_user_user_permissions_permission_id_401431f5 ON public.cuenta_user_user_permissions USING btree (permission_id);


--
-- Name: cuenta_user_user_permissions_user_id_7b5627c2; Type: INDEX; Schema: public; Owner: postgres
--

CREATE INDEX cuenta_user_user_permissions_user_id_7b5627c2 ON public.cuenta_user_user_permissions USING btree (user_id);


--
-- Name: cuenta_user_username_7a232732_like; Type: INDEX; Schema: public; Owner: postgres
--

CREATE INDEX cuenta_user_username_7a232732_like ON public.cuenta_user USING btree (username varchar_pattern_ops);


--
-- Name: django_admin_log_content_type_id_c4bce8eb; Type: INDEX; Schema: public; Owner: postgres
--

CREATE INDEX django_admin_log_content_type_id_c4bce8eb ON public.django_admin_log USING btree (content_type_id);


--
-- Name: django_admin_log_user_id_c564eba6; Type: INDEX; Schema: public; Owner: postgres
--

CREATE INDEX django_admin_log_user_id_c564eba6 ON public.django_admin_log USING btree (user_id);


--
-- Name: django_celery_beat_periodictask_clocked_id_47a69f82; Type: INDEX; Schema: public; Owner: postgres
--

CREATE INDEX django_celery_beat_periodictask_clocked_id_47a69f82 ON public.django_celery_beat_periodictask USING btree (clocked_id);


--
-- Name: django_celery_beat_periodictask_crontab_id_d3cba168; Type: INDEX; Schema: public; Owner: postgres
--

CREATE INDEX django_celery_beat_periodictask_crontab_id_d3cba168 ON public.django_celery_beat_periodictask USING btree (crontab_id);


--
-- Name: django_celery_beat_periodictask_interval_id_a8ca27da; Type: INDEX; Schema: public; Owner: postgres
--

CREATE INDEX django_celery_beat_periodictask_interval_id_a8ca27da ON public.django_celery_beat_periodictask USING btree (interval_id);


--
-- Name: django_celery_beat_periodictask_name_265a36b7_like; Type: INDEX; Schema: public; Owner: postgres
--

CREATE INDEX django_celery_beat_periodictask_name_265a36b7_like ON public.django_celery_beat_periodictask USING btree (name varchar_pattern_ops);


--
-- Name: django_celery_beat_periodictask_solar_id_a87ce72c; Type: INDEX; Schema: public; Owner: postgres
--

CREATE INDEX django_celery_beat_periodictask_solar_id_a87ce72c ON public.django_celery_beat_periodictask USING btree (solar_id);


--
-- Name: django_session_expire_date_a5c62663; Type: INDEX; Schema: public; Owner: postgres
--

CREATE INDEX django_session_expire_date_a5c62663 ON public.django_session USING btree (expire_date);


--
-- Name: django_session_session_key_c0390e0f_like; Type: INDEX; Schema: public; Owner: postgres
--

CREATE INDEX django_session_session_key_c0390e0f_like ON public.django_session USING btree (session_key varchar_pattern_ops);


--
-- Name: marketing_campania_categoria_id_947d87f4; Type: INDEX; Schema: public; Owner: postgres
--

CREATE INDEX marketing_campania_categoria_id_947d87f4 ON public.marketing_campania USING btree (categoria_id);


--
-- Name: marketing_campania_codigo_3ca493fd_like; Type: INDEX; Schema: public; Owner: postgres
--

CREATE INDEX marketing_campania_codigo_3ca493fd_like ON public.marketing_campania USING btree (codigo varchar_pattern_ops);


--
-- Name: marketing_campania_estado_id_8af5896d; Type: INDEX; Schema: public; Owner: postgres
--

CREATE INDEX marketing_campania_estado_id_8af5896d ON public.marketing_campania USING btree (estado_id);


--
-- Name: marketing_campania_estado_id_8af5896d_like; Type: INDEX; Schema: public; Owner: postgres
--

CREATE INDEX marketing_campania_estado_id_8af5896d_like ON public.marketing_campania USING btree (estado_id varchar_pattern_ops);


--
-- Name: marketing_campania_nombre_fb034c88_like; Type: INDEX; Schema: public; Owner: postgres
--

CREATE INDEX marketing_campania_nombre_fb034c88_like ON public.marketing_campania USING btree (nombre varchar_pattern_ops);


--
-- Name: marketing_campania_proyecto_id_c61271da; Type: INDEX; Schema: public; Owner: postgres
--

CREATE INDEX marketing_campania_proyecto_id_c61271da ON public.marketing_campania USING btree (proyecto_id);


--
-- Name: marketing_campania_usuarioActualizador_id_26cc158f; Type: INDEX; Schema: public; Owner: postgres
--

CREATE INDEX "marketing_campania_usuarioActualizador_id_26cc158f" ON public.marketing_campania USING btree ("usuarioActualizador_id");


--
-- Name: marketing_campania_usuarioCreador_id_cc3ec0ac; Type: INDEX; Schema: public; Owner: postgres
--

CREATE INDEX "marketing_campania_usuarioCreador_id_cc3ec0ac" ON public.marketing_campania USING btree ("usuarioCreador_id");


--
-- Name: marketing_categoria_codigo_eec4fe94_like; Type: INDEX; Schema: public; Owner: postgres
--

CREATE INDEX marketing_categoria_codigo_eec4fe94_like ON public.marketing_categoria USING btree (codigo varchar_pattern_ops);


--
-- Name: marketing_categoria_estado_id_0601d1ae; Type: INDEX; Schema: public; Owner: postgres
--

CREATE INDEX marketing_categoria_estado_id_0601d1ae ON public.marketing_categoria USING btree (estado_id);


--
-- Name: marketing_categoria_estado_id_0601d1ae_like; Type: INDEX; Schema: public; Owner: postgres
--

CREATE INDEX marketing_categoria_estado_id_0601d1ae_like ON public.marketing_categoria USING btree (estado_id varchar_pattern_ops);


--
-- Name: marketing_categoria_nombre_8436bce3_like; Type: INDEX; Schema: public; Owner: postgres
--

CREATE INDEX marketing_categoria_nombre_8436bce3_like ON public.marketing_categoria USING btree (nombre varchar_pattern_ops);


--
-- Name: marketing_gastocampania_campania_id_6fb3fd34; Type: INDEX; Schema: public; Owner: postgres
--

CREATE INDEX marketing_gastocampania_campania_id_6fb3fd34 ON public.marketing_gastocampania USING btree (campania_id);


--
-- Name: marketing_gastocampania_estado_id_fe5439ef; Type: INDEX; Schema: public; Owner: postgres
--

CREATE INDEX marketing_gastocampania_estado_id_fe5439ef ON public.marketing_gastocampania USING btree (estado_id);


--
-- Name: marketing_gastocampania_estado_id_fe5439ef_like; Type: INDEX; Schema: public; Owner: postgres
--

CREATE INDEX marketing_gastocampania_estado_id_fe5439ef_like ON public.marketing_gastocampania USING btree (estado_id varchar_pattern_ops);


--
-- Name: marketing_gastocampania_presupuestoProyecto_id_df552315; Type: INDEX; Schema: public; Owner: postgres
--

CREATE INDEX "marketing_gastocampania_presupuestoProyecto_id_df552315" ON public.marketing_gastocampania USING btree ("presupuestoProyecto_id");


--
-- Name: marketing_gastocampania_usuarioActualizador_id_baaf3e31; Type: INDEX; Schema: public; Owner: postgres
--

CREATE INDEX "marketing_gastocampania_usuarioActualizador_id_baaf3e31" ON public.marketing_gastocampania USING btree ("usuarioActualizador_id");


--
-- Name: marketing_gastocampania_usuarioCreador_id_56a44e00; Type: INDEX; Schema: public; Owner: postgres
--

CREATE INDEX "marketing_gastocampania_usuarioCreador_id_56a44e00" ON public.marketing_gastocampania USING btree ("usuarioCreador_id");


--
-- Name: marketing_presupuestoproyecto_estado_id_bc699b14; Type: INDEX; Schema: public; Owner: postgres
--

CREATE INDEX marketing_presupuestoproyecto_estado_id_bc699b14 ON public.marketing_presupuestoproyecto USING btree (estado_id);


--
-- Name: marketing_presupuestoproyecto_estado_id_bc699b14_like; Type: INDEX; Schema: public; Owner: postgres
--

CREATE INDEX marketing_presupuestoproyecto_estado_id_bc699b14_like ON public.marketing_presupuestoproyecto USING btree (estado_id varchar_pattern_ops);


--
-- Name: marketing_presupuestoproyecto_proyecto_id_83365fcd; Type: INDEX; Schema: public; Owner: postgres
--

CREATE INDEX marketing_presupuestoproyecto_proyecto_id_83365fcd ON public.marketing_presupuestoproyecto USING btree (proyecto_id);


--
-- Name: marketing_presupuestoproyecto_usuarioActualizador_id_d32e45e3; Type: INDEX; Schema: public; Owner: postgres
--

CREATE INDEX "marketing_presupuestoproyecto_usuarioActualizador_id_d32e45e3" ON public.marketing_presupuestoproyecto USING btree ("usuarioActualizador_id");


--
-- Name: marketing_presupuestoproyecto_usuarioCreador_id_a8538403; Type: INDEX; Schema: public; Owner: postgres
--

CREATE INDEX "marketing_presupuestoproyecto_usuarioCreador_id_a8538403" ON public.marketing_presupuestoproyecto USING btree ("usuarioCreador_id");


--
-- Name: marketing_proyecto_codigo_192b48c5_like; Type: INDEX; Schema: public; Owner: postgres
--

CREATE INDEX marketing_proyecto_codigo_192b48c5_like ON public.marketing_proyecto USING btree (codigo varchar_pattern_ops);


--
-- Name: marketing_proyecto_estado_id_a4076a2a; Type: INDEX; Schema: public; Owner: postgres
--

CREATE INDEX marketing_proyecto_estado_id_a4076a2a ON public.marketing_proyecto USING btree (estado_id);


--
-- Name: marketing_proyecto_estado_id_a4076a2a_like; Type: INDEX; Schema: public; Owner: postgres
--

CREATE INDEX marketing_proyecto_estado_id_a4076a2a_like ON public.marketing_proyecto USING btree (estado_id varchar_pattern_ops);


--
-- Name: marketing_proyecto_nombre_2f05dab4_like; Type: INDEX; Schema: public; Owner: postgres
--

CREATE INDEX marketing_proyecto_nombre_2f05dab4_like ON public.marketing_proyecto USING btree (nombre varchar_pattern_ops);


--
-- Name: marketing_proyecto_usuarioActualizador_id_798e545a; Type: INDEX; Schema: public; Owner: postgres
--

CREATE INDEX "marketing_proyecto_usuarioActualizador_id_798e545a" ON public.marketing_proyecto USING btree ("usuarioActualizador_id");


--
-- Name: marketing_proyecto_usuarioCreador_id_c864e0fc; Type: INDEX; Schema: public; Owner: postgres
--

CREATE INDEX "marketing_proyecto_usuarioCreador_id_c864e0fc" ON public.marketing_proyecto USING btree ("usuarioCreador_id");


--
-- Name: multimedia_imagenproducto_producto_id_13dd33a4; Type: INDEX; Schema: public; Owner: postgres
--

CREATE INDEX multimedia_imagenproducto_producto_id_13dd33a4 ON public.multimedia_imagenproducto USING btree (producto_id);


--
-- Name: multimedia_imagenproyecto_proyecto_id_c3dc9bd9; Type: INDEX; Schema: public; Owner: postgres
--

CREATE INDEX multimedia_imagenproyecto_proyecto_id_c3dc9bd9 ON public.multimedia_imagenproyecto USING btree (proyecto_id);


--
-- Name: multimedia_videoproducto_producto_id_5fc246d7; Type: INDEX; Schema: public; Owner: postgres
--

CREATE INDEX multimedia_videoproducto_producto_id_5fc246d7 ON public.multimedia_videoproducto USING btree (producto_id);


--
-- Name: multimedia_videoproyecto_proyecto_id_2602a1bb; Type: INDEX; Schema: public; Owner: postgres
--

CREATE INDEX multimedia_videoproyecto_proyecto_id_2602a1bb ON public.multimedia_videoproyecto USING btree (proyecto_id);


--
-- Name: token_blacklist_outstandingtoken_jti_hex_d9bdf6f7_like; Type: INDEX; Schema: public; Owner: postgres
--

CREATE INDEX token_blacklist_outstandingtoken_jti_hex_d9bdf6f7_like ON public.token_blacklist_outstandingtoken USING btree (jti varchar_pattern_ops);


--
-- Name: token_blacklist_outstandingtoken_user_id_83bc629a; Type: INDEX; Schema: public; Owner: postgres
--

CREATE INDEX token_blacklist_outstandingtoken_user_id_83bc629a ON public.token_blacklist_outstandingtoken USING btree (user_id);


--
-- Name: ventas_cotizacion_estado_id_4c03ed64; Type: INDEX; Schema: public; Owner: postgres
--

CREATE INDEX ventas_cotizacion_estado_id_4c03ed64 ON public.ventas_cotizacion USING btree (estado_id);


--
-- Name: ventas_cotizacion_estado_id_4c03ed64_like; Type: INDEX; Schema: public; Owner: postgres
--

CREATE INDEX ventas_cotizacion_estado_id_4c03ed64_like ON public.ventas_cotizacion USING btree (estado_id varchar_pattern_ops);


--
-- Name: ventas_cotizacion_proyecto_id_5133ce3a; Type: INDEX; Schema: public; Owner: postgres
--

CREATE INDEX ventas_cotizacion_proyecto_id_5133ce3a ON public.ventas_cotizacion USING btree (proyecto_id);


--
-- Name: ventas_cotizacion_tipo_id_76158ba5; Type: INDEX; Schema: public; Owner: postgres
--

CREATE INDEX ventas_cotizacion_tipo_id_76158ba5 ON public.ventas_cotizacion USING btree (tipo_id);


--
-- Name: ventas_cuota_cotizacion_id_03c69e16; Type: INDEX; Schema: public; Owner: postgres
--

CREATE INDEX ventas_cuota_cotizacion_id_03c69e16 ON public.ventas_cuota USING btree (cotizacion_id);


--
-- Name: ventas_cuota_estado_id_7e2e6470; Type: INDEX; Schema: public; Owner: postgres
--

CREATE INDEX ventas_cuota_estado_id_7e2e6470 ON public.ventas_cuota USING btree (estado_id);


--
-- Name: ventas_cuota_estado_id_7e2e6470_like; Type: INDEX; Schema: public; Owner: postgres
--

CREATE INDEX ventas_cuota_estado_id_7e2e6470_like ON public.ventas_cuota USING btree (estado_id varchar_pattern_ops);


--
-- Name: ventas_cuota_tipo_id_7ef78424; Type: INDEX; Schema: public; Owner: postgres
--

CREATE INDEX ventas_cuota_tipo_id_7ef78424 ON public.ventas_cuota USING btree (tipo_id);


--
-- Name: ventas_desasignacionleadasesor_lead_id_9c79fb06; Type: INDEX; Schema: public; Owner: postgres
--

CREATE INDEX ventas_desasignacionleadasesor_lead_id_9c79fb06 ON public.ventas_desasignacionleadasesor USING btree (lead_id);


--
-- Name: ventas_desasignacionleadasesor_usuario_id_2767a2a3; Type: INDEX; Schema: public; Owner: postgres
--

CREATE INDEX ventas_desasignacionleadasesor_usuario_id_2767a2a3 ON public.ventas_desasignacionleadasesor USING btree (usuario_id);


--
-- Name: ventas_estadoevento_estado_id_c129a6f0; Type: INDEX; Schema: public; Owner: postgres
--

CREATE INDEX ventas_estadoevento_estado_id_c129a6f0 ON public.ventas_estadoevento USING btree (estado_id);


--
-- Name: ventas_estadoevento_estado_id_c129a6f0_like; Type: INDEX; Schema: public; Owner: postgres
--

CREATE INDEX ventas_estadoevento_estado_id_c129a6f0_like ON public.ventas_estadoevento USING btree (estado_id varchar_pattern_ops);


--
-- Name: ventas_estadolead_estado_id_bb594f1b; Type: INDEX; Schema: public; Owner: postgres
--

CREATE INDEX ventas_estadolead_estado_id_bb594f1b ON public.ventas_estadolead USING btree (estado_id);


--
-- Name: ventas_estadolead_estado_id_bb594f1b_like; Type: INDEX; Schema: public; Owner: postgres
--

CREATE INDEX ventas_estadolead_estado_id_bb594f1b_like ON public.ventas_estadolead USING btree (estado_id varchar_pattern_ops);


--
-- Name: ventas_estadolead_nombre_70866519_like; Type: INDEX; Schema: public; Owner: postgres
--

CREATE INDEX ventas_estadolead_nombre_70866519_like ON public.ventas_estadolead USING btree (nombre varchar_pattern_ops);


--
-- Name: ventas_estadoseparacionlead_estado_id_5a88d3d7; Type: INDEX; Schema: public; Owner: postgres
--

CREATE INDEX ventas_estadoseparacionlead_estado_id_5a88d3d7 ON public.ventas_estadoseparacionlead USING btree (estado_id);


--
-- Name: ventas_estadoseparacionlead_estado_id_5a88d3d7_like; Type: INDEX; Schema: public; Owner: postgres
--

CREATE INDEX ventas_estadoseparacionlead_estado_id_5a88d3d7_like ON public.ventas_estadoseparacionlead USING btree (estado_id varchar_pattern_ops);


--
-- Name: ventas_evento_asesor_id_ea375381; Type: INDEX; Schema: public; Owner: postgres
--

CREATE INDEX ventas_evento_asesor_id_ea375381 ON public.ventas_evento USING btree (asesor_id);


--
-- Name: ventas_evento_estadoEvento_id_fd2e2eb2; Type: INDEX; Schema: public; Owner: postgres
--

CREATE INDEX "ventas_evento_estadoEvento_id_fd2e2eb2" ON public.ventas_evento USING btree ("estadoEvento_id");


--
-- Name: ventas_evento_estado_id_e829db5d; Type: INDEX; Schema: public; Owner: postgres
--

CREATE INDEX ventas_evento_estado_id_e829db5d ON public.ventas_evento USING btree (estado_id);


--
-- Name: ventas_evento_estado_id_e829db5d_like; Type: INDEX; Schema: public; Owner: postgres
--

CREATE INDEX ventas_evento_estado_id_e829db5d_like ON public.ventas_evento USING btree (estado_id varchar_pattern_ops);


--
-- Name: ventas_evento_lead_id_08e70c93; Type: INDEX; Schema: public; Owner: postgres
--

CREATE INDEX ventas_evento_lead_id_08e70c93 ON public.ventas_evento USING btree (lead_id);


--
-- Name: ventas_evento_objecion_id_469e0133; Type: INDEX; Schema: public; Owner: postgres
--

CREATE INDEX ventas_evento_objecion_id_469e0133 ON public.ventas_evento USING btree (objecion_id);


--
-- Name: ventas_evento_tipo_id_78657756; Type: INDEX; Schema: public; Owner: postgres
--

CREATE INDEX ventas_evento_tipo_id_78657756 ON public.ventas_evento USING btree (tipo_id);


--
-- Name: ventas_evento_usuarioActualizador_id_88d7c969; Type: INDEX; Schema: public; Owner: postgres
--

CREATE INDEX "ventas_evento_usuarioActualizador_id_88d7c969" ON public.ventas_evento USING btree ("usuarioActualizador_id");


--
-- Name: ventas_evento_usuarioCreador_id_67d617c4; Type: INDEX; Schema: public; Owner: postgres
--

CREATE INDEX "ventas_evento_usuarioCreador_id_67d617c4" ON public.ventas_evento USING btree ("usuarioCreador_id");


--
-- Name: ventas_historicoleadasesor_lead_id_19bc7b14; Type: INDEX; Schema: public; Owner: postgres
--

CREATE INDEX ventas_historicoleadasesor_lead_id_19bc7b14 ON public.ventas_historicoleadasesor USING btree (lead_id);


--
-- Name: ventas_historicoleadasesor_usuario_id_88ac90e1; Type: INDEX; Schema: public; Owner: postgres
--

CREATE INDEX ventas_historicoleadasesor_usuario_id_88ac90e1 ON public.ventas_historicoleadasesor USING btree (usuario_id);


--
-- Name: ventas_lead_asesor_id_dd870e0e; Type: INDEX; Schema: public; Owner: postgres
--

CREATE INDEX ventas_lead_asesor_id_dd870e0e ON public.ventas_lead USING btree (asesor_id);


--
-- Name: ventas_lead_campania_id_f4e01b2b; Type: INDEX; Schema: public; Owner: postgres
--

CREATE INDEX ventas_lead_campania_id_f4e01b2b ON public.ventas_lead USING btree (campania_id);


--
-- Name: ventas_lead_estadoLead_id_d1be3161; Type: INDEX; Schema: public; Owner: postgres
--

CREATE INDEX "ventas_lead_estadoLead_id_d1be3161" ON public.ventas_lead USING btree ("estadoLead_id");


--
-- Name: ventas_lead_estadoLead_id_d1be3161_like; Type: INDEX; Schema: public; Owner: postgres
--

CREATE INDEX "ventas_lead_estadoLead_id_d1be3161_like" ON public.ventas_lead USING btree ("estadoLead_id" varchar_pattern_ops);


--
-- Name: ventas_lead_estadoSeparacionLead_id_8a386dde; Type: INDEX; Schema: public; Owner: postgres
--

CREATE INDEX "ventas_lead_estadoSeparacionLead_id_8a386dde" ON public.ventas_lead USING btree ("estadoSeparacionLead_id");


--
-- Name: ventas_lead_estado_id_54a193d0; Type: INDEX; Schema: public; Owner: postgres
--

CREATE INDEX ventas_lead_estado_id_54a193d0 ON public.ventas_lead USING btree (estado_id);


--
-- Name: ventas_lead_estado_id_54a193d0_like; Type: INDEX; Schema: public; Owner: postgres
--

CREATE INDEX ventas_lead_estado_id_54a193d0_like ON public.ventas_lead USING btree (estado_id varchar_pattern_ops);


--
-- Name: ventas_lead_objecion_id_0176a2b4; Type: INDEX; Schema: public; Owner: postgres
--

CREATE INDEX ventas_lead_objecion_id_0176a2b4 ON public.ventas_lead USING btree (objecion_id);


--
-- Name: ventas_lead_usuarioActualizador_id_a33040e6; Type: INDEX; Schema: public; Owner: postgres
--

CREATE INDEX "ventas_lead_usuarioActualizador_id_a33040e6" ON public.ventas_lead USING btree ("usuarioActualizador_id");


--
-- Name: ventas_lead_usuarioCreador_id_a34d2acb; Type: INDEX; Schema: public; Owner: postgres
--

CREATE INDEX "ventas_lead_usuarioCreador_id_a34d2acb" ON public.ventas_lead USING btree ("usuarioCreador_id");


--
-- Name: ventas_llamada_asesor_id_8151be6e; Type: INDEX; Schema: public; Owner: postgres
--

CREATE INDEX ventas_llamada_asesor_id_8151be6e ON public.ventas_llamada USING btree (asesor_id);


--
-- Name: ventas_llamada_estado_id_0cfebce4; Type: INDEX; Schema: public; Owner: postgres
--

CREATE INDEX ventas_llamada_estado_id_0cfebce4 ON public.ventas_llamada USING btree (estado_id);


--
-- Name: ventas_llamada_estado_id_0cfebce4_like; Type: INDEX; Schema: public; Owner: postgres
--

CREATE INDEX ventas_llamada_estado_id_0cfebce4_like ON public.ventas_llamada USING btree (estado_id varchar_pattern_ops);


--
-- Name: ventas_llamada_lead_id_78d422d7; Type: INDEX; Schema: public; Owner: postgres
--

CREATE INDEX ventas_llamada_lead_id_78d422d7 ON public.ventas_llamada USING btree (lead_id);


--
-- Name: ventas_llamada_objecion_id_132f66c4; Type: INDEX; Schema: public; Owner: postgres
--

CREATE INDEX ventas_llamada_objecion_id_132f66c4 ON public.ventas_llamada USING btree (objecion_id);


--
-- Name: ventas_llamada_usuarioActualizador_id_53da2ff0; Type: INDEX; Schema: public; Owner: postgres
--

CREATE INDEX "ventas_llamada_usuarioActualizador_id_53da2ff0" ON public.ventas_llamada USING btree ("usuarioActualizador_id");


--
-- Name: ventas_llamada_usuarioCreador_id_c5f588ab; Type: INDEX; Schema: public; Owner: postgres
--

CREATE INDEX "ventas_llamada_usuarioCreador_id_c5f588ab" ON public.ventas_llamada USING btree ("usuarioCreador_id");


--
-- Name: ventas_objecion_estado_id_e3665317; Type: INDEX; Schema: public; Owner: postgres
--

CREATE INDEX ventas_objecion_estado_id_e3665317 ON public.ventas_objecion USING btree (estado_id);


--
-- Name: ventas_objecion_estado_id_e3665317_like; Type: INDEX; Schema: public; Owner: postgres
--

CREATE INDEX ventas_objecion_estado_id_e3665317_like ON public.ventas_objecion USING btree (estado_id varchar_pattern_ops);


--
-- Name: ventas_objecion_nombre_48d83928_like; Type: INDEX; Schema: public; Owner: postgres
--

CREATE INDEX ventas_objecion_nombre_48d83928_like ON public.ventas_objecion USING btree (nombre varchar_pattern_ops);


--
-- Name: ventas_precio_cotizacion_id_723444f0; Type: INDEX; Schema: public; Owner: postgres
--

CREATE INDEX ventas_precio_cotizacion_id_723444f0 ON public.ventas_precio USING btree (cotizacion_id);


--
-- Name: ventas_precio_estado_id_0c23bcdc; Type: INDEX; Schema: public; Owner: postgres
--

CREATE INDEX ventas_precio_estado_id_0c23bcdc ON public.ventas_precio USING btree (estado_id);


--
-- Name: ventas_precio_estado_id_0c23bcdc_like; Type: INDEX; Schema: public; Owner: postgres
--

CREATE INDEX ventas_precio_estado_id_0c23bcdc_like ON public.ventas_precio USING btree (estado_id varchar_pattern_ops);


--
-- Name: ventas_precio_tipoProducto_id_db5855af; Type: INDEX; Schema: public; Owner: postgres
--

CREATE INDEX "ventas_precio_tipoProducto_id_db5855af" ON public.ventas_precio USING btree ("tipoProducto_id");


--
-- Name: ventas_producto_codigo_7c2d1be4_like; Type: INDEX; Schema: public; Owner: postgres
--

CREATE INDEX ventas_producto_codigo_7c2d1be4_like ON public.ventas_producto USING btree (codigo varchar_pattern_ops);


--
-- Name: ventas_producto_estado_id_24db19a3; Type: INDEX; Schema: public; Owner: postgres
--

CREATE INDEX ventas_producto_estado_id_24db19a3 ON public.ventas_producto USING btree (estado_id);


--
-- Name: ventas_producto_estado_id_24db19a3_like; Type: INDEX; Schema: public; Owner: postgres
--

CREATE INDEX ventas_producto_estado_id_24db19a3_like ON public.ventas_producto USING btree (estado_id varchar_pattern_ops);


--
-- Name: ventas_producto_proyecto_id_50e7196a; Type: INDEX; Schema: public; Owner: postgres
--

CREATE INDEX ventas_producto_proyecto_id_50e7196a ON public.ventas_producto USING btree (proyecto_id);


--
-- Name: ventas_producto_tipo_id_12a8cb82; Type: INDEX; Schema: public; Owner: postgres
--

CREATE INDEX ventas_producto_tipo_id_12a8cb82 ON public.ventas_producto USING btree (tipo_id);


--
-- Name: ventas_producto_usuarioActualizador_id_71ae7343; Type: INDEX; Schema: public; Owner: postgres
--

CREATE INDEX "ventas_producto_usuarioActualizador_id_71ae7343" ON public.ventas_producto USING btree ("usuarioActualizador_id");


--
-- Name: ventas_producto_usuarioCreador_id_69bcb9f9; Type: INDEX; Schema: public; Owner: postgres
--

CREATE INDEX "ventas_producto_usuarioCreador_id_69bcb9f9" ON public.ventas_producto USING btree ("usuarioCreador_id");


--
-- Name: ventas_proyectotipoproducto_proyecto_id_49eff36f; Type: INDEX; Schema: public; Owner: postgres
--

CREATE INDEX ventas_proyectotipoproducto_proyecto_id_49eff36f ON public.ventas_proyectotipoproducto USING btree (proyecto_id);


--
-- Name: ventas_proyectotipoproducto_tipo_producto_id_8af26c72; Type: INDEX; Schema: public; Owner: postgres
--

CREATE INDEX ventas_proyectotipoproducto_tipo_producto_id_8af26c72 ON public.ventas_proyectotipoproducto USING btree (tipo_producto_id);


--
-- Name: ventas_tipocotizacion_estado_id_65417f55; Type: INDEX; Schema: public; Owner: postgres
--

CREATE INDEX ventas_tipocotizacion_estado_id_65417f55 ON public.ventas_tipocotizacion USING btree (estado_id);


--
-- Name: ventas_tipocotizacion_estado_id_65417f55_like; Type: INDEX; Schema: public; Owner: postgres
--

CREATE INDEX ventas_tipocotizacion_estado_id_65417f55_like ON public.ventas_tipocotizacion USING btree (estado_id varchar_pattern_ops);


--
-- Name: ventas_tipocuota_estado_id_9266ec5f; Type: INDEX; Schema: public; Owner: postgres
--

CREATE INDEX ventas_tipocuota_estado_id_9266ec5f ON public.ventas_tipocuota USING btree (estado_id);


--
-- Name: ventas_tipocuota_estado_id_9266ec5f_like; Type: INDEX; Schema: public; Owner: postgres
--

CREATE INDEX ventas_tipocuota_estado_id_9266ec5f_like ON public.ventas_tipocuota USING btree (estado_id varchar_pattern_ops);


--
-- Name: ventas_tipoevento_estado_id_9c7fb81b; Type: INDEX; Schema: public; Owner: postgres
--

CREATE INDEX ventas_tipoevento_estado_id_9c7fb81b ON public.ventas_tipoevento USING btree (estado_id);


--
-- Name: ventas_tipoevento_estado_id_9c7fb81b_like; Type: INDEX; Schema: public; Owner: postgres
--

CREATE INDEX ventas_tipoevento_estado_id_9c7fb81b_like ON public.ventas_tipoevento USING btree (estado_id varchar_pattern_ops);


--
-- Name: ventas_tipoproducto_estado_id_34c73ef0; Type: INDEX; Schema: public; Owner: postgres
--

CREATE INDEX ventas_tipoproducto_estado_id_34c73ef0 ON public.ventas_tipoproducto USING btree (estado_id);


--
-- Name: ventas_tipoproducto_estado_id_34c73ef0_like; Type: INDEX; Schema: public; Owner: postgres
--

CREATE INDEX ventas_tipoproducto_estado_id_34c73ef0_like ON public.ventas_tipoproducto USING btree (estado_id varchar_pattern_ops);


--
-- Name: ventas_whatsapp_asesor_id_5ce5d395; Type: INDEX; Schema: public; Owner: postgres
--

CREATE INDEX ventas_whatsapp_asesor_id_5ce5d395 ON public.ventas_whatsapp USING btree (asesor_id);


--
-- Name: ventas_whatsapp_estado_id_6e36a6d1; Type: INDEX; Schema: public; Owner: postgres
--

CREATE INDEX ventas_whatsapp_estado_id_6e36a6d1 ON public.ventas_whatsapp USING btree (estado_id);


--
-- Name: ventas_whatsapp_estado_id_6e36a6d1_like; Type: INDEX; Schema: public; Owner: postgres
--

CREATE INDEX ventas_whatsapp_estado_id_6e36a6d1_like ON public.ventas_whatsapp USING btree (estado_id varchar_pattern_ops);


--
-- Name: ventas_whatsapp_lead_id_49f8bd1e; Type: INDEX; Schema: public; Owner: postgres
--

CREATE INDEX ventas_whatsapp_lead_id_49f8bd1e ON public.ventas_whatsapp USING btree (lead_id);


--
-- Name: ventas_whatsapp_objecion_id_b79425dd; Type: INDEX; Schema: public; Owner: postgres
--

CREATE INDEX ventas_whatsapp_objecion_id_b79425dd ON public.ventas_whatsapp USING btree (objecion_id);


--
-- Name: ventas_whatsapp_usuarioActualizador_id_1d344f29; Type: INDEX; Schema: public; Owner: postgres
--

CREATE INDEX "ventas_whatsapp_usuarioActualizador_id_1d344f29" ON public.ventas_whatsapp USING btree ("usuarioActualizador_id");


--
-- Name: ventas_whatsapp_usuarioCreador_id_b47920f5; Type: INDEX; Schema: public; Owner: postgres
--

CREATE INDEX "ventas_whatsapp_usuarioCreador_id_b47920f5" ON public.ventas_whatsapp USING btree ("usuarioCreador_id");


--
-- Name: auth_group_permissions auth_group_permissio_permission_id_84c5c92e_fk_auth_perm; Type: FK CONSTRAINT; Schema: public; Owner: postgres
--

ALTER TABLE ONLY public.auth_group_permissions
    ADD CONSTRAINT auth_group_permissio_permission_id_84c5c92e_fk_auth_perm FOREIGN KEY (permission_id) REFERENCES public.auth_permission(id) DEFERRABLE INITIALLY DEFERRED;


--
-- Name: auth_group_permissions auth_group_permissions_group_id_b120cbf9_fk_auth_group_id; Type: FK CONSTRAINT; Schema: public; Owner: postgres
--

ALTER TABLE ONLY public.auth_group_permissions
    ADD CONSTRAINT auth_group_permissions_group_id_b120cbf9_fk_auth_group_id FOREIGN KEY (group_id) REFERENCES public.auth_group(id) DEFERRABLE INITIALLY DEFERRED;


--
-- Name: auth_permission auth_permission_content_type_id_2f476e4b_fk_django_co; Type: FK CONSTRAINT; Schema: public; Owner: postgres
--

ALTER TABLE ONLY public.auth_permission
    ADD CONSTRAINT auth_permission_content_type_id_2f476e4b_fk_django_co FOREIGN KEY (content_type_id) REFERENCES public.django_content_type(id) DEFERRABLE INITIALLY DEFERRED;


--
-- Name: cuenta_modulo cuenta_modulo_contentType_id_2a61d120_fk_django_content_type_id; Type: FK CONSTRAINT; Schema: public; Owner: postgres
--

ALTER TABLE ONLY public.cuenta_modulo
    ADD CONSTRAINT "cuenta_modulo_contentType_id_2a61d120_fk_django_content_type_id" FOREIGN KEY ("contentType_id") REFERENCES public.django_content_type(id) DEFERRABLE INITIALLY DEFERRED;


--
-- Name: cuenta_modulo cuenta_modulo_estado_id_5859d6c7_fk_cuenta_es; Type: FK CONSTRAINT; Schema: public; Owner: postgres
--

ALTER TABLE ONLY public.cuenta_modulo
    ADD CONSTRAINT cuenta_modulo_estado_id_5859d6c7_fk_cuenta_es FOREIGN KEY (estado_id) REFERENCES public.cuenta_estadoregistro(estado) DEFERRABLE INITIALLY DEFERRED;


--
-- Name: cuenta_user cuenta_user_estado_id_d5a492ba_fk_cuenta_estadoregistro_estado; Type: FK CONSTRAINT; Schema: public; Owner: postgres
--

ALTER TABLE ONLY public.cuenta_user
    ADD CONSTRAINT cuenta_user_estado_id_d5a492ba_fk_cuenta_estadoregistro_estado FOREIGN KEY (estado_id) REFERENCES public.cuenta_estadoregistro(estado) DEFERRABLE INITIALLY DEFERRED;


--
-- Name: cuenta_user_groups cuenta_user_groups_group_id_cf2ca9f2_fk_auth_group_id; Type: FK CONSTRAINT; Schema: public; Owner: postgres
--

ALTER TABLE ONLY public.cuenta_user_groups
    ADD CONSTRAINT cuenta_user_groups_group_id_cf2ca9f2_fk_auth_group_id FOREIGN KEY (group_id) REFERENCES public.auth_group(id) DEFERRABLE INITIALLY DEFERRED;


--
-- Name: cuenta_user_groups cuenta_user_groups_user_id_70f894f5_fk_cuenta_user_id; Type: FK CONSTRAINT; Schema: public; Owner: postgres
--

ALTER TABLE ONLY public.cuenta_user_groups
    ADD CONSTRAINT cuenta_user_groups_user_id_70f894f5_fk_cuenta_user_id FOREIGN KEY (user_id) REFERENCES public.cuenta_user(id) DEFERRABLE INITIALLY DEFERRED;


--
-- Name: cuenta_user_user_permissions cuenta_user_user_per_permission_id_401431f5_fk_auth_perm; Type: FK CONSTRAINT; Schema: public; Owner: postgres
--

ALTER TABLE ONLY public.cuenta_user_user_permissions
    ADD CONSTRAINT cuenta_user_user_per_permission_id_401431f5_fk_auth_perm FOREIGN KEY (permission_id) REFERENCES public.auth_permission(id) DEFERRABLE INITIALLY DEFERRED;


--
-- Name: cuenta_user_user_permissions cuenta_user_user_permissions_user_id_7b5627c2_fk_cuenta_user_id; Type: FK CONSTRAINT; Schema: public; Owner: postgres
--

ALTER TABLE ONLY public.cuenta_user_user_permissions
    ADD CONSTRAINT cuenta_user_user_permissions_user_id_7b5627c2_fk_cuenta_user_id FOREIGN KEY (user_id) REFERENCES public.cuenta_user(id) DEFERRABLE INITIALLY DEFERRED;


--
-- Name: django_admin_log django_admin_log_content_type_id_c4bce8eb_fk_django_co; Type: FK CONSTRAINT; Schema: public; Owner: postgres
--

ALTER TABLE ONLY public.django_admin_log
    ADD CONSTRAINT django_admin_log_content_type_id_c4bce8eb_fk_django_co FOREIGN KEY (content_type_id) REFERENCES public.django_content_type(id) DEFERRABLE INITIALLY DEFERRED;


--
-- Name: django_admin_log django_admin_log_user_id_c564eba6_fk_cuenta_user_id; Type: FK CONSTRAINT; Schema: public; Owner: postgres
--

ALTER TABLE ONLY public.django_admin_log
    ADD CONSTRAINT django_admin_log_user_id_c564eba6_fk_cuenta_user_id FOREIGN KEY (user_id) REFERENCES public.cuenta_user(id) DEFERRABLE INITIALLY DEFERRED;


--
-- Name: django_celery_beat_periodictask django_celery_beat_p_clocked_id_47a69f82_fk_django_ce; Type: FK CONSTRAINT; Schema: public; Owner: postgres
--

ALTER TABLE ONLY public.django_celery_beat_periodictask
    ADD CONSTRAINT django_celery_beat_p_clocked_id_47a69f82_fk_django_ce FOREIGN KEY (clocked_id) REFERENCES public.django_celery_beat_clockedschedule(id) DEFERRABLE INITIALLY DEFERRED;


--
-- Name: django_celery_beat_periodictask django_celery_beat_p_crontab_id_d3cba168_fk_django_ce; Type: FK CONSTRAINT; Schema: public; Owner: postgres
--

ALTER TABLE ONLY public.django_celery_beat_periodictask
    ADD CONSTRAINT django_celery_beat_p_crontab_id_d3cba168_fk_django_ce FOREIGN KEY (crontab_id) REFERENCES public.django_celery_beat_crontabschedule(id) DEFERRABLE INITIALLY DEFERRED;


--
-- Name: django_celery_beat_periodictask django_celery_beat_p_interval_id_a8ca27da_fk_django_ce; Type: FK CONSTRAINT; Schema: public; Owner: postgres
--

ALTER TABLE ONLY public.django_celery_beat_periodictask
    ADD CONSTRAINT django_celery_beat_p_interval_id_a8ca27da_fk_django_ce FOREIGN KEY (interval_id) REFERENCES public.django_celery_beat_intervalschedule(id) DEFERRABLE INITIALLY DEFERRED;


--
-- Name: django_celery_beat_periodictask django_celery_beat_p_solar_id_a87ce72c_fk_django_ce; Type: FK CONSTRAINT; Schema: public; Owner: postgres
--

ALTER TABLE ONLY public.django_celery_beat_periodictask
    ADD CONSTRAINT django_celery_beat_p_solar_id_a87ce72c_fk_django_ce FOREIGN KEY (solar_id) REFERENCES public.django_celery_beat_solarschedule(id) DEFERRABLE INITIALLY DEFERRED;


--
-- Name: marketing_campania marketing_campania_categoria_id_947d87f4_fk_marketing; Type: FK CONSTRAINT; Schema: public; Owner: postgres
--

ALTER TABLE ONLY public.marketing_campania
    ADD CONSTRAINT marketing_campania_categoria_id_947d87f4_fk_marketing FOREIGN KEY (categoria_id) REFERENCES public.marketing_categoria(id) DEFERRABLE INITIALLY DEFERRED;


--
-- Name: marketing_campania marketing_campania_estado_id_8af5896d_fk_cuenta_es; Type: FK CONSTRAINT; Schema: public; Owner: postgres
--

ALTER TABLE ONLY public.marketing_campania
    ADD CONSTRAINT marketing_campania_estado_id_8af5896d_fk_cuenta_es FOREIGN KEY (estado_id) REFERENCES public.cuenta_estadoregistro(estado) DEFERRABLE INITIALLY DEFERRED;


--
-- Name: marketing_campania marketing_campania_proyecto_id_c61271da_fk_marketing; Type: FK CONSTRAINT; Schema: public; Owner: postgres
--

ALTER TABLE ONLY public.marketing_campania
    ADD CONSTRAINT marketing_campania_proyecto_id_c61271da_fk_marketing FOREIGN KEY (proyecto_id) REFERENCES public.marketing_proyecto(id) DEFERRABLE INITIALLY DEFERRED;


--
-- Name: marketing_campania marketing_campania_usuarioActualizador__26cc158f_fk_cuenta_us; Type: FK CONSTRAINT; Schema: public; Owner: postgres
--

ALTER TABLE ONLY public.marketing_campania
    ADD CONSTRAINT "marketing_campania_usuarioActualizador__26cc158f_fk_cuenta_us" FOREIGN KEY ("usuarioActualizador_id") REFERENCES public.cuenta_user(id) DEFERRABLE INITIALLY DEFERRED;


--
-- Name: marketing_campania marketing_campania_usuarioCreador_id_cc3ec0ac_fk_cuenta_user_id; Type: FK CONSTRAINT; Schema: public; Owner: postgres
--

ALTER TABLE ONLY public.marketing_campania
    ADD CONSTRAINT "marketing_campania_usuarioCreador_id_cc3ec0ac_fk_cuenta_user_id" FOREIGN KEY ("usuarioCreador_id") REFERENCES public.cuenta_user(id) DEFERRABLE INITIALLY DEFERRED;


--
-- Name: marketing_categoria marketing_categoria_estado_id_0601d1ae_fk_cuenta_es; Type: FK CONSTRAINT; Schema: public; Owner: postgres
--

ALTER TABLE ONLY public.marketing_categoria
    ADD CONSTRAINT marketing_categoria_estado_id_0601d1ae_fk_cuenta_es FOREIGN KEY (estado_id) REFERENCES public.cuenta_estadoregistro(estado) DEFERRABLE INITIALLY DEFERRED;


--
-- Name: marketing_gastocampania marketing_gastocampa_campania_id_6fb3fd34_fk_marketing; Type: FK CONSTRAINT; Schema: public; Owner: postgres
--

ALTER TABLE ONLY public.marketing_gastocampania
    ADD CONSTRAINT marketing_gastocampa_campania_id_6fb3fd34_fk_marketing FOREIGN KEY (campania_id) REFERENCES public.marketing_campania(id) DEFERRABLE INITIALLY DEFERRED;


--
-- Name: marketing_gastocampania marketing_gastocampa_estado_id_fe5439ef_fk_cuenta_es; Type: FK CONSTRAINT; Schema: public; Owner: postgres
--

ALTER TABLE ONLY public.marketing_gastocampania
    ADD CONSTRAINT marketing_gastocampa_estado_id_fe5439ef_fk_cuenta_es FOREIGN KEY (estado_id) REFERENCES public.cuenta_estadoregistro(estado) DEFERRABLE INITIALLY DEFERRED;


--
-- Name: marketing_gastocampania marketing_gastocampa_presupuestoProyecto__df552315_fk_marketing; Type: FK CONSTRAINT; Schema: public; Owner: postgres
--

ALTER TABLE ONLY public.marketing_gastocampania
    ADD CONSTRAINT "marketing_gastocampa_presupuestoProyecto__df552315_fk_marketing" FOREIGN KEY ("presupuestoProyecto_id") REFERENCES public.marketing_presupuestoproyecto(id) DEFERRABLE INITIALLY DEFERRED;


--
-- Name: marketing_gastocampania marketing_gastocampa_usuarioActualizador__baaf3e31_fk_cuenta_us; Type: FK CONSTRAINT; Schema: public; Owner: postgres
--

ALTER TABLE ONLY public.marketing_gastocampania
    ADD CONSTRAINT "marketing_gastocampa_usuarioActualizador__baaf3e31_fk_cuenta_us" FOREIGN KEY ("usuarioActualizador_id") REFERENCES public.cuenta_user(id) DEFERRABLE INITIALLY DEFERRED;


--
-- Name: marketing_gastocampania marketing_gastocampa_usuarioCreador_id_56a44e00_fk_cuenta_us; Type: FK CONSTRAINT; Schema: public; Owner: postgres
--

ALTER TABLE ONLY public.marketing_gastocampania
    ADD CONSTRAINT "marketing_gastocampa_usuarioCreador_id_56a44e00_fk_cuenta_us" FOREIGN KEY ("usuarioCreador_id") REFERENCES public.cuenta_user(id) DEFERRABLE INITIALLY DEFERRED;


--
-- Name: marketing_presupuestoproyecto marketing_presupuest_estado_id_bc699b14_fk_cuenta_es; Type: FK CONSTRAINT; Schema: public; Owner: postgres
--

ALTER TABLE ONLY public.marketing_presupuestoproyecto
    ADD CONSTRAINT marketing_presupuest_estado_id_bc699b14_fk_cuenta_es FOREIGN KEY (estado_id) REFERENCES public.cuenta_estadoregistro(estado) DEFERRABLE INITIALLY DEFERRED;


--
-- Name: marketing_presupuestoproyecto marketing_presupuest_proyecto_id_83365fcd_fk_marketing; Type: FK CONSTRAINT; Schema: public; Owner: postgres
--

ALTER TABLE ONLY public.marketing_presupuestoproyecto
    ADD CONSTRAINT marketing_presupuest_proyecto_id_83365fcd_fk_marketing FOREIGN KEY (proyecto_id) REFERENCES public.marketing_proyecto(id) DEFERRABLE INITIALLY DEFERRED;


--
-- Name: marketing_presupuestoproyecto marketing_presupuest_usuarioActualizador__d32e45e3_fk_cuenta_us; Type: FK CONSTRAINT; Schema: public; Owner: postgres
--

ALTER TABLE ONLY public.marketing_presupuestoproyecto
    ADD CONSTRAINT "marketing_presupuest_usuarioActualizador__d32e45e3_fk_cuenta_us" FOREIGN KEY ("usuarioActualizador_id") REFERENCES public.cuenta_user(id) DEFERRABLE INITIALLY DEFERRED;


--
-- Name: marketing_presupuestoproyecto marketing_presupuest_usuarioCreador_id_a8538403_fk_cuenta_us; Type: FK CONSTRAINT; Schema: public; Owner: postgres
--

ALTER TABLE ONLY public.marketing_presupuestoproyecto
    ADD CONSTRAINT "marketing_presupuest_usuarioCreador_id_a8538403_fk_cuenta_us" FOREIGN KEY ("usuarioCreador_id") REFERENCES public.cuenta_user(id) DEFERRABLE INITIALLY DEFERRED;


--
-- Name: marketing_proyecto marketing_proyecto_estado_id_a4076a2a_fk_cuenta_es; Type: FK CONSTRAINT; Schema: public; Owner: postgres
--

ALTER TABLE ONLY public.marketing_proyecto
    ADD CONSTRAINT marketing_proyecto_estado_id_a4076a2a_fk_cuenta_es FOREIGN KEY (estado_id) REFERENCES public.cuenta_estadoregistro(estado) DEFERRABLE INITIALLY DEFERRED;


--
-- Name: marketing_proyecto marketing_proyecto_usuarioActualizador__798e545a_fk_cuenta_us; Type: FK CONSTRAINT; Schema: public; Owner: postgres
--

ALTER TABLE ONLY public.marketing_proyecto
    ADD CONSTRAINT "marketing_proyecto_usuarioActualizador__798e545a_fk_cuenta_us" FOREIGN KEY ("usuarioActualizador_id") REFERENCES public.cuenta_user(id) DEFERRABLE INITIALLY DEFERRED;


--
-- Name: marketing_proyecto marketing_proyecto_usuarioCreador_id_c864e0fc_fk_cuenta_user_id; Type: FK CONSTRAINT; Schema: public; Owner: postgres
--

ALTER TABLE ONLY public.marketing_proyecto
    ADD CONSTRAINT "marketing_proyecto_usuarioCreador_id_c864e0fc_fk_cuenta_user_id" FOREIGN KEY ("usuarioCreador_id") REFERENCES public.cuenta_user(id) DEFERRABLE INITIALLY DEFERRED;


--
-- Name: multimedia_imagenproducto multimedia_imagenpro_producto_id_13dd33a4_fk_ventas_pr; Type: FK CONSTRAINT; Schema: public; Owner: postgres
--

ALTER TABLE ONLY public.multimedia_imagenproducto
    ADD CONSTRAINT multimedia_imagenpro_producto_id_13dd33a4_fk_ventas_pr FOREIGN KEY (producto_id) REFERENCES public.ventas_producto(id) DEFERRABLE INITIALLY DEFERRED;


--
-- Name: multimedia_imagenproyecto multimedia_imagenpro_proyecto_id_c3dc9bd9_fk_marketing; Type: FK CONSTRAINT; Schema: public; Owner: postgres
--

ALTER TABLE ONLY public.multimedia_imagenproyecto
    ADD CONSTRAINT multimedia_imagenpro_proyecto_id_c3dc9bd9_fk_marketing FOREIGN KEY (proyecto_id) REFERENCES public.marketing_proyecto(id) DEFERRABLE INITIALLY DEFERRED;


--
-- Name: multimedia_videoproducto multimedia_videoprod_producto_id_5fc246d7_fk_ventas_pr; Type: FK CONSTRAINT; Schema: public; Owner: postgres
--

ALTER TABLE ONLY public.multimedia_videoproducto
    ADD CONSTRAINT multimedia_videoprod_producto_id_5fc246d7_fk_ventas_pr FOREIGN KEY (producto_id) REFERENCES public.ventas_producto(id) DEFERRABLE INITIALLY DEFERRED;


--
-- Name: multimedia_videoproyecto multimedia_videoproy_proyecto_id_2602a1bb_fk_marketing; Type: FK CONSTRAINT; Schema: public; Owner: postgres
--

ALTER TABLE ONLY public.multimedia_videoproyecto
    ADD CONSTRAINT multimedia_videoproy_proyecto_id_2602a1bb_fk_marketing FOREIGN KEY (proyecto_id) REFERENCES public.marketing_proyecto(id) DEFERRABLE INITIALLY DEFERRED;


--
-- Name: token_blacklist_blacklistedtoken token_blacklist_blacklistedtoken_token_id_3cc7fe56_fk; Type: FK CONSTRAINT; Schema: public; Owner: postgres
--

ALTER TABLE ONLY public.token_blacklist_blacklistedtoken
    ADD CONSTRAINT token_blacklist_blacklistedtoken_token_id_3cc7fe56_fk FOREIGN KEY (token_id) REFERENCES public.token_blacklist_outstandingtoken(id) DEFERRABLE INITIALLY DEFERRED;


--
-- Name: token_blacklist_outstandingtoken token_blacklist_outs_user_id_83bc629a_fk_cuenta_us; Type: FK CONSTRAINT; Schema: public; Owner: postgres
--

ALTER TABLE ONLY public.token_blacklist_outstandingtoken
    ADD CONSTRAINT token_blacklist_outs_user_id_83bc629a_fk_cuenta_us FOREIGN KEY (user_id) REFERENCES public.cuenta_user(id) DEFERRABLE INITIALLY DEFERRED;


--
-- Name: ventas_cotizacion ventas_cotizacion_estado_id_4c03ed64_fk_cuenta_es; Type: FK CONSTRAINT; Schema: public; Owner: postgres
--

ALTER TABLE ONLY public.ventas_cotizacion
    ADD CONSTRAINT ventas_cotizacion_estado_id_4c03ed64_fk_cuenta_es FOREIGN KEY (estado_id) REFERENCES public.cuenta_estadoregistro(estado) DEFERRABLE INITIALLY DEFERRED;


--
-- Name: ventas_cotizacion ventas_cotizacion_proyecto_id_5133ce3a_fk_marketing_proyecto_id; Type: FK CONSTRAINT; Schema: public; Owner: postgres
--

ALTER TABLE ONLY public.ventas_cotizacion
    ADD CONSTRAINT ventas_cotizacion_proyecto_id_5133ce3a_fk_marketing_proyecto_id FOREIGN KEY (proyecto_id) REFERENCES public.marketing_proyecto(id) DEFERRABLE INITIALLY DEFERRED;


--
-- Name: ventas_cotizacion ventas_cotizacion_tipo_id_76158ba5_fk_ventas_tipocotizacion_id; Type: FK CONSTRAINT; Schema: public; Owner: postgres
--

ALTER TABLE ONLY public.ventas_cotizacion
    ADD CONSTRAINT ventas_cotizacion_tipo_id_76158ba5_fk_ventas_tipocotizacion_id FOREIGN KEY (tipo_id) REFERENCES public.ventas_tipocotizacion(id) DEFERRABLE INITIALLY DEFERRED;


--
-- Name: ventas_cuota ventas_cuota_cotizacion_id_03c69e16_fk_ventas_cotizacion_id; Type: FK CONSTRAINT; Schema: public; Owner: postgres
--

ALTER TABLE ONLY public.ventas_cuota
    ADD CONSTRAINT ventas_cuota_cotizacion_id_03c69e16_fk_ventas_cotizacion_id FOREIGN KEY (cotizacion_id) REFERENCES public.ventas_cotizacion(id) DEFERRABLE INITIALLY DEFERRED;


--
-- Name: ventas_cuota ventas_cuota_estado_id_7e2e6470_fk_cuenta_estadoregistro_estado; Type: FK CONSTRAINT; Schema: public; Owner: postgres
--

ALTER TABLE ONLY public.ventas_cuota
    ADD CONSTRAINT ventas_cuota_estado_id_7e2e6470_fk_cuenta_estadoregistro_estado FOREIGN KEY (estado_id) REFERENCES public.cuenta_estadoregistro(estado) DEFERRABLE INITIALLY DEFERRED;


--
-- Name: ventas_cuota ventas_cuota_tipo_id_7ef78424_fk_ventas_tipocuota_id; Type: FK CONSTRAINT; Schema: public; Owner: postgres
--

ALTER TABLE ONLY public.ventas_cuota
    ADD CONSTRAINT ventas_cuota_tipo_id_7ef78424_fk_ventas_tipocuota_id FOREIGN KEY (tipo_id) REFERENCES public.ventas_tipocuota(id) DEFERRABLE INITIALLY DEFERRED;


--
-- Name: ventas_desasignacionleadasesor ventas_desasignacion_lead_id_9c79fb06_fk_ventas_le; Type: FK CONSTRAINT; Schema: public; Owner: postgres
--

ALTER TABLE ONLY public.ventas_desasignacionleadasesor
    ADD CONSTRAINT ventas_desasignacion_lead_id_9c79fb06_fk_ventas_le FOREIGN KEY (lead_id) REFERENCES public.ventas_lead(id) DEFERRABLE INITIALLY DEFERRED;


--
-- Name: ventas_desasignacionleadasesor ventas_desasignacion_usuario_id_2767a2a3_fk_cuenta_us; Type: FK CONSTRAINT; Schema: public; Owner: postgres
--

ALTER TABLE ONLY public.ventas_desasignacionleadasesor
    ADD CONSTRAINT ventas_desasignacion_usuario_id_2767a2a3_fk_cuenta_us FOREIGN KEY (usuario_id) REFERENCES public.cuenta_user(id) DEFERRABLE INITIALLY DEFERRED;


--
-- Name: ventas_estadoevento ventas_estadoevento_estado_id_c129a6f0_fk_cuenta_es; Type: FK CONSTRAINT; Schema: public; Owner: postgres
--

ALTER TABLE ONLY public.ventas_estadoevento
    ADD CONSTRAINT ventas_estadoevento_estado_id_c129a6f0_fk_cuenta_es FOREIGN KEY (estado_id) REFERENCES public.cuenta_estadoregistro(estado) DEFERRABLE INITIALLY DEFERRED;


--
-- Name: ventas_estadolead ventas_estadolead_estado_id_bb594f1b_fk_cuenta_es; Type: FK CONSTRAINT; Schema: public; Owner: postgres
--

ALTER TABLE ONLY public.ventas_estadolead
    ADD CONSTRAINT ventas_estadolead_estado_id_bb594f1b_fk_cuenta_es FOREIGN KEY (estado_id) REFERENCES public.cuenta_estadoregistro(estado) DEFERRABLE INITIALLY DEFERRED;


--
-- Name: ventas_estadoseparacionlead ventas_estadoseparac_estado_id_5a88d3d7_fk_cuenta_es; Type: FK CONSTRAINT; Schema: public; Owner: postgres
--

ALTER TABLE ONLY public.ventas_estadoseparacionlead
    ADD CONSTRAINT ventas_estadoseparac_estado_id_5a88d3d7_fk_cuenta_es FOREIGN KEY (estado_id) REFERENCES public.cuenta_estadoregistro(estado) DEFERRABLE INITIALLY DEFERRED;


--
-- Name: ventas_evento ventas_evento_asesor_id_ea375381_fk_cuenta_user_id; Type: FK CONSTRAINT; Schema: public; Owner: postgres
--

ALTER TABLE ONLY public.ventas_evento
    ADD CONSTRAINT ventas_evento_asesor_id_ea375381_fk_cuenta_user_id FOREIGN KEY (asesor_id) REFERENCES public.cuenta_user(id) DEFERRABLE INITIALLY DEFERRED;


--
-- Name: ventas_evento ventas_evento_estadoEvento_id_fd2e2eb2_fk_ventas_es; Type: FK CONSTRAINT; Schema: public; Owner: postgres
--

ALTER TABLE ONLY public.ventas_evento
    ADD CONSTRAINT "ventas_evento_estadoEvento_id_fd2e2eb2_fk_ventas_es" FOREIGN KEY ("estadoEvento_id") REFERENCES public.ventas_estadoevento(id) DEFERRABLE INITIALLY DEFERRED;


--
-- Name: ventas_evento ventas_evento_estado_id_e829db5d_fk_cuenta_es; Type: FK CONSTRAINT; Schema: public; Owner: postgres
--

ALTER TABLE ONLY public.ventas_evento
    ADD CONSTRAINT ventas_evento_estado_id_e829db5d_fk_cuenta_es FOREIGN KEY (estado_id) REFERENCES public.cuenta_estadoregistro(estado) DEFERRABLE INITIALLY DEFERRED;


--
-- Name: ventas_evento ventas_evento_lead_id_08e70c93_fk_ventas_lead_id; Type: FK CONSTRAINT; Schema: public; Owner: postgres
--

ALTER TABLE ONLY public.ventas_evento
    ADD CONSTRAINT ventas_evento_lead_id_08e70c93_fk_ventas_lead_id FOREIGN KEY (lead_id) REFERENCES public.ventas_lead(id) DEFERRABLE INITIALLY DEFERRED;


--
-- Name: ventas_evento ventas_evento_objecion_id_469e0133_fk_ventas_objecion_id; Type: FK CONSTRAINT; Schema: public; Owner: postgres
--

ALTER TABLE ONLY public.ventas_evento
    ADD CONSTRAINT ventas_evento_objecion_id_469e0133_fk_ventas_objecion_id FOREIGN KEY (objecion_id) REFERENCES public.ventas_objecion(id) DEFERRABLE INITIALLY DEFERRED;


--
-- Name: ventas_evento ventas_evento_tipo_id_78657756_fk_ventas_tipoevento_id; Type: FK CONSTRAINT; Schema: public; Owner: postgres
--

ALTER TABLE ONLY public.ventas_evento
    ADD CONSTRAINT ventas_evento_tipo_id_78657756_fk_ventas_tipoevento_id FOREIGN KEY (tipo_id) REFERENCES public.ventas_tipoevento(id) DEFERRABLE INITIALLY DEFERRED;


--
-- Name: ventas_evento ventas_evento_usuarioActualizador_id_88d7c969_fk_cuenta_user_id; Type: FK CONSTRAINT; Schema: public; Owner: postgres
--

ALTER TABLE ONLY public.ventas_evento
    ADD CONSTRAINT "ventas_evento_usuarioActualizador_id_88d7c969_fk_cuenta_user_id" FOREIGN KEY ("usuarioActualizador_id") REFERENCES public.cuenta_user(id) DEFERRABLE INITIALLY DEFERRED;


--
-- Name: ventas_evento ventas_evento_usuarioCreador_id_67d617c4_fk_cuenta_user_id; Type: FK CONSTRAINT; Schema: public; Owner: postgres
--

ALTER TABLE ONLY public.ventas_evento
    ADD CONSTRAINT "ventas_evento_usuarioCreador_id_67d617c4_fk_cuenta_user_id" FOREIGN KEY ("usuarioCreador_id") REFERENCES public.cuenta_user(id) DEFERRABLE INITIALLY DEFERRED;


--
-- Name: ventas_historicoleadasesor ventas_historicolead_usuario_id_88ac90e1_fk_cuenta_us; Type: FK CONSTRAINT; Schema: public; Owner: postgres
--

ALTER TABLE ONLY public.ventas_historicoleadasesor
    ADD CONSTRAINT ventas_historicolead_usuario_id_88ac90e1_fk_cuenta_us FOREIGN KEY (usuario_id) REFERENCES public.cuenta_user(id) DEFERRABLE INITIALLY DEFERRED;


--
-- Name: ventas_historicoleadasesor ventas_historicoleadasesor_lead_id_19bc7b14_fk_ventas_lead_id; Type: FK CONSTRAINT; Schema: public; Owner: postgres
--

ALTER TABLE ONLY public.ventas_historicoleadasesor
    ADD CONSTRAINT ventas_historicoleadasesor_lead_id_19bc7b14_fk_ventas_lead_id FOREIGN KEY (lead_id) REFERENCES public.ventas_lead(id) DEFERRABLE INITIALLY DEFERRED;


--
-- Name: ventas_lead ventas_lead_asesor_id_dd870e0e_fk_cuenta_user_id; Type: FK CONSTRAINT; Schema: public; Owner: postgres
--

ALTER TABLE ONLY public.ventas_lead
    ADD CONSTRAINT ventas_lead_asesor_id_dd870e0e_fk_cuenta_user_id FOREIGN KEY (asesor_id) REFERENCES public.cuenta_user(id) DEFERRABLE INITIALLY DEFERRED;


--
-- Name: ventas_lead ventas_lead_campania_id_f4e01b2b_fk_marketing_campania_id; Type: FK CONSTRAINT; Schema: public; Owner: postgres
--

ALTER TABLE ONLY public.ventas_lead
    ADD CONSTRAINT ventas_lead_campania_id_f4e01b2b_fk_marketing_campania_id FOREIGN KEY (campania_id) REFERENCES public.marketing_campania(id) DEFERRABLE INITIALLY DEFERRED;


--
-- Name: ventas_lead ventas_lead_estadoLead_id_d1be3161_fk_ventas_estadolead_nombre; Type: FK CONSTRAINT; Schema: public; Owner: postgres
--

ALTER TABLE ONLY public.ventas_lead
    ADD CONSTRAINT "ventas_lead_estadoLead_id_d1be3161_fk_ventas_estadolead_nombre" FOREIGN KEY ("estadoLead_id") REFERENCES public.ventas_estadolead(nombre) DEFERRABLE INITIALLY DEFERRED;


--
-- Name: ventas_lead ventas_lead_estadoSeparacionLead_8a386dde_fk_ventas_es; Type: FK CONSTRAINT; Schema: public; Owner: postgres
--

ALTER TABLE ONLY public.ventas_lead
    ADD CONSTRAINT "ventas_lead_estadoSeparacionLead_8a386dde_fk_ventas_es" FOREIGN KEY ("estadoSeparacionLead_id") REFERENCES public.ventas_estadoseparacionlead(id) DEFERRABLE INITIALLY DEFERRED;


--
-- Name: ventas_lead ventas_lead_estado_id_54a193d0_fk_cuenta_estadoregistro_estado; Type: FK CONSTRAINT; Schema: public; Owner: postgres
--

ALTER TABLE ONLY public.ventas_lead
    ADD CONSTRAINT ventas_lead_estado_id_54a193d0_fk_cuenta_estadoregistro_estado FOREIGN KEY (estado_id) REFERENCES public.cuenta_estadoregistro(estado) DEFERRABLE INITIALLY DEFERRED;


--
-- Name: ventas_lead ventas_lead_objecion_id_0176a2b4_fk_ventas_objecion_id; Type: FK CONSTRAINT; Schema: public; Owner: postgres
--

ALTER TABLE ONLY public.ventas_lead
    ADD CONSTRAINT ventas_lead_objecion_id_0176a2b4_fk_ventas_objecion_id FOREIGN KEY (objecion_id) REFERENCES public.ventas_objecion(id) DEFERRABLE INITIALLY DEFERRED;


--
-- Name: ventas_lead ventas_lead_usuarioActualizador_id_a33040e6_fk_cuenta_user_id; Type: FK CONSTRAINT; Schema: public; Owner: postgres
--

ALTER TABLE ONLY public.ventas_lead
    ADD CONSTRAINT "ventas_lead_usuarioActualizador_id_a33040e6_fk_cuenta_user_id" FOREIGN KEY ("usuarioActualizador_id") REFERENCES public.cuenta_user(id) DEFERRABLE INITIALLY DEFERRED;


--
-- Name: ventas_lead ventas_lead_usuarioCreador_id_a34d2acb_fk_cuenta_user_id; Type: FK CONSTRAINT; Schema: public; Owner: postgres
--

ALTER TABLE ONLY public.ventas_lead
    ADD CONSTRAINT "ventas_lead_usuarioCreador_id_a34d2acb_fk_cuenta_user_id" FOREIGN KEY ("usuarioCreador_id") REFERENCES public.cuenta_user(id) DEFERRABLE INITIALLY DEFERRED;


--
-- Name: ventas_llamada ventas_llamada_asesor_id_8151be6e_fk_cuenta_user_id; Type: FK CONSTRAINT; Schema: public; Owner: postgres
--

ALTER TABLE ONLY public.ventas_llamada
    ADD CONSTRAINT ventas_llamada_asesor_id_8151be6e_fk_cuenta_user_id FOREIGN KEY (asesor_id) REFERENCES public.cuenta_user(id) DEFERRABLE INITIALLY DEFERRED;


--
-- Name: ventas_llamada ventas_llamada_estado_id_0cfebce4_fk_cuenta_es; Type: FK CONSTRAINT; Schema: public; Owner: postgres
--

ALTER TABLE ONLY public.ventas_llamada
    ADD CONSTRAINT ventas_llamada_estado_id_0cfebce4_fk_cuenta_es FOREIGN KEY (estado_id) REFERENCES public.cuenta_estadoregistro(estado) DEFERRABLE INITIALLY DEFERRED;


--
-- Name: ventas_llamada ventas_llamada_lead_id_78d422d7_fk_ventas_lead_id; Type: FK CONSTRAINT; Schema: public; Owner: postgres
--

ALTER TABLE ONLY public.ventas_llamada
    ADD CONSTRAINT ventas_llamada_lead_id_78d422d7_fk_ventas_lead_id FOREIGN KEY (lead_id) REFERENCES public.ventas_lead(id) DEFERRABLE INITIALLY DEFERRED;


--
-- Name: ventas_llamada ventas_llamada_objecion_id_132f66c4_fk_ventas_objecion_id; Type: FK CONSTRAINT; Schema: public; Owner: postgres
--

ALTER TABLE ONLY public.ventas_llamada
    ADD CONSTRAINT ventas_llamada_objecion_id_132f66c4_fk_ventas_objecion_id FOREIGN KEY (objecion_id) REFERENCES public.ventas_objecion(id) DEFERRABLE INITIALLY DEFERRED;


--
-- Name: ventas_llamada ventas_llamada_usuarioActualizador__53da2ff0_fk_cuenta_us; Type: FK CONSTRAINT; Schema: public; Owner: postgres
--

ALTER TABLE ONLY public.ventas_llamada
    ADD CONSTRAINT "ventas_llamada_usuarioActualizador__53da2ff0_fk_cuenta_us" FOREIGN KEY ("usuarioActualizador_id") REFERENCES public.cuenta_user(id) DEFERRABLE INITIALLY DEFERRED;


--
-- Name: ventas_llamada ventas_llamada_usuarioCreador_id_c5f588ab_fk_cuenta_user_id; Type: FK CONSTRAINT; Schema: public; Owner: postgres
--

ALTER TABLE ONLY public.ventas_llamada
    ADD CONSTRAINT "ventas_llamada_usuarioCreador_id_c5f588ab_fk_cuenta_user_id" FOREIGN KEY ("usuarioCreador_id") REFERENCES public.cuenta_user(id) DEFERRABLE INITIALLY DEFERRED;


--
-- Name: ventas_objecion ventas_objecion_estado_id_e3665317_fk_cuenta_es; Type: FK CONSTRAINT; Schema: public; Owner: postgres
--

ALTER TABLE ONLY public.ventas_objecion
    ADD CONSTRAINT ventas_objecion_estado_id_e3665317_fk_cuenta_es FOREIGN KEY (estado_id) REFERENCES public.cuenta_estadoregistro(estado) DEFERRABLE INITIALLY DEFERRED;


--
-- Name: ventas_precio ventas_precio_cotizacion_id_723444f0_fk_ventas_cotizacion_id; Type: FK CONSTRAINT; Schema: public; Owner: postgres
--

ALTER TABLE ONLY public.ventas_precio
    ADD CONSTRAINT ventas_precio_cotizacion_id_723444f0_fk_ventas_cotizacion_id FOREIGN KEY (cotizacion_id) REFERENCES public.ventas_cotizacion(id) DEFERRABLE INITIALLY DEFERRED;


--
-- Name: ventas_precio ventas_precio_estado_id_0c23bcdc_fk_cuenta_es; Type: FK CONSTRAINT; Schema: public; Owner: postgres
--

ALTER TABLE ONLY public.ventas_precio
    ADD CONSTRAINT ventas_precio_estado_id_0c23bcdc_fk_cuenta_es FOREIGN KEY (estado_id) REFERENCES public.cuenta_estadoregistro(estado) DEFERRABLE INITIALLY DEFERRED;


--
-- Name: ventas_precio ventas_precio_tipoProducto_id_db5855af_fk_ventas_ti; Type: FK CONSTRAINT; Schema: public; Owner: postgres
--

ALTER TABLE ONLY public.ventas_precio
    ADD CONSTRAINT "ventas_precio_tipoProducto_id_db5855af_fk_ventas_ti" FOREIGN KEY ("tipoProducto_id") REFERENCES public.ventas_tipoproducto(id) DEFERRABLE INITIALLY DEFERRED;


--
-- Name: ventas_producto ventas_producto_estado_id_24db19a3_fk_cuenta_es; Type: FK CONSTRAINT; Schema: public; Owner: postgres
--

ALTER TABLE ONLY public.ventas_producto
    ADD CONSTRAINT ventas_producto_estado_id_24db19a3_fk_cuenta_es FOREIGN KEY (estado_id) REFERENCES public.cuenta_estadoregistro(estado) DEFERRABLE INITIALLY DEFERRED;


--
-- Name: ventas_producto ventas_producto_proyecto_id_50e7196a_fk_marketing_proyecto_id; Type: FK CONSTRAINT; Schema: public; Owner: postgres
--

ALTER TABLE ONLY public.ventas_producto
    ADD CONSTRAINT ventas_producto_proyecto_id_50e7196a_fk_marketing_proyecto_id FOREIGN KEY (proyecto_id) REFERENCES public.marketing_proyecto(id) DEFERRABLE INITIALLY DEFERRED;


--
-- Name: ventas_producto ventas_producto_tipo_id_12a8cb82_fk_ventas_tipoproducto_id; Type: FK CONSTRAINT; Schema: public; Owner: postgres
--

ALTER TABLE ONLY public.ventas_producto
    ADD CONSTRAINT ventas_producto_tipo_id_12a8cb82_fk_ventas_tipoproducto_id FOREIGN KEY (tipo_id) REFERENCES public.ventas_tipoproducto(id) DEFERRABLE INITIALLY DEFERRED;


--
-- Name: ventas_producto ventas_producto_usuarioActualizador__71ae7343_fk_cuenta_us; Type: FK CONSTRAINT; Schema: public; Owner: postgres
--

ALTER TABLE ONLY public.ventas_producto
    ADD CONSTRAINT "ventas_producto_usuarioActualizador__71ae7343_fk_cuenta_us" FOREIGN KEY ("usuarioActualizador_id") REFERENCES public.cuenta_user(id) DEFERRABLE INITIALLY DEFERRED;


--
-- Name: ventas_producto ventas_producto_usuarioCreador_id_69bcb9f9_fk_cuenta_user_id; Type: FK CONSTRAINT; Schema: public; Owner: postgres
--

ALTER TABLE ONLY public.ventas_producto
    ADD CONSTRAINT "ventas_producto_usuarioCreador_id_69bcb9f9_fk_cuenta_user_id" FOREIGN KEY ("usuarioCreador_id") REFERENCES public.cuenta_user(id) DEFERRABLE INITIALLY DEFERRED;


--
-- Name: ventas_proyectotipoproducto ventas_proyectotipop_proyecto_id_49eff36f_fk_marketing; Type: FK CONSTRAINT; Schema: public; Owner: postgres
--

ALTER TABLE ONLY public.ventas_proyectotipoproducto
    ADD CONSTRAINT ventas_proyectotipop_proyecto_id_49eff36f_fk_marketing FOREIGN KEY (proyecto_id) REFERENCES public.marketing_proyecto(id) DEFERRABLE INITIALLY DEFERRED;


--
-- Name: ventas_proyectotipoproducto ventas_proyectotipop_tipo_producto_id_8af26c72_fk_ventas_ti; Type: FK CONSTRAINT; Schema: public; Owner: postgres
--

ALTER TABLE ONLY public.ventas_proyectotipoproducto
    ADD CONSTRAINT ventas_proyectotipop_tipo_producto_id_8af26c72_fk_ventas_ti FOREIGN KEY (tipo_producto_id) REFERENCES public.ventas_tipoproducto(id) DEFERRABLE INITIALLY DEFERRED;


--
-- Name: ventas_tipocotizacion ventas_tipocotizacio_estado_id_65417f55_fk_cuenta_es; Type: FK CONSTRAINT; Schema: public; Owner: postgres
--

ALTER TABLE ONLY public.ventas_tipocotizacion
    ADD CONSTRAINT ventas_tipocotizacio_estado_id_65417f55_fk_cuenta_es FOREIGN KEY (estado_id) REFERENCES public.cuenta_estadoregistro(estado) DEFERRABLE INITIALLY DEFERRED;


--
-- Name: ventas_tipocuota ventas_tipocuota_estado_id_9266ec5f_fk_cuenta_es; Type: FK CONSTRAINT; Schema: public; Owner: postgres
--

ALTER TABLE ONLY public.ventas_tipocuota
    ADD CONSTRAINT ventas_tipocuota_estado_id_9266ec5f_fk_cuenta_es FOREIGN KEY (estado_id) REFERENCES public.cuenta_estadoregistro(estado) DEFERRABLE INITIALLY DEFERRED;


--
-- Name: ventas_tipoevento ventas_tipoevento_estado_id_9c7fb81b_fk_cuenta_es; Type: FK CONSTRAINT; Schema: public; Owner: postgres
--

ALTER TABLE ONLY public.ventas_tipoevento
    ADD CONSTRAINT ventas_tipoevento_estado_id_9c7fb81b_fk_cuenta_es FOREIGN KEY (estado_id) REFERENCES public.cuenta_estadoregistro(estado) DEFERRABLE INITIALLY DEFERRED;


--
-- Name: ventas_tipoproducto ventas_tipoproducto_estado_id_34c73ef0_fk_cuenta_es; Type: FK CONSTRAINT; Schema: public; Owner: postgres
--

ALTER TABLE ONLY public.ventas_tipoproducto
    ADD CONSTRAINT ventas_tipoproducto_estado_id_34c73ef0_fk_cuenta_es FOREIGN KEY (estado_id) REFERENCES public.cuenta_estadoregistro(estado) DEFERRABLE INITIALLY DEFERRED;


--
-- Name: ventas_whatsapp ventas_whatsapp_asesor_id_5ce5d395_fk_cuenta_user_id; Type: FK CONSTRAINT; Schema: public; Owner: postgres
--

ALTER TABLE ONLY public.ventas_whatsapp
    ADD CONSTRAINT ventas_whatsapp_asesor_id_5ce5d395_fk_cuenta_user_id FOREIGN KEY (asesor_id) REFERENCES public.cuenta_user(id) DEFERRABLE INITIALLY DEFERRED;


--
-- Name: ventas_whatsapp ventas_whatsapp_estado_id_6e36a6d1_fk_cuenta_es; Type: FK CONSTRAINT; Schema: public; Owner: postgres
--

ALTER TABLE ONLY public.ventas_whatsapp
    ADD CONSTRAINT ventas_whatsapp_estado_id_6e36a6d1_fk_cuenta_es FOREIGN KEY (estado_id) REFERENCES public.cuenta_estadoregistro(estado) DEFERRABLE INITIALLY DEFERRED;


--
-- Name: ventas_whatsapp ventas_whatsapp_lead_id_49f8bd1e_fk_ventas_lead_id; Type: FK CONSTRAINT; Schema: public; Owner: postgres
--

ALTER TABLE ONLY public.ventas_whatsapp
    ADD CONSTRAINT ventas_whatsapp_lead_id_49f8bd1e_fk_ventas_lead_id FOREIGN KEY (lead_id) REFERENCES public.ventas_lead(id) DEFERRABLE INITIALLY DEFERRED;


--
-- Name: ventas_whatsapp ventas_whatsapp_objecion_id_b79425dd_fk_ventas_objecion_id; Type: FK CONSTRAINT; Schema: public; Owner: postgres
--

ALTER TABLE ONLY public.ventas_whatsapp
    ADD CONSTRAINT ventas_whatsapp_objecion_id_b79425dd_fk_ventas_objecion_id FOREIGN KEY (objecion_id) REFERENCES public.ventas_objecion(id) DEFERRABLE INITIALLY DEFERRED;


--
-- Name: ventas_whatsapp ventas_whatsapp_usuarioActualizador__1d344f29_fk_cuenta_us; Type: FK CONSTRAINT; Schema: public; Owner: postgres
--

ALTER TABLE ONLY public.ventas_whatsapp
    ADD CONSTRAINT "ventas_whatsapp_usuarioActualizador__1d344f29_fk_cuenta_us" FOREIGN KEY ("usuarioActualizador_id") REFERENCES public.cuenta_user(id) DEFERRABLE INITIALLY DEFERRED;


--
-- Name: ventas_whatsapp ventas_whatsapp_usuarioCreador_id_b47920f5_fk_cuenta_user_id; Type: FK CONSTRAINT; Schema: public; Owner: postgres
--

ALTER TABLE ONLY public.ventas_whatsapp
    ADD CONSTRAINT "ventas_whatsapp_usuarioCreador_id_b47920f5_fk_cuenta_user_id" FOREIGN KEY ("usuarioCreador_id") REFERENCES public.cuenta_user(id) DEFERRABLE INITIALLY DEFERRED;


--
-- PostgreSQL database dump complete
--

