--
-- PostgreSQL database dump
--

-- Dumped from database version 14.10 (Ubuntu 14.10-0ubuntu0.22.04.1)
-- Dumped by pg_dump version 14.10 (Ubuntu 14.10-0ubuntu0.22.04.1)

SET statement_timeout = 0;
SET lock_timeout = 0;
SET idle_in_transaction_session_timeout = 0;
SET client_encoding = 'UTF8';
SET standard_conforming_strings = on;
SELECT pg_catalog.set_config('search_path', '', false);
SET check_function_bodies = false;
SET xmloption = content;
SET client_min_messages = warning;
SET row_security = off;

--
-- Data for Name: auth_group; Type: TABLE DATA; Schema: public; Owner: postgres
--

COPY public.auth_group (id, name) FROM stdin;
2	marketing
3	recursos_humanos
4	jefe_ventas
1	asesor
\.


--
-- Data for Name: django_content_type; Type: TABLE DATA; Schema: public; Owner: postgres
--

COPY public.django_content_type (id, app_label, model) FROM stdin;
1	admin	logentry
2	auth	permission
3	auth	group
4	contenttypes	contenttype
5	sessions	session
6	cuenta	estadoregistro
7	cuenta	modulo
8	cuenta	user
9	marketing	proyecto
10	marketing	categoria
11	marketing	campania
12	ventas	asesor
13	ventas	cotizacion
14	ventas	estadolead
15	ventas	lead
16	ventas	whatsapp
17	ventas	tipoproducto
18	ventas	tipoevento
19	ventas	tipocuota
20	ventas	tipocotizacion
21	ventas	proyectotipoproducto
22	ventas	producto
23	ventas	precio
24	ventas	objecion
25	ventas	llamada
26	ventas	historicoleadasesor
27	ventas	evento
28	ventas	cuota
29	token_blacklist	blacklistedtoken
30	token_blacklist	outstandingtoken
\.


--
-- Data for Name: auth_permission; Type: TABLE DATA; Schema: public; Owner: postgres
--

COPY public.auth_permission (id, name, content_type_id, codename) FROM stdin;
1	Can add log entry	1	add_logentry
2	Can change log entry	1	change_logentry
3	Can delete log entry	1	delete_logentry
4	Can view log entry	1	view_logentry
5	Can add permission	2	add_permission
6	Can change permission	2	change_permission
7	Can delete permission	2	delete_permission
8	Can view permission	2	view_permission
9	Can add group	3	add_group
10	Can change group	3	change_group
11	Can delete group	3	delete_group
12	Can view group	3	view_group
13	Can add content type	4	add_contenttype
14	Can change content type	4	change_contenttype
15	Can delete content type	4	delete_contenttype
16	Can view content type	4	view_contenttype
17	Can add session	5	add_session
18	Can change session	5	change_session
19	Can delete session	5	delete_session
20	Can view session	5	view_session
21	Can add estado registro	6	add_estadoregistro
22	Can change estado registro	6	change_estadoregistro
23	Can delete estado registro	6	delete_estadoregistro
24	Can view estado registro	6	view_estadoregistro
25	Can add modulo	7	add_modulo
26	Can change modulo	7	change_modulo
27	Can delete modulo	7	delete_modulo
28	Can view modulo	7	view_modulo
29	Can add user	8	add_user
30	Can change user	8	change_user
31	Can delete user	8	delete_user
32	Can view user	8	view_user
33	Can add proyecto	9	add_proyecto
34	Can change proyecto	9	change_proyecto
35	Can delete proyecto	9	delete_proyecto
36	Can view proyecto	9	view_proyecto
37	Can add categoria	10	add_categoria
38	Can change categoria	10	change_categoria
39	Can delete categoria	10	delete_categoria
40	Can view categoria	10	view_categoria
41	Can add campania	11	add_campania
42	Can change campania	11	change_campania
43	Can delete campania	11	delete_campania
44	Can view campania	11	view_campania
45	Can add asesor	12	add_asesor
46	Can change asesor	12	change_asesor
47	Can delete asesor	12	delete_asesor
48	Can view asesor	12	view_asesor
49	Can add cotizacion	13	add_cotizacion
50	Can change cotizacion	13	change_cotizacion
51	Can delete cotizacion	13	delete_cotizacion
52	Can view cotizacion	13	view_cotizacion
53	Can add estado lead	14	add_estadolead
54	Can change estado lead	14	change_estadolead
55	Can delete estado lead	14	delete_estadolead
56	Can view estado lead	14	view_estadolead
57	Can add lead	15	add_lead
58	Can change lead	15	change_lead
59	Can delete lead	15	delete_lead
60	Can view lead	15	view_lead
61	Can add whats app	16	add_whatsapp
62	Can change whats app	16	change_whatsapp
63	Can delete whats app	16	delete_whatsapp
64	Can view whats app	16	view_whatsapp
65	Can add tipo producto	17	add_tipoproducto
66	Can change tipo producto	17	change_tipoproducto
67	Can delete tipo producto	17	delete_tipoproducto
68	Can view tipo producto	17	view_tipoproducto
69	Can add tipo evento	18	add_tipoevento
70	Can change tipo evento	18	change_tipoevento
71	Can delete tipo evento	18	delete_tipoevento
72	Can view tipo evento	18	view_tipoevento
73	Can add tipo cuota	19	add_tipocuota
74	Can change tipo cuota	19	change_tipocuota
75	Can delete tipo cuota	19	delete_tipocuota
76	Can view tipo cuota	19	view_tipocuota
77	Can add tipo cotizacion	20	add_tipocotizacion
78	Can change tipo cotizacion	20	change_tipocotizacion
79	Can delete tipo cotizacion	20	delete_tipocotizacion
80	Can view tipo cotizacion	20	view_tipocotizacion
81	Can add proyecto tipo producto	21	add_proyectotipoproducto
82	Can change proyecto tipo producto	21	change_proyectotipoproducto
83	Can delete proyecto tipo producto	21	delete_proyectotipoproducto
84	Can view proyecto tipo producto	21	view_proyectotipoproducto
85	Can add producto	22	add_producto
86	Can change producto	22	change_producto
87	Can delete producto	22	delete_producto
88	Can view producto	22	view_producto
89	Can add precio	23	add_precio
90	Can change precio	23	change_precio
91	Can delete precio	23	delete_precio
92	Can view precio	23	view_precio
93	Can add objecion	24	add_objecion
94	Can change objecion	24	change_objecion
95	Can delete objecion	24	delete_objecion
96	Can view objecion	24	view_objecion
97	Can add llamada	25	add_llamada
98	Can change llamada	25	change_llamada
99	Can delete llamada	25	delete_llamada
100	Can view llamada	25	view_llamada
101	Can add historico lead asesor	26	add_historicoleadasesor
102	Can change historico lead asesor	26	change_historicoleadasesor
103	Can delete historico lead asesor	26	delete_historicoleadasesor
104	Can view historico lead asesor	26	view_historicoleadasesor
105	Can add evento	27	add_evento
106	Can change evento	27	change_evento
107	Can delete evento	27	delete_evento
108	Can view evento	27	view_evento
109	Can add cuota	28	add_cuota
110	Can change cuota	28	change_cuota
111	Can delete cuota	28	delete_cuota
112	Can view cuota	28	view_cuota
113	Can add blacklisted token	29	add_blacklistedtoken
114	Can change blacklisted token	29	change_blacklistedtoken
115	Can delete blacklisted token	29	delete_blacklistedtoken
116	Can view blacklisted token	29	view_blacklistedtoken
117	Can add outstanding token	30	add_outstandingtoken
118	Can change outstanding token	30	change_outstandingtoken
119	Can delete outstanding token	30	delete_outstandingtoken
120	Can view outstanding token	30	view_outstandingtoken
\.


--
-- Data for Name: auth_group_permissions; Type: TABLE DATA; Schema: public; Owner: postgres
--

COPY public.auth_group_permissions (id, group_id, permission_id) FROM stdin;
5	4	57
6	4	58
7	4	59
8	4	60
9	3	32
10	3	29
11	3	30
12	3	31
13	2	41
14	2	42
15	2	43
16	2	44
17	1	57
18	1	58
19	1	59
20	1	60
29	3	9
30	3	10
31	3	11
32	3	12
33	3	41
34	3	42
35	3	43
36	3	44
37	3	105
38	3	106
39	3	107
40	3	108
41	3	57
42	3	58
43	3	59
44	3	60
\.


--
-- Data for Name: cuenta_estadoregistro; Type: TABLE DATA; Schema: public; Owner: postgres
--

COPY public.cuenta_estadoregistro (estado, nombre) FROM stdin;
A	Activo
I	Inactivo
\.


--
-- Data for Name: cuenta_modulo; Type: TABLE DATA; Schema: public; Owner: postgres
--

COPY public.cuenta_modulo (id, nombre, url, "contentType_id", estado_id) FROM stdin;
7	Gesti칩n de leads	lead	15	A
2	Gestion de campa침as	campania	11	A
3	Gestion de roles	rol	3	A
5	Gestion de usuarios	usuario	8	A
6	Gestion de eventos	evento	27	A
\.


--
-- Data for Name: cuenta_user; Type: TABLE DATA; Schema: public; Owner: postgres
--

COPY public.cuenta_user (id, password, last_login, is_superuser, username, first_name, last_name, email, is_staff, is_active, date_joined, "codigoAsesor", estado_id) FROM stdin;
1	pbkdf2_sha256$600000$BMJ8LF8DGDtK75g1jlAJbH$pvS/k25Y+f0BUQQBOycCYkIImuQJm/vZkxb3UI3Qpzg=	\N	t	andrew				t	t	2023-12-29 14:19:22-05	asesor_a	A
2	pbkdf2_sha256$600000$Ntgg4ISllhxBbS1dKBkaxF$NDEQuIj95L9YZlaRkumq6mh4nhjUnNnndDsjMahaQj8=	2023-12-30 10:59:21-05	t	qwerty	BRIAN	VELASCO		t	t	2023-12-29 14:19:38-05	04014	A
\.


--
-- Data for Name: cuenta_user_groups; Type: TABLE DATA; Schema: public; Owner: postgres
--

COPY public.cuenta_user_groups (id, user_id, group_id) FROM stdin;
4	1	1
7	2	4
\.


--
-- Data for Name: cuenta_user_user_permissions; Type: TABLE DATA; Schema: public; Owner: postgres
--

COPY public.cuenta_user_user_permissions (id, user_id, permission_id) FROM stdin;
\.


--
-- Data for Name: django_admin_log; Type: TABLE DATA; Schema: public; Owner: postgres
--

COPY public.django_admin_log (id, action_time, object_id, object_repr, action_flag, change_message, content_type_id, user_id) FROM stdin;
1	2023-12-29 14:20:10.353627-05	4	Gesti칩n de asesores	3		7	2
2	2023-12-29 14:26:33.410287-05	4	Jefe de Ventas	2	[]	3	2
3	2023-12-29 14:29:18.974981-05	4	Jefe de Ventas	2	[{"changed": {"fields": ["Permissions"]}}]	3	2
4	2023-12-29 14:33:11.783996-05	4	Jefe de Ventas	2	[{"changed": {"fields": ["Permissions"]}}]	3	2
5	2023-12-29 14:33:56.967211-05	3	Jefe de Recursos Humanos	2	[{"changed": {"fields": ["Permissions"]}}]	3	2
6	2023-12-29 14:34:26.119902-05	4	Jefe de Ventas	2	[]	3	2
7	2023-12-29 14:35:19.008283-05	2	Asistente de marketing	2	[{"changed": {"fields": ["Permissions"]}}]	3	2
8	2023-12-29 14:36:14.198162-05	1	Jefe de Marketing	3		3	2
9	2023-12-29 14:36:36.9574-05	1	Asesor	1	[{"added": {}}]	3	2
10	2023-12-29 14:36:46.914828-05	3	Recursos Humanos	2	[{"changed": {"fields": ["Name"]}}]	3	2
11	2023-12-29 14:36:57.750479-05	2	Marketing	2	[{"changed": {"fields": ["Name"]}}]	3	2
12	2023-12-29 14:37:26.181598-05	1	Asesor	2	[{"changed": {"fields": ["Permissions"]}}]	3	2
13	2023-12-29 14:37:46.919622-05	3	Recursos Humanos	2	[]	3	2
14	2023-12-29 15:52:54.384857-05	1	socabaya	1	[{"added": {}}]	9	2
15	2023-12-29 15:53:19.570236-05	1	Facebook	1	[{"added": {}}]	10	2
16	2023-12-29 15:53:40.804419-05	1	Socabaya	1	[{"added": {}}]	11	2
17	2023-12-29 15:55:33.434991-05	1	BRIAN	1	[{"added": {}}]	15	2
18	2023-12-29 15:56:37.561293-05	1	BRIAN	2	[{"changed": {"fields": ["EstadoLead"]}}]	15	2
19	2023-12-29 16:00:44.328868-05	1	BRIAN	2	[{"changed": {"fields": ["Asesor", "Campania"]}}]	15	2
20	2023-12-29 16:04:30.444975-05	1	BRIAN	2	[{"changed": {"fields": ["Asesor"]}}]	15	2
21	2023-12-29 16:11:53.038879-05	1	BRIAN	2	[{"changed": {"fields": ["Asesor"]}}]	15	2
22	2023-12-29 16:13:18.426993-05	1	BRIAN	2	[{"changed": {"fields": ["Asesor"]}}]	15	2
23	2023-12-29 16:13:53.381235-05	1	BRIAN	2	[{"changed": {"fields": ["Asesor"]}}]	15	2
24	2023-12-29 16:36:37.839378-05	1	BRIAN	2	[{"changed": {"fields": ["Asesor"]}}]	15	2
25	2023-12-29 18:25:53.132373-05	1	Socabaya Faceook	2	[{"changed": {"fields": ["Nombre", "Codigo"]}}]	11	2
26	2023-12-29 18:26:29.851093-05	2	Alamos	1	[{"added": {}}]	9	2
27	2023-12-29 18:26:49.432248-05	2	Alamos Facebook	1	[{"added": {}}]	11	2
28	2023-12-29 18:27:25.133636-05	2	Fisico	1	[{"added": {}}]	10	2
29	2023-12-29 18:27:33.333612-05	3	Socabaya fisico	1	[{"added": {}}]	11	2
30	2023-12-29 19:19:10.632712-05	2	qwerty	2	[{"changed": {"fields": ["Groups", "CodigoAsesor"]}}]	8	2
31	2023-12-29 19:19:14.755092-05	1	andrew	2	[]	8	2
32	2023-12-29 19:19:48.207118-05	1	andrew	2	[{"changed": {"fields": ["Groups"]}}]	8	2
33	2023-12-29 19:19:48.23085-05	1	andrew	2	[]	8	2
34	2023-12-29 19:22:34.697561-05	3	Recursos Humanos	2	[]	3	2
35	2023-12-29 19:22:55.20508-05	3	Recursos Humanos	2	[{"changed": {"fields": ["Permissions"]}}]	3	2
36	2023-12-29 19:24:35.757069-05	2	qwerty	2	[{"changed": {"fields": ["First name", "Last name", "CodigoAsesor"]}}]	8	2
37	2023-12-29 19:26:10.978975-05	3	Recursos Humanos	2	[{"changed": {"fields": ["Permissions"]}}]	3	2
38	2023-12-29 19:27:19.048066-05	3	Recursos Humanos	2	[{"changed": {"fields": ["Permissions"]}}]	3	2
39	2023-12-29 19:27:19.084828-05	3	Recursos Humanos	2	[]	3	2
40	2023-12-29 21:00:30.695714-05	4	JEFE_VENTAS	2	[{"changed": {"fields": ["Name"]}}]	3	2
41	2023-12-29 21:00:49.544953-05	2	marketing	2	[{"changed": {"fields": ["Name"]}}]	3	2
42	2023-12-29 21:00:59.768883-05	3	recursos_humanos	2	[{"changed": {"fields": ["Name"]}}]	3	2
43	2023-12-29 21:01:08.006147-05	4	jefe_ventas	2	[{"changed": {"fields": ["Name"]}}]	3	2
44	2023-12-29 21:01:12.161765-05	1	asesor	2	[{"changed": {"fields": ["Name"]}}]	3	2
45	2023-12-29 21:15:44.637866-05	2	qwerty	2	[{"changed": {"fields": ["Groups"]}}]	8	2
46	2023-12-29 21:15:49.504322-05	1	andrew	2	[{"changed": {"fields": ["Groups"]}}]	8	2
47	2023-12-29 21:18:44.294518-05	2	qwerty	2	[{"changed": {"fields": ["Groups"]}}]	8	2
48	2023-12-29 22:12:41.924153-05	1	Firma de contrato	1	[{"added": {}}]	18	2
49	2023-12-29 22:12:49.755795-05	2	Visita	1	[{"added": {}}]	18	2
50	2023-12-29 22:13:25.41477-05	1	Firma del contrato de socabaya	1	[{"added": {}}]	27	2
51	2023-12-30 10:49:15.996697-05	1	Firma del contrato de socabaya	2	[{"changed": {"fields": ["Asesor"]}}]	27	2
52	2023-12-30 10:59:32.395412-05	2	qwerty	2	[{"changed": {"fields": ["Groups"]}}]	8	2
53	2023-12-30 10:59:53.809238-05	2	qwerty	2	[{"changed": {"fields": ["Groups"]}}]	8	2
\.


--
-- Data for Name: django_migrations; Type: TABLE DATA; Schema: public; Owner: postgres
--

COPY public.django_migrations (id, app, name, applied) FROM stdin;
1	contenttypes	0001_initial	2023-12-29 14:10:10.342532-05
2	contenttypes	0002_remove_content_type_name	2023-12-29 14:10:10.355712-05
3	auth	0001_initial	2023-12-29 14:10:10.407606-05
4	auth	0002_alter_permission_name_max_length	2023-12-29 14:10:10.415979-05
5	auth	0003_alter_user_email_max_length	2023-12-29 14:10:10.425322-05
6	auth	0004_alter_user_username_opts	2023-12-29 14:10:10.434346-05
7	auth	0005_alter_user_last_login_null	2023-12-29 14:10:10.441505-05
8	auth	0006_require_contenttypes_0002	2023-12-29 14:10:10.445023-05
9	auth	0007_alter_validators_add_error_messages	2023-12-29 14:10:10.460671-05
10	auth	0008_alter_user_username_max_length	2023-12-29 14:10:10.473612-05
11	auth	0009_alter_user_last_name_max_length	2023-12-29 14:10:10.492157-05
12	auth	0010_alter_group_name_max_length	2023-12-29 14:10:10.507298-05
13	auth	0011_update_proxy_permissions	2023-12-29 14:10:10.519443-05
14	auth	0012_alter_user_first_name_max_length	2023-12-29 14:10:10.532334-05
15	cuenta	0001_initial	2023-12-29 14:10:10.624259-05
16	admin	0001_initial	2023-12-29 14:10:10.6658-05
17	admin	0002_logentry_remove_auto_add	2023-12-29 14:10:10.682659-05
18	admin	0003_logentry_add_action_flag_choices	2023-12-29 14:10:10.709037-05
19	marketing	0001_initial	2023-12-29 14:10:10.833275-05
20	sessions	0001_initial	2023-12-29 14:10:10.852216-05
21	token_blacklist	0001_initial	2023-12-29 14:10:10.905283-05
22	token_blacklist	0002_outstandingtoken_jti_hex	2023-12-29 14:10:10.918835-05
23	token_blacklist	0003_auto_20171017_2007	2023-12-29 14:10:10.953886-05
24	token_blacklist	0004_auto_20171017_2013	2023-12-29 14:10:10.9802-05
25	token_blacklist	0005_remove_outstandingtoken_jti	2023-12-29 14:10:11.005405-05
26	token_blacklist	0006_auto_20171017_2113	2023-12-29 14:10:11.033152-05
27	token_blacklist	0007_auto_20171017_2214	2023-12-29 14:10:11.101788-05
28	token_blacklist	0008_migrate_to_bigautofield	2023-12-29 14:10:11.179349-05
29	token_blacklist	0010_fix_migrate_to_bigautofield	2023-12-29 14:10:11.220386-05
30	token_blacklist	0011_linearizes_history	2023-12-29 14:10:11.224349-05
31	token_blacklist	0012_alter_outstandingtoken_user	2023-12-29 14:10:11.258663-05
32	ventas	0001_initial	2023-12-29 14:10:12.352215-05
33	ventas	0002_alter_lead_asesor	2023-12-29 14:45:43.305141-05
34	cuenta	0002_user_estado	2023-12-29 15:50:33.328727-05
35	ventas	0003_alter_evento_asesor_delete_asesor	2023-12-29 15:50:33.365556-05
\.


--
-- Data for Name: django_session; Type: TABLE DATA; Schema: public; Owner: postgres
--

COPY public.django_session (session_key, session_data, expire_date) FROM stdin;
diwakbnjte67rjti14p9qc62gcz028kl	.eJxVjDsOwjAQBe_iGlnxP6ak5wzWZneNA8iW4qRC3B0ipYD2zcx7iQTbWtLWeUkzibPQ4vS7TYAPrjugO9Rbk9jqusyT3BV50C6vjfh5Ody_gwK9fOuoRg5ORySyYHVgT07lTMpkcsgUCA2GaCDoPGD2HDWOExkbwQcasnh_AP9sONw:1rJbk9:e1fs76rC7obSZPfG7kNQDyguzctz6wVKyQ3dxw1tpkE	2024-01-13 10:59:21.246485-05
\.


--
-- Data for Name: marketing_categoria; Type: TABLE DATA; Schema: public; Owner: postgres
--

COPY public.marketing_categoria (id, nombre, estado_id) FROM stdin;
1	Facebook	A
2	Fisico	A
\.


--
-- Data for Name: marketing_proyecto; Type: TABLE DATA; Schema: public; Owner: postgres
--

COPY public.marketing_proyecto (id, nombre, ubicacion, descripcion, fecha_creacion, fecha_actualizacion, estado_id, "usuarioActualizador_id", "usuarioCreador_id") FROM stdin;
1	socabaya	socabaya		2023-12-29	2023-12-29 15:52:53-05	A	2	2
2	Alamos	\N		2023-12-29	2023-12-29 18:26:29-05	A	2	2
\.


--
-- Data for Name: marketing_campania; Type: TABLE DATA; Schema: public; Owner: postgres
--

COPY public.marketing_campania (id, nombre, codigo, fecha_creacion, fecha_estimada, fecha_cierre, coste_estimado, coste_real, descripcion, fecha_actualizacion, categoria_id, estado_id, proyecto_id, "usuarioActualizador_id", "usuarioCreador_id") FROM stdin;
1	Socabaya Faceook	facebook_socabaya	2023-12-29 18:25:53.130866-05	2023-12-29	2023-12-29	0	0		2023-12-29 15:53:04-05	1	A	1	2	1
2	Alamos Facebook	facebook_alamos	2023-12-29 18:26:49.430875-05	2023-12-29	2023-12-29	0	0		2023-12-29 18:26:42-05	1	A	2	2	2
3	Socabaya fisico	fisico_socabaya	2023-12-29 18:27:33.332633-05	2023-12-29	2023-12-29	0	0		2023-12-29 18:27:32-05	2	A	1	2	2
\.


--
-- Data for Name: token_blacklist_outstandingtoken; Type: TABLE DATA; Schema: public; Owner: postgres
--

COPY public.token_blacklist_outstandingtoken (id, token, created_at, expires_at, user_id, jti) FROM stdin;
1	eyJhbGciOiJIUzI1NiIsInR5cCI6IkpXVCJ9.eyJ0b2tlbl90eXBlIjoicmVmcmVzaCIsImV4cCI6MTcwMzk4MTg5MCwiaWF0IjoxNzAzODk1NDkwLCJqdGkiOiI5ODhhMGFhZWU1NjY0ODRmYTVjM2I4MTU3ZTQwZjI2MiIsInVzZXJfaWQiOjJ9.xUyI_xaYP4jITRoHz2koVLM0bpSgafgWy4W_XrVh56w	2023-12-29 19:18:10.57334-05	2023-12-30 19:18:10-05	2	988a0aaee566484fa5c3b8157e40f262
2	eyJhbGciOiJIUzI1NiIsInR5cCI6IkpXVCJ9.eyJ0b2tlbl90eXBlIjoicmVmcmVzaCIsImV4cCI6MTcwMzk4MTk2MiwiaWF0IjoxNzAzODk1NTYyLCJqdGkiOiI0YmRjZGY5YTIzYmQ0NzkwYTY1OWQyYjI4ZGU1ZWVmMiIsInVzZXJfaWQiOjJ9.1iarWs0zLdznVALsE27p3-Oti9YDP2zDQUh0JJU8c6k	2023-12-29 19:19:22.363578-05	2023-12-30 19:19:22-05	2	4bdcdf9a23bd4790a659d2b28de5eef2
3	eyJhbGciOiJIUzI1NiIsInR5cCI6IkpXVCJ9.eyJ0b2tlbl90eXBlIjoicmVmcmVzaCIsImV4cCI6MTcwMzk4MTk5OSwiaWF0IjoxNzAzODk1NTk5LCJqdGkiOiI3NWUxMTRhYTFmN2U0MDlhYWQ1MDQ2MzRlNGRlY2YxMyIsInVzZXJfaWQiOjF9.UkeomvXirVX7E2pbq6XKQJYx8yn-yH5UXb7ZkkC5aLg	2023-12-29 19:19:59.895272-05	2023-12-30 19:19:59-05	1	75e114aa1f7e409aad504634e4decf13
4	eyJhbGciOiJIUzI1NiIsInR5cCI6IkpXVCJ9.eyJ0b2tlbl90eXBlIjoicmVmcmVzaCIsImV4cCI6MTcwMzk4MjE4OCwiaWF0IjoxNzAzODk1Nzg4LCJqdGkiOiI5NDg1ZmNhY2JiYWM0YzQ2YjVhNDg1ZDRjNDUzYjIwNyIsInVzZXJfaWQiOjF9.a4q_txmIWnNEhhCkmY6cqmJ9m2b0TZjaNE9kZq3vxBs	2023-12-29 19:23:08.254996-05	2023-12-30 19:23:08-05	1	9485fcacbbac4c46b5a485d4c453b207
5	eyJhbGciOiJIUzI1NiIsInR5cCI6IkpXVCJ9.eyJ0b2tlbl90eXBlIjoicmVmcmVzaCIsImV4cCI6MTcwMzk4MjE5OSwiaWF0IjoxNzAzODk1Nzk5LCJqdGkiOiJlMjg3MGU0ZTUyYTU0OWU4YTczODlhZTg4ZjZiMWUyNiIsInVzZXJfaWQiOjJ9.wiTHZLBRA9ewChd85fmh_EtXILUqikGIG6LFCUVDe4Q	2023-12-29 19:23:19.474386-05	2023-12-30 19:23:19-05	2	e2870e4e52a549e8a7389ae88f6b1e26
6	eyJhbGciOiJIUzI1NiIsInR5cCI6IkpXVCJ9.eyJ0b2tlbl90eXBlIjoicmVmcmVzaCIsImV4cCI6MTcwMzk4MjI4OCwiaWF0IjoxNzAzODk1ODg4LCJqdGkiOiI1ZWY3MDJhNDM0N2U0NWU2OWU5NTkxMzU2ZjJkZDdkZCIsInVzZXJfaWQiOjJ9.28PuEEgCwBK1YfTPPZI1wxakJokSKqTIiN8af6UXo8U	2023-12-29 19:24:48.488721-05	2023-12-30 19:24:48-05	2	5ef702a4347e45e69e9591356f2dd7dd
7	eyJhbGciOiJIUzI1NiIsInR5cCI6IkpXVCJ9.eyJ0b2tlbl90eXBlIjoicmVmcmVzaCIsImV4cCI6MTcwMzk4MjM3NywiaWF0IjoxNzAzODk1OTc3LCJqdGkiOiIzMTkzNDU5NzU2N2Y0ODY4YjgwYjk1OTUwM2M3YzNiYiIsInVzZXJfaWQiOjJ9.OELR3Oy2QHElDwTiiLsuOdiKIJBIlbCvIDavpsmXlzI	2023-12-29 19:26:17.358011-05	2023-12-30 19:26:17-05	2	31934597567f4868b80b959503c7c3bb
8	eyJhbGciOiJIUzI1NiIsInR5cCI6IkpXVCJ9.eyJ0b2tlbl90eXBlIjoicmVmcmVzaCIsImV4cCI6MTcwMzk4MjQ1OCwiaWF0IjoxNzAzODk2MDU4LCJqdGkiOiIwNDZlYjUxNjliYmI0M2E0YjBhNGFlY2YzN2ZkYTczMSIsInVzZXJfaWQiOjJ9.6GeTXgsGI-5U2renn5Ntp3XxbfkRXnR95DgEJ2iaZFc	2023-12-29 19:27:38.753126-05	2023-12-30 19:27:38-05	2	046eb5169bbb43a4b0a4aecf37fda731
9	eyJhbGciOiJIUzI1NiIsInR5cCI6IkpXVCJ9.eyJ0b2tlbl90eXBlIjoicmVmcmVzaCIsImV4cCI6MTcwMzk4MjUwNiwiaWF0IjoxNzAzODk2MTA2LCJqdGkiOiIyOThhOTM1OGI4NGE0MGM1YjQzOGUyMjhmYzg2ODZhZiIsInVzZXJfaWQiOjJ9.Eh15Mcj6_rwUGa3YFhaGqEdOiE8_vjlrlVieYB8Vkzc	2023-12-29 19:28:26.228049-05	2023-12-30 19:28:26-05	2	298a9358b84a40c5b438e228fc8686af
10	eyJhbGciOiJIUzI1NiIsInR5cCI6IkpXVCJ9.eyJ0b2tlbl90eXBlIjoicmVmcmVzaCIsImV4cCI6MTcwMzk4MzA1MSwiaWF0IjoxNzAzODk2NjUxLCJqdGkiOiJkNjI3YWQxYmFiMmQ0YzM2OTFjY2U2N2E4ZjAxYTllYSIsInVzZXJfaWQiOjJ9.i3cruINpJPpwe0TbH9aoEmGaKIUBOk769wNffK_eJJ8	2023-12-29 19:37:31.989769-05	2023-12-30 19:37:31-05	2	d627ad1bab2d4c3691cce67a8f01a9ea
11	eyJhbGciOiJIUzI1NiIsInR5cCI6IkpXVCJ9.eyJ0b2tlbl90eXBlIjoicmVmcmVzaCIsImV4cCI6MTcwMzk4NTYzNywiaWF0IjoxNzAzODk5MjM3LCJqdGkiOiI2NDI4MWFiMWU3OWY0NGU4OWUwMjE3YjdmOGQzMTA0ZiIsInVzZXJfaWQiOjJ9.wNZH7Z0JMOhmqrOCeeRFNvHTrgV6hFB1MDTaexpk7DE	2023-12-29 20:20:37.589203-05	2023-12-30 20:20:37-05	2	64281ab1e79f44e89e0217b7f8d3104f
12	eyJhbGciOiJIUzI1NiIsInR5cCI6IkpXVCJ9.eyJ0b2tlbl90eXBlIjoicmVmcmVzaCIsImV4cCI6MTcwMzk4NTk3OCwiaWF0IjoxNzAzODk5NTc4LCJqdGkiOiJhYTE3MDg3ZTM5NGU0ODhkODdjMDM1YzU1NjE0YmQ4MSIsInVzZXJfaWQiOjJ9.RZYi42uqsdcrwX3eBT0gYlg20oPHPYb7OQ8ak0_w1hE	2023-12-29 20:26:18.835774-05	2023-12-30 20:26:18-05	2	aa17087e394e488d87c035c55614bd81
13	eyJhbGciOiJIUzI1NiIsInR5cCI6IkpXVCJ9.eyJ0b2tlbl90eXBlIjoicmVmcmVzaCIsImV4cCI6MTcwMzk4NjU1NSwiaWF0IjoxNzAzOTAwMTU1LCJqdGkiOiIyOGIwZTJiN2M3NTk0YWYwOTc1Njg0NjE1MGE2Mzk5ZCIsInVzZXJfaWQiOjJ9.iN7VA0nyQkSrwudrqWmQJyC5aFEdQ_xTY7RJUx_z5Kw	2023-12-29 20:35:55.262673-05	2023-12-30 20:35:55-05	2	28b0e2b7c7594af09756846150a6399d
14	eyJhbGciOiJIUzI1NiIsInR5cCI6IkpXVCJ9.eyJ0b2tlbl90eXBlIjoicmVmcmVzaCIsImV4cCI6MTcwMzk4Njk1NiwiaWF0IjoxNzAzOTAwNTU2LCJqdGkiOiI1NGQwOWQ2YzJkZTA0NDk3YjAyMzcxZjU0OGMzOGRiMCIsInVzZXJfaWQiOjJ9.7G49a5HJNros5t_fM3vFLBH2MIi_hJNDBoJ_hKktJxU	2023-12-29 20:42:36.116374-05	2023-12-30 20:42:36-05	2	54d09d6c2de04497b02371f548c38db0
15	eyJhbGciOiJIUzI1NiIsInR5cCI6IkpXVCJ9.eyJ0b2tlbl90eXBlIjoicmVmcmVzaCIsImV4cCI6MTcwMzk4NzczOCwiaWF0IjoxNzAzOTAxMzM4LCJqdGkiOiJkYmZkZjhlYzZlNGY0MTBhYWJjNGUyODE0YTU5NGZlMSIsInVzZXJfaWQiOjJ9.d1u58qpFBheA0UW8REXLsvnWB7bADZtPlCY5p19lQYc	2023-12-29 20:55:38.442923-05	2023-12-30 20:55:38-05	2	dbfdf8ec6e4f410aabc4e2814a594fe1
16	eyJhbGciOiJIUzI1NiIsInR5cCI6IkpXVCJ9.eyJ0b2tlbl90eXBlIjoicmVmcmVzaCIsImV4cCI6MTcwMzk4ODExOCwiaWF0IjoxNzAzOTAxNzE4LCJqdGkiOiJlNTRhMmIyZWU1MTI0OGMyYTMxOGUyNjg0ZGQ2NDUxYSIsInVzZXJfaWQiOjJ9.QiMTRUEtrwVKsgG_rkGriJQOPyS2OHwEJ_sWHmoxGiM	2023-12-29 21:01:58.557973-05	2023-12-30 21:01:58-05	2	e54a2b2ee51248c2a318e2684dd6451a
17	eyJhbGciOiJIUzI1NiIsInR5cCI6IkpXVCJ9.eyJ0b2tlbl90eXBlIjoicmVmcmVzaCIsImV4cCI6MTcwMzk4ODUwOSwiaWF0IjoxNzAzOTAyMTA5LCJqdGkiOiI1Yjg0NTY3YjdkMjg0OGExYWVhZDM0MzFiY2Y5ZGI2ZCIsInVzZXJfaWQiOjJ9.dSRCNQxH82YFb-j5xkcWiIkW1fgmlN6mVmhv1Cmp2J4	2023-12-29 21:08:29.296369-05	2023-12-30 21:08:29-05	2	5b84567b7d2848a1aead3431bcf9db6d
18	eyJhbGciOiJIUzI1NiIsInR5cCI6IkpXVCJ9.eyJ0b2tlbl90eXBlIjoicmVmcmVzaCIsImV4cCI6MTcwMzk4ODkxMywiaWF0IjoxNzAzOTAyNTEzLCJqdGkiOiJmMWM4MDkxODc4ZTc0N2MxYjg1MDI1ZGE3M2VhY2E2YSIsInVzZXJfaWQiOjJ9.5iPd0RE6IGMn-SMwxQWe7sdoHKtZCL_eTpdNDg0XWzM	2023-12-29 21:15:13.987389-05	2023-12-30 21:15:13-05	2	f1c8091878e747c1b85025da73eaca6a
19	eyJhbGciOiJIUzI1NiIsInR5cCI6IkpXVCJ9.eyJ0b2tlbl90eXBlIjoicmVmcmVzaCIsImV4cCI6MTcwMzk5MDM4NSwiaWF0IjoxNzAzOTAzOTg1LCJqdGkiOiJlMmU0NDBmYjQ4MmM0NjkxYmVhMGY1NWM1YzVjMTQ0ZSIsInVzZXJfaWQiOjJ9.eSgd9vcN5bAKX3GBXxVETrZkXxnRIfLIb9PX1uNSJJI	2023-12-29 21:39:45.541346-05	2023-12-30 21:39:45-05	2	e2e440fb482c4691bea0f55c5c5c144e
20	eyJhbGciOiJIUzI1NiIsInR5cCI6IkpXVCJ9.eyJ0b2tlbl90eXBlIjoicmVmcmVzaCIsImV4cCI6MTcwMzk5MDc0NSwiaWF0IjoxNzAzOTA0MzQ1LCJqdGkiOiIxYzIyMzMzYmFkYTg0ZTI3YTY5ZGJhYjc3MGJlNmU5MyIsInVzZXJfaWQiOjJ9.veAQAQ6pkkV5Qpj26reol_4gDFJXzeYRUb56mcx95s0	2023-12-29 21:45:45.601494-05	2023-12-30 21:45:45-05	2	1c22333bada84e27a69dbab770be6e93
21	eyJhbGciOiJIUzI1NiIsInR5cCI6IkpXVCJ9.eyJ0b2tlbl90eXBlIjoicmVmcmVzaCIsImV4cCI6MTcwMzk5MDc3MSwiaWF0IjoxNzAzOTA0MzcxLCJqdGkiOiJiY2JhNTNkNzc3OTg0NDc0YWY5MGJmMDAyM2U5NzNkMCIsInVzZXJfaWQiOjJ9.UvuA1lOPPqYW9OCmE4S_BZgjS_jXifhiVBVBOrkGVQM	2023-12-29 21:46:11.823504-05	2023-12-30 21:46:11-05	2	bcba53d777984474af90bf0023e973d0
22	eyJhbGciOiJIUzI1NiIsInR5cCI6IkpXVCJ9.eyJ0b2tlbl90eXBlIjoicmVmcmVzaCIsImV4cCI6MTcwMzk5MDkyNSwiaWF0IjoxNzAzOTA0NTI1LCJqdGkiOiIzNjVhOWJiNzdlNTQ0ZThjYmIwNzQ0ZDZmMmZkY2RhNiIsInVzZXJfaWQiOjJ9.IDeBYLUMtn8m4d7wtZHv5242Fiz3tQscTr4ZYJ0BV7A	2023-12-29 21:48:45.651372-05	2023-12-30 21:48:45-05	2	365a9bb77e544e8cbb0744d6f2fdcda6
23	eyJhbGciOiJIUzI1NiIsInR5cCI6IkpXVCJ9.eyJ0b2tlbl90eXBlIjoicmVmcmVzaCIsImV4cCI6MTcwMzk5MTI0OCwiaWF0IjoxNzAzOTA0ODQ4LCJqdGkiOiJjOGZkY2ZiZjU5Y2Q0MDFlYjVlMjMzMjQ5ZWY2N2VmOSIsInVzZXJfaWQiOjJ9.hd9NJoAJN67aVLLDIFbf5BiVIxxa39PehiuCqN6LHuY	2023-12-29 21:54:08.729256-05	2023-12-30 21:54:08-05	2	c8fdcfbf59cd401eb5e233249ef67ef9
24	eyJhbGciOiJIUzI1NiIsInR5cCI6IkpXVCJ9.eyJ0b2tlbl90eXBlIjoicmVmcmVzaCIsImV4cCI6MTcwMzk5MTQzOSwiaWF0IjoxNzAzOTA1MDM5LCJqdGkiOiIzYTM1YjY3YzY5YmE0YWUyYmZmYWNjOGE0ZGY1ZWQwZSIsInVzZXJfaWQiOjF9.BKtf3h5RWzHpqcXemOLmOuJvYIQKqIPfZJVq5nnTZU8	2023-12-29 21:57:19.722576-05	2023-12-30 21:57:19-05	1	3a35b67c69ba4ae2bffacc8a4df5ed0e
25	eyJhbGciOiJIUzI1NiIsInR5cCI6IkpXVCJ9.eyJ0b2tlbl90eXBlIjoicmVmcmVzaCIsImV4cCI6MTcwNDAzNTY0MSwiaWF0IjoxNzAzOTQ5MjQxLCJqdGkiOiI2YmUyY2Q1NWI2Y2I0ODdkYjI0OWRjZDVkZjViOTg4NCIsInVzZXJfaWQiOjJ9.77hW_03vpphrFvbO_T0Z4saPRE9yzQ4gY1U3cfJVIVM	2023-12-30 10:14:01.866483-05	2023-12-31 10:14:01-05	2	6be2cd55b6cb487db249dcd5df5b9884
26	eyJhbGciOiJIUzI1NiIsInR5cCI6IkpXVCJ9.eyJ0b2tlbl90eXBlIjoicmVmcmVzaCIsImV4cCI6MTcwNDAzNjAzMSwiaWF0IjoxNzAzOTQ5NjMxLCJqdGkiOiJlOTg5ZTJiODQ1YjA0MTE3OWNlNmRmNmJlYjA2OTRmNCIsInVzZXJfaWQiOjJ9.frs8bXdYsyLC4n9ylit0mfHut7cLmrehbTrDaroZcuY	2023-12-30 10:20:31.888402-05	2023-12-31 10:20:31-05	2	e989e2b845b041179ce6df6beb0694f4
27	eyJhbGciOiJIUzI1NiIsInR5cCI6IkpXVCJ9.eyJ0b2tlbl90eXBlIjoicmVmcmVzaCIsImV4cCI6MTcwNDAzNzIyNiwiaWF0IjoxNzAzOTUwODI2LCJqdGkiOiIyN2IzMWFhZGZkYWQ0Yjc3YjE4ZWI0ZTYwYmExMzY5YiIsInVzZXJfaWQiOjJ9.HQpWkSuaDCjdKqozZnY9IOEAjRXL16gOkHrIGefNRTM	2023-12-30 10:40:26.693639-05	2023-12-31 10:40:26-05	2	27b31aadfdad4b77b18eb4e60ba1369b
28	eyJhbGciOiJIUzI1NiIsInR5cCI6IkpXVCJ9.eyJ0b2tlbl90eXBlIjoicmVmcmVzaCIsImV4cCI6MTcwNDAzNzIyNiwiaWF0IjoxNzAzOTUwODI2LCJqdGkiOiJmMmEzMWI2M2Q3NjM0MmI4ODQxMTI4ZWU5YWM3N2UwOSIsInVzZXJfaWQiOjJ9.c242xA_vZwbuMArgEzfB-KXIskobEJlp2q7JhsG9tGw	2023-12-30 10:40:26.746166-05	2023-12-31 10:40:26-05	2	f2a31b63d76342b8841128ee9ac77e09
29	eyJhbGciOiJIUzI1NiIsInR5cCI6IkpXVCJ9.eyJ0b2tlbl90eXBlIjoicmVmcmVzaCIsImV4cCI6MTcwNDAzNzM5NywiaWF0IjoxNzAzOTUwOTk3LCJqdGkiOiJhNmI2MzViNjUxOTk0M2IwYTI3YWFmMWRlMTEyMzQwZCIsInVzZXJfaWQiOjF9.WVowvKwlwrshmM8GHD7AY-ZtEMYJzw2YUlRgiRkJU0g	2023-12-30 10:43:17.94572-05	2023-12-31 10:43:17-05	1	a6b635b6519943b0a27aaf1de112340d
30	eyJhbGciOiJIUzI1NiIsInR5cCI6IkpXVCJ9.eyJ0b2tlbl90eXBlIjoicmVmcmVzaCIsImV4cCI6MTcwNDAzNzU3NCwiaWF0IjoxNzAzOTUxMTc0LCJqdGkiOiJhZGYzYTc4NDU5ZDY0NjJkYjA1MDZlMWI4MTI2MTk5ZiIsInVzZXJfaWQiOjJ9.AQGqUH9eS7c3Oc7fNSWjtbPOaDNZ8kRZObwAoOYoF0c	2023-12-30 10:46:14.060316-05	2023-12-31 10:46:14-05	2	adf3a78459d6462db0506e1b8126199f
31	eyJhbGciOiJIUzI1NiIsInR5cCI6IkpXVCJ9.eyJ0b2tlbl90eXBlIjoicmVmcmVzaCIsImV4cCI6MTcwNDAzODMzOSwiaWF0IjoxNzAzOTUxOTM5LCJqdGkiOiI3NzdmNzYxYmI5ODE0ZGZiYjQzZGFiMTZmNGQzOTJjOCIsInVzZXJfaWQiOjJ9.rr5xRmrM30BFujgbwgNZgccZulj01Ve8SQmvKecP3l8	2023-12-30 10:58:59.374007-05	2023-12-31 10:58:59-05	2	777f761bb9814dfbb43dab16f4d392c8
32	eyJhbGciOiJIUzI1NiIsInR5cCI6IkpXVCJ9.eyJ0b2tlbl90eXBlIjoicmVmcmVzaCIsImV4cCI6MTcwNDAzODM0NywiaWF0IjoxNzAzOTUxOTQ3LCJqdGkiOiJiMzY5NzUxYmY0NzE0MDFmOTU2OGU4MTBhZmMwNGM4NCIsInVzZXJfaWQiOjJ9.m8fu7OvGaDzfKWb7_WTSMjKdhY_GmMVCeda3zPQIqaQ	2023-12-30 10:59:07.755727-05	2023-12-31 10:59:07-05	2	b369751bf471401f9568e810afc04c84
\.


--
-- Data for Name: token_blacklist_blacklistedtoken; Type: TABLE DATA; Schema: public; Owner: postgres
--

COPY public.token_blacklist_blacklistedtoken (id, blacklisted_at, token_id) FROM stdin;
\.


--
-- Data for Name: ventas_tipocotizacion; Type: TABLE DATA; Schema: public; Owner: postgres
--

COPY public.ventas_tipocotizacion (id, nombre, estado_id) FROM stdin;
\.


--
-- Data for Name: ventas_cotizacion; Type: TABLE DATA; Schema: public; Owner: postgres
--

COPY public.ventas_cotizacion (id, nombre, fecha, duracion, estado_id, proyecto_id, tipo_id) FROM stdin;
\.


--
-- Data for Name: ventas_tipocuota; Type: TABLE DATA; Schema: public; Owner: postgres
--

COPY public.ventas_tipocuota (id, nombre, estado_id) FROM stdin;
\.


--
-- Data for Name: ventas_cuota; Type: TABLE DATA; Schema: public; Owner: postgres
--

COPY public.ventas_cuota (id, numero, tiempo, porcentaje, fecha, cotizacion_id, estado_id, tipo_id) FROM stdin;
\.


--
-- Data for Name: ventas_estadolead; Type: TABLE DATA; Schema: public; Owner: postgres
--

COPY public.ventas_estadolead (nombre, descripcion, estado_id) FROM stdin;
NR	No responde	A
EP	En proceso	A
FR	Frio	A
TB	Tibio	A
CH	Caliente	A
SE	Separaciones	A
CI	Cierre	A
\.


--
-- Data for Name: ventas_objecion; Type: TABLE DATA; Schema: public; Owner: postgres
--

COPY public.ventas_objecion (id, nombre, estado_id) FROM stdin;
1	Ninguna	A
2	Precio	A
3	No indica / No Interesado	A
4	Ocupado / Trabajando	A
6	Solo mensajes / Wsp	A
7	Inmediatez	A
8	No contesta / Apagado	A
9	Equivocado / No existe	A
5	Ubicaci칩n	A
10	Playa/Campo / Casa	A
\.


--
-- Data for Name: ventas_lead; Type: TABLE DATA; Schema: public; Owner: postgres
--

COPY public.ventas_lead (id, nombre, apellido, asignado, celular, celular2, comentario, "horaRecepcion", llamar, "recienCreado", fecha_creacion, fecha_actualizacion, asesor_id, campania_id, estado_id, "estadoLead_id", objecion_id, "usuarioActualizador_id", "usuarioCreador_id") FROM stdin;
1	BRIAN	VELASCO	t	935488033			2023-12-29 15:54:52-05	t	t	2023-12-29	\N	2	1	A	NR	1	1	1
2	aaaa	aaaaaaa	t	999875468		Pidio un asesor personal	2023-10-04 00:00:00-05	t	t	2023-12-29	\N	1	1	A	EP	1	1	1
3	Jesus		f	958742315			2023-12-29 18:33:45.907257-05	t	t	2023-12-29	\N	\N	2	A	EP	1	1	1
4			t	934789123			2023-12-29 18:33:45.920404-05	t	t	2023-12-29	\N	1	3	A	EP	1	1	1
5	aaaa	aaaaaaa	t	999875468		Pidio un asesor personal	2023-10-04 00:00:00-05	t	t	2023-12-29	\N	1	1	A	EP	1	1	1
7			t	934789123			2023-12-29 18:34:47.930827-05	t	t	2023-12-29	\N	1	3	A	EP	1	1	1
10			t	934789123			2023-12-29 18:35:30.289934-05	t	t	2023-12-29	\N	1	3	A	EP	1	1	1
8	Juan	Reynoso	t	987564231		Pidio un asesor personal	2023-10-04 00:00:00-05	t	t	2023-12-29	\N	1	1	A	EP	1	1	1
9	Jesus		t	958742315			2023-12-29 18:35:30.279107-05	t	t	2023-12-29	\N	1	2	A	EP	1	1	1
6	Jesus		t	958742315			2023-12-29 18:34:47.913955-05	t	t	2023-12-29	\N	1	2	A	EP	1	1	1
\.


--
-- Data for Name: ventas_tipoevento; Type: TABLE DATA; Schema: public; Owner: postgres
--

COPY public.ventas_tipoevento (id, nombre, estado_id) FROM stdin;
1	Firma de contrato	A
2	Visita	A
\.


--
-- Data for Name: ventas_evento; Type: TABLE DATA; Schema: public; Owner: postgres
--

COPY public.ventas_evento (id, titulo, duracion, fecha_visita, ubicacion, descripcion, fecha_creacion, fecha_actualizacion, asesor_id, estado_id, lead_id, proyecto_id, tipo_id, "usuarioActualizador_id", "usuarioCreador_id") FROM stdin;
1	Firma del contrato de socabaya	50	2023-12-29 22:12:30-05	socabaya		2023-12-30	2023-12-29 22:13:24-05	2	A	1	1	1	2	1
\.


--
-- Data for Name: ventas_historicoleadasesor; Type: TABLE DATA; Schema: public; Owner: postgres
--

COPY public.ventas_historicoleadasesor (id, fecha_creacion, lead_id, usuario_id) FROM stdin;
\.


--
-- Data for Name: ventas_llamada; Type: TABLE DATA; Schema: public; Owner: postgres
--

COPY public.ventas_llamada (id, detalle, fecha_creacion, fecha_actualizacion, estado_id, lead_id, "usuarioActualizador_id", "usuarioCreador_id") FROM stdin;
\.


--
-- Data for Name: ventas_tipoproducto; Type: TABLE DATA; Schema: public; Owner: postgres
--

COPY public.ventas_tipoproducto (id, nombre, estado_id) FROM stdin;
\.


--
-- Data for Name: ventas_precio; Type: TABLE DATA; Schema: public; Owner: postgres
--

COPY public.ventas_precio (id, precio, cotizacion_id, estado_id, "tipoProducto_id") FROM stdin;
\.


--
-- Data for Name: ventas_producto; Type: TABLE DATA; Schema: public; Owner: postgres
--

COPY public.ventas_producto (id, nombre, codigo, numero, area, fecha_creacion, fecha_actualizacion, estado_id, proyecto_id, tipo_id, "usuarioActualizador_id", "usuarioCreador_id") FROM stdin;
\.


--
-- Data for Name: ventas_proyectotipoproducto; Type: TABLE DATA; Schema: public; Owner: postgres
--

COPY public.ventas_proyectotipoproducto (id, proyecto_id, tipo_producto_id) FROM stdin;
\.


--
-- Data for Name: ventas_whatsapp; Type: TABLE DATA; Schema: public; Owner: postgres
--

COPY public.ventas_whatsapp (id, detalle, fecha_creacion, fecha_actualizacion, estado_id, lead_id, "usuarioActualizador_id", "usuarioCreador_id") FROM stdin;
\.


--
-- Name: auth_group_id_seq; Type: SEQUENCE SET; Schema: public; Owner: postgres
--

SELECT pg_catalog.setval('public.auth_group_id_seq', 1, true);


--
-- Name: auth_group_permissions_id_seq; Type: SEQUENCE SET; Schema: public; Owner: postgres
--

SELECT pg_catalog.setval('public.auth_group_permissions_id_seq', 44, true);


--
-- Name: auth_permission_id_seq; Type: SEQUENCE SET; Schema: public; Owner: postgres
--

SELECT pg_catalog.setval('public.auth_permission_id_seq', 120, true);


--
-- Name: cuenta_modulo_id_seq; Type: SEQUENCE SET; Schema: public; Owner: postgres
--

SELECT pg_catalog.setval('public.cuenta_modulo_id_seq', 1, false);


--
-- Name: cuenta_user_groups_id_seq; Type: SEQUENCE SET; Schema: public; Owner: postgres
--

SELECT pg_catalog.setval('public.cuenta_user_groups_id_seq', 7, true);


--
-- Name: cuenta_user_id_seq; Type: SEQUENCE SET; Schema: public; Owner: postgres
--

SELECT pg_catalog.setval('public.cuenta_user_id_seq', 2, true);


--
-- Name: cuenta_user_user_permissions_id_seq; Type: SEQUENCE SET; Schema: public; Owner: postgres
--

SELECT pg_catalog.setval('public.cuenta_user_user_permissions_id_seq', 1, false);


--
-- Name: django_admin_log_id_seq; Type: SEQUENCE SET; Schema: public; Owner: postgres
--

SELECT pg_catalog.setval('public.django_admin_log_id_seq', 53, true);


--
-- Name: django_content_type_id_seq; Type: SEQUENCE SET; Schema: public; Owner: postgres
--

SELECT pg_catalog.setval('public.django_content_type_id_seq', 30, true);


--
-- Name: django_migrations_id_seq; Type: SEQUENCE SET; Schema: public; Owner: postgres
--

SELECT pg_catalog.setval('public.django_migrations_id_seq', 35, true);


--
-- Name: marketing_campania_id_seq; Type: SEQUENCE SET; Schema: public; Owner: postgres
--

SELECT pg_catalog.setval('public.marketing_campania_id_seq', 3, true);


--
-- Name: marketing_categoria_id_seq; Type: SEQUENCE SET; Schema: public; Owner: postgres
--

SELECT pg_catalog.setval('public.marketing_categoria_id_seq', 2, true);


--
-- Name: marketing_proyecto_id_seq; Type: SEQUENCE SET; Schema: public; Owner: postgres
--

SELECT pg_catalog.setval('public.marketing_proyecto_id_seq', 2, true);


--
-- Name: token_blacklist_blacklistedtoken_id_seq; Type: SEQUENCE SET; Schema: public; Owner: postgres
--

SELECT pg_catalog.setval('public.token_blacklist_blacklistedtoken_id_seq', 1, false);


--
-- Name: token_blacklist_outstandingtoken_id_seq; Type: SEQUENCE SET; Schema: public; Owner: postgres
--

SELECT pg_catalog.setval('public.token_blacklist_outstandingtoken_id_seq', 32, true);


--
-- Name: ventas_cotizacion_id_seq; Type: SEQUENCE SET; Schema: public; Owner: postgres
--

SELECT pg_catalog.setval('public.ventas_cotizacion_id_seq', 1, false);


--
-- Name: ventas_cuota_id_seq; Type: SEQUENCE SET; Schema: public; Owner: postgres
--

SELECT pg_catalog.setval('public.ventas_cuota_id_seq', 1, false);


--
-- Name: ventas_evento_id_seq; Type: SEQUENCE SET; Schema: public; Owner: postgres
--

SELECT pg_catalog.setval('public.ventas_evento_id_seq', 1, true);


--
-- Name: ventas_historicoleadasesor_id_seq; Type: SEQUENCE SET; Schema: public; Owner: postgres
--

SELECT pg_catalog.setval('public.ventas_historicoleadasesor_id_seq', 1, false);


--
-- Name: ventas_lead_id_seq; Type: SEQUENCE SET; Schema: public; Owner: postgres
--

SELECT pg_catalog.setval('public.ventas_lead_id_seq', 10, true);


--
-- Name: ventas_llamada_id_seq; Type: SEQUENCE SET; Schema: public; Owner: postgres
--

SELECT pg_catalog.setval('public.ventas_llamada_id_seq', 1, false);


--
-- Name: ventas_objecion_id_seq; Type: SEQUENCE SET; Schema: public; Owner: postgres
--

SELECT pg_catalog.setval('public.ventas_objecion_id_seq', 1, false);


--
-- Name: ventas_precio_id_seq; Type: SEQUENCE SET; Schema: public; Owner: postgres
--

SELECT pg_catalog.setval('public.ventas_precio_id_seq', 1, false);


--
-- Name: ventas_producto_id_seq; Type: SEQUENCE SET; Schema: public; Owner: postgres
--

SELECT pg_catalog.setval('public.ventas_producto_id_seq', 1, false);


--
-- Name: ventas_proyectotipoproducto_id_seq; Type: SEQUENCE SET; Schema: public; Owner: postgres
--

SELECT pg_catalog.setval('public.ventas_proyectotipoproducto_id_seq', 1, false);


--
-- Name: ventas_tipocotizacion_id_seq; Type: SEQUENCE SET; Schema: public; Owner: postgres
--

SELECT pg_catalog.setval('public.ventas_tipocotizacion_id_seq', 1, false);


--
-- Name: ventas_tipocuota_id_seq; Type: SEQUENCE SET; Schema: public; Owner: postgres
--

SELECT pg_catalog.setval('public.ventas_tipocuota_id_seq', 1, false);


--
-- Name: ventas_tipoevento_id_seq; Type: SEQUENCE SET; Schema: public; Owner: postgres
--

SELECT pg_catalog.setval('public.ventas_tipoevento_id_seq', 2, true);


--
-- Name: ventas_tipoproducto_id_seq; Type: SEQUENCE SET; Schema: public; Owner: postgres
--

SELECT pg_catalog.setval('public.ventas_tipoproducto_id_seq', 1, false);


--
-- Name: ventas_whatsapp_id_seq; Type: SEQUENCE SET; Schema: public; Owner: postgres
--

SELECT pg_catalog.setval('public.ventas_whatsapp_id_seq', 1, false);


--
-- PostgreSQL database dump complete
--

