--
-- PostgreSQL database dump
--

-- Dumped from database version 14.11 (Ubuntu 14.11-0ubuntu0.22.04.1)
-- Dumped by pg_dump version 14.11 (Ubuntu 14.11-0ubuntu0.22.04.1)

SET statement_timeout = 0;
SET lock_timeout = 0;
SET idle_in_transaction_session_timeout = 0;
SET client_encoding = 'UTF8';
SET standard_conforming_strings = on;
SELECT pg_catalog.set_config('search_path', '', false);
SET check_function_bodies = false;
SET xmloption = content;
SET client_min_messages = warning;
SET row_security = off;

SET default_tablespace = '';

SET default_table_access_method = heap;

--
-- Name: auth_group; Type: TABLE; Schema: public; Owner: postgres
--

CREATE TABLE public.auth_group (
    id integer NOT NULL,
    name character varying(150) NOT NULL
);


ALTER TABLE public.auth_group OWNER TO postgres;

--
-- Name: auth_group_id_seq; Type: SEQUENCE; Schema: public; Owner: postgres
--

ALTER TABLE public.auth_group ALTER COLUMN id ADD GENERATED BY DEFAULT AS IDENTITY (
    SEQUENCE NAME public.auth_group_id_seq
    START WITH 1
    INCREMENT BY 1
    NO MINVALUE
    NO MAXVALUE
    CACHE 1
);


--
-- Name: auth_group_permissions; Type: TABLE; Schema: public; Owner: postgres
--

CREATE TABLE public.auth_group_permissions (
    id bigint NOT NULL,
    group_id integer NOT NULL,
    permission_id integer NOT NULL
);


ALTER TABLE public.auth_group_permissions OWNER TO postgres;

--
-- Name: auth_group_permissions_id_seq; Type: SEQUENCE; Schema: public; Owner: postgres
--

ALTER TABLE public.auth_group_permissions ALTER COLUMN id ADD GENERATED BY DEFAULT AS IDENTITY (
    SEQUENCE NAME public.auth_group_permissions_id_seq
    START WITH 1
    INCREMENT BY 1
    NO MINVALUE
    NO MAXVALUE
    CACHE 1
);


--
-- Name: auth_permission; Type: TABLE; Schema: public; Owner: postgres
--

CREATE TABLE public.auth_permission (
    id integer NOT NULL,
    name character varying(255) NOT NULL,
    content_type_id integer NOT NULL,
    codename character varying(100) NOT NULL
);


ALTER TABLE public.auth_permission OWNER TO postgres;

--
-- Name: auth_permission_id_seq; Type: SEQUENCE; Schema: public; Owner: postgres
--

ALTER TABLE public.auth_permission ALTER COLUMN id ADD GENERATED BY DEFAULT AS IDENTITY (
    SEQUENCE NAME public.auth_permission_id_seq
    START WITH 1
    INCREMENT BY 1
    NO MINVALUE
    NO MAXVALUE
    CACHE 1
);


--
-- Name: cuenta_estadoregistro; Type: TABLE; Schema: public; Owner: postgres
--

CREATE TABLE public.cuenta_estadoregistro (
    estado character varying(1) NOT NULL,
    nombre character varying(50)
);


ALTER TABLE public.cuenta_estadoregistro OWNER TO postgres;

--
-- Name: cuenta_modulo; Type: TABLE; Schema: public; Owner: postgres
--

CREATE TABLE public.cuenta_modulo (
    id bigint NOT NULL,
    nombre character varying(100),
    url character varying(50),
    "contentType_id" integer,
    estado_id character varying(1)
);


ALTER TABLE public.cuenta_modulo OWNER TO postgres;

--
-- Name: cuenta_modulo_id_seq; Type: SEQUENCE; Schema: public; Owner: postgres
--

ALTER TABLE public.cuenta_modulo ALTER COLUMN id ADD GENERATED BY DEFAULT AS IDENTITY (
    SEQUENCE NAME public.cuenta_modulo_id_seq
    START WITH 1
    INCREMENT BY 1
    NO MINVALUE
    NO MAXVALUE
    CACHE 1
);


--
-- Name: cuenta_user; Type: TABLE; Schema: public; Owner: postgres
--

CREATE TABLE public.cuenta_user (
    id bigint NOT NULL,
    password character varying(128) NOT NULL,
    last_login timestamp with time zone,
    is_superuser boolean NOT NULL,
    username character varying(150) NOT NULL,
    first_name character varying(150) NOT NULL,
    last_name character varying(150) NOT NULL,
    email character varying(254) NOT NULL,
    is_staff boolean NOT NULL,
    is_active boolean NOT NULL,
    date_joined timestamp with time zone NOT NULL,
    "codigoAsesor" character varying(100),
    "isAdmin" boolean NOT NULL,
    estado_id character varying(1)
);


ALTER TABLE public.cuenta_user OWNER TO postgres;

--
-- Name: cuenta_user_groups; Type: TABLE; Schema: public; Owner: postgres
--

CREATE TABLE public.cuenta_user_groups (
    id bigint NOT NULL,
    user_id bigint NOT NULL,
    group_id integer NOT NULL
);


ALTER TABLE public.cuenta_user_groups OWNER TO postgres;

--
-- Name: cuenta_user_groups_id_seq; Type: SEQUENCE; Schema: public; Owner: postgres
--

ALTER TABLE public.cuenta_user_groups ALTER COLUMN id ADD GENERATED BY DEFAULT AS IDENTITY (
    SEQUENCE NAME public.cuenta_user_groups_id_seq
    START WITH 1
    INCREMENT BY 1
    NO MINVALUE
    NO MAXVALUE
    CACHE 1
);


--
-- Name: cuenta_user_id_seq; Type: SEQUENCE; Schema: public; Owner: postgres
--

ALTER TABLE public.cuenta_user ALTER COLUMN id ADD GENERATED BY DEFAULT AS IDENTITY (
    SEQUENCE NAME public.cuenta_user_id_seq
    START WITH 1
    INCREMENT BY 1
    NO MINVALUE
    NO MAXVALUE
    CACHE 1
);


--
-- Name: cuenta_user_user_permissions; Type: TABLE; Schema: public; Owner: postgres
--

CREATE TABLE public.cuenta_user_user_permissions (
    id bigint NOT NULL,
    user_id bigint NOT NULL,
    permission_id integer NOT NULL
);


ALTER TABLE public.cuenta_user_user_permissions OWNER TO postgres;

--
-- Name: cuenta_user_user_permissions_id_seq; Type: SEQUENCE; Schema: public; Owner: postgres
--

ALTER TABLE public.cuenta_user_user_permissions ALTER COLUMN id ADD GENERATED BY DEFAULT AS IDENTITY (
    SEQUENCE NAME public.cuenta_user_user_permissions_id_seq
    START WITH 1
    INCREMENT BY 1
    NO MINVALUE
    NO MAXVALUE
    CACHE 1
);


--
-- Name: django_admin_log; Type: TABLE; Schema: public; Owner: postgres
--

CREATE TABLE public.django_admin_log (
    id integer NOT NULL,
    action_time timestamp with time zone NOT NULL,
    object_id text,
    object_repr character varying(200) NOT NULL,
    action_flag smallint NOT NULL,
    change_message text NOT NULL,
    content_type_id integer,
    user_id bigint NOT NULL,
    CONSTRAINT django_admin_log_action_flag_check CHECK ((action_flag >= 0))
);


ALTER TABLE public.django_admin_log OWNER TO postgres;

--
-- Name: django_admin_log_id_seq; Type: SEQUENCE; Schema: public; Owner: postgres
--

ALTER TABLE public.django_admin_log ALTER COLUMN id ADD GENERATED BY DEFAULT AS IDENTITY (
    SEQUENCE NAME public.django_admin_log_id_seq
    START WITH 1
    INCREMENT BY 1
    NO MINVALUE
    NO MAXVALUE
    CACHE 1
);


--
-- Name: django_celery_beat_clockedschedule; Type: TABLE; Schema: public; Owner: postgres
--

CREATE TABLE public.django_celery_beat_clockedschedule (
    id integer NOT NULL,
    clocked_time timestamp with time zone NOT NULL
);


ALTER TABLE public.django_celery_beat_clockedschedule OWNER TO postgres;

--
-- Name: django_celery_beat_clockedschedule_id_seq; Type: SEQUENCE; Schema: public; Owner: postgres
--

ALTER TABLE public.django_celery_beat_clockedschedule ALTER COLUMN id ADD GENERATED BY DEFAULT AS IDENTITY (
    SEQUENCE NAME public.django_celery_beat_clockedschedule_id_seq
    START WITH 1
    INCREMENT BY 1
    NO MINVALUE
    NO MAXVALUE
    CACHE 1
);


--
-- Name: django_celery_beat_crontabschedule; Type: TABLE; Schema: public; Owner: postgres
--

CREATE TABLE public.django_celery_beat_crontabschedule (
    id integer NOT NULL,
    minute character varying(240) NOT NULL,
    hour character varying(96) NOT NULL,
    day_of_week character varying(64) NOT NULL,
    day_of_month character varying(124) NOT NULL,
    month_of_year character varying(64) NOT NULL,
    timezone character varying(63) NOT NULL
);


ALTER TABLE public.django_celery_beat_crontabschedule OWNER TO postgres;

--
-- Name: django_celery_beat_crontabschedule_id_seq; Type: SEQUENCE; Schema: public; Owner: postgres
--

ALTER TABLE public.django_celery_beat_crontabschedule ALTER COLUMN id ADD GENERATED BY DEFAULT AS IDENTITY (
    SEQUENCE NAME public.django_celery_beat_crontabschedule_id_seq
    START WITH 1
    INCREMENT BY 1
    NO MINVALUE
    NO MAXVALUE
    CACHE 1
);


--
-- Name: django_celery_beat_intervalschedule; Type: TABLE; Schema: public; Owner: postgres
--

CREATE TABLE public.django_celery_beat_intervalschedule (
    id integer NOT NULL,
    every integer NOT NULL,
    period character varying(24) NOT NULL
);


ALTER TABLE public.django_celery_beat_intervalschedule OWNER TO postgres;

--
-- Name: django_celery_beat_intervalschedule_id_seq; Type: SEQUENCE; Schema: public; Owner: postgres
--

ALTER TABLE public.django_celery_beat_intervalschedule ALTER COLUMN id ADD GENERATED BY DEFAULT AS IDENTITY (
    SEQUENCE NAME public.django_celery_beat_intervalschedule_id_seq
    START WITH 1
    INCREMENT BY 1
    NO MINVALUE
    NO MAXVALUE
    CACHE 1
);


--
-- Name: django_celery_beat_periodictask; Type: TABLE; Schema: public; Owner: postgres
--

CREATE TABLE public.django_celery_beat_periodictask (
    id integer NOT NULL,
    name character varying(200) NOT NULL,
    task character varying(200) NOT NULL,
    args text NOT NULL,
    kwargs text NOT NULL,
    queue character varying(200),
    exchange character varying(200),
    routing_key character varying(200),
    expires timestamp with time zone,
    enabled boolean NOT NULL,
    last_run_at timestamp with time zone,
    total_run_count integer NOT NULL,
    date_changed timestamp with time zone NOT NULL,
    description text NOT NULL,
    crontab_id integer,
    interval_id integer,
    solar_id integer,
    one_off boolean NOT NULL,
    start_time timestamp with time zone,
    priority integer,
    headers text NOT NULL,
    clocked_id integer,
    expire_seconds integer,
    CONSTRAINT django_celery_beat_periodictask_expire_seconds_check CHECK ((expire_seconds >= 0)),
    CONSTRAINT django_celery_beat_periodictask_priority_check CHECK ((priority >= 0)),
    CONSTRAINT django_celery_beat_periodictask_total_run_count_check CHECK ((total_run_count >= 0))
);


ALTER TABLE public.django_celery_beat_periodictask OWNER TO postgres;

--
-- Name: django_celery_beat_periodictask_id_seq; Type: SEQUENCE; Schema: public; Owner: postgres
--

ALTER TABLE public.django_celery_beat_periodictask ALTER COLUMN id ADD GENERATED BY DEFAULT AS IDENTITY (
    SEQUENCE NAME public.django_celery_beat_periodictask_id_seq
    START WITH 1
    INCREMENT BY 1
    NO MINVALUE
    NO MAXVALUE
    CACHE 1
);


--
-- Name: django_celery_beat_periodictasks; Type: TABLE; Schema: public; Owner: postgres
--

CREATE TABLE public.django_celery_beat_periodictasks (
    ident smallint NOT NULL,
    last_update timestamp with time zone NOT NULL
);


ALTER TABLE public.django_celery_beat_periodictasks OWNER TO postgres;

--
-- Name: django_celery_beat_solarschedule; Type: TABLE; Schema: public; Owner: postgres
--

CREATE TABLE public.django_celery_beat_solarschedule (
    id integer NOT NULL,
    event character varying(24) NOT NULL,
    latitude numeric(9,6) NOT NULL,
    longitude numeric(9,6) NOT NULL
);


ALTER TABLE public.django_celery_beat_solarschedule OWNER TO postgres;

--
-- Name: django_celery_beat_solarschedule_id_seq; Type: SEQUENCE; Schema: public; Owner: postgres
--

ALTER TABLE public.django_celery_beat_solarschedule ALTER COLUMN id ADD GENERATED BY DEFAULT AS IDENTITY (
    SEQUENCE NAME public.django_celery_beat_solarschedule_id_seq
    START WITH 1
    INCREMENT BY 1
    NO MINVALUE
    NO MAXVALUE
    CACHE 1
);


--
-- Name: django_content_type; Type: TABLE; Schema: public; Owner: postgres
--

CREATE TABLE public.django_content_type (
    id integer NOT NULL,
    app_label character varying(100) NOT NULL,
    model character varying(100) NOT NULL
);


ALTER TABLE public.django_content_type OWNER TO postgres;

--
-- Name: django_content_type_id_seq; Type: SEQUENCE; Schema: public; Owner: postgres
--

ALTER TABLE public.django_content_type ALTER COLUMN id ADD GENERATED BY DEFAULT AS IDENTITY (
    SEQUENCE NAME public.django_content_type_id_seq
    START WITH 1
    INCREMENT BY 1
    NO MINVALUE
    NO MAXVALUE
    CACHE 1
);


--
-- Name: django_migrations; Type: TABLE; Schema: public; Owner: postgres
--

CREATE TABLE public.django_migrations (
    id bigint NOT NULL,
    app character varying(255) NOT NULL,
    name character varying(255) NOT NULL,
    applied timestamp with time zone NOT NULL
);


ALTER TABLE public.django_migrations OWNER TO postgres;

--
-- Name: django_migrations_id_seq; Type: SEQUENCE; Schema: public; Owner: postgres
--

ALTER TABLE public.django_migrations ALTER COLUMN id ADD GENERATED BY DEFAULT AS IDENTITY (
    SEQUENCE NAME public.django_migrations_id_seq
    START WITH 1
    INCREMENT BY 1
    NO MINVALUE
    NO MAXVALUE
    CACHE 1
);


--
-- Name: django_session; Type: TABLE; Schema: public; Owner: postgres
--

CREATE TABLE public.django_session (
    session_key character varying(40) NOT NULL,
    session_data text NOT NULL,
    expire_date timestamp with time zone NOT NULL
);


ALTER TABLE public.django_session OWNER TO postgres;

--
-- Name: marketing_campania; Type: TABLE; Schema: public; Owner: postgres
--

CREATE TABLE public.marketing_campania (
    id bigint NOT NULL,
    nombre character varying(100),
    organico boolean NOT NULL,
    codigo character varying(100),
    fecha_estimada date,
    fecha_cierre date,
    "coste_realSoles" double precision NOT NULL,
    "coste_realDolares" double precision NOT NULL,
    descripcion text,
    fecha_creacion timestamp with time zone NOT NULL,
    fecha_actualizacion timestamp with time zone NOT NULL,
    categoria_id bigint NOT NULL,
    estado_id character varying(1),
    proyecto_id bigint NOT NULL,
    "usuarioActualizador_id" bigint,
    "usuarioCreador_id" bigint
);


ALTER TABLE public.marketing_campania OWNER TO postgres;

--
-- Name: marketing_campania_id_seq; Type: SEQUENCE; Schema: public; Owner: postgres
--

ALTER TABLE public.marketing_campania ALTER COLUMN id ADD GENERATED BY DEFAULT AS IDENTITY (
    SEQUENCE NAME public.marketing_campania_id_seq
    START WITH 1
    INCREMENT BY 1
    NO MINVALUE
    NO MAXVALUE
    CACHE 1
);


--
-- Name: marketing_categoria; Type: TABLE; Schema: public; Owner: postgres
--

CREATE TABLE public.marketing_categoria (
    id bigint NOT NULL,
    nombre character varying(100) NOT NULL,
    codigo character varying(100) NOT NULL,
    estado_id character varying(1)
);


ALTER TABLE public.marketing_categoria OWNER TO postgres;

--
-- Name: marketing_categoria_id_seq; Type: SEQUENCE; Schema: public; Owner: postgres
--

ALTER TABLE public.marketing_categoria ALTER COLUMN id ADD GENERATED BY DEFAULT AS IDENTITY (
    SEQUENCE NAME public.marketing_categoria_id_seq
    START WITH 1
    INCREMENT BY 1
    NO MINVALUE
    NO MAXVALUE
    CACHE 1
);


--
-- Name: marketing_gastocampania; Type: TABLE; Schema: public; Owner: postgres
--

CREATE TABLE public.marketing_gastocampania (
    id bigint NOT NULL,
    "gastoSoles" double precision NOT NULL,
    "gastoDolares" double precision NOT NULL,
    "tipoCambioSoles" double precision NOT NULL,
    "fechaGasto" date NOT NULL,
    fecha_creacion timestamp with time zone NOT NULL,
    fecha_actualizacion timestamp with time zone NOT NULL,
    campania_id bigint NOT NULL,
    estado_id character varying(1),
    "presupuestoProyecto_id" bigint NOT NULL,
    "usuarioActualizador_id" bigint,
    "usuarioCreador_id" bigint
);


ALTER TABLE public.marketing_gastocampania OWNER TO postgres;

--
-- Name: marketing_gastocampania_id_seq; Type: SEQUENCE; Schema: public; Owner: postgres
--

ALTER TABLE public.marketing_gastocampania ALTER COLUMN id ADD GENERATED BY DEFAULT AS IDENTITY (
    SEQUENCE NAME public.marketing_gastocampania_id_seq
    START WITH 1
    INCREMENT BY 1
    NO MINVALUE
    NO MAXVALUE
    CACHE 1
);


--
-- Name: marketing_presupuestoproyecto; Type: TABLE; Schema: public; Owner: postgres
--

CREATE TABLE public.marketing_presupuestoproyecto (
    id bigint NOT NULL,
    "presupuestoSoles" double precision NOT NULL,
    "gastoTotalCampaniasSoles" double precision NOT NULL,
    "presupuestoDolares" double precision NOT NULL,
    "gastoTotalCampaniasDolares" double precision NOT NULL,
    "tipoCambioSoles" double precision NOT NULL,
    "fechaPresupuesto" date NOT NULL,
    fecha_creacion timestamp with time zone NOT NULL,
    fecha_actualizacion timestamp with time zone NOT NULL,
    estado_id character varying(1),
    proyecto_id bigint NOT NULL,
    "usuarioActualizador_id" bigint,
    "usuarioCreador_id" bigint
);


ALTER TABLE public.marketing_presupuestoproyecto OWNER TO postgres;

--
-- Name: marketing_presupuestoproyecto_id_seq; Type: SEQUENCE; Schema: public; Owner: postgres
--

ALTER TABLE public.marketing_presupuestoproyecto ALTER COLUMN id ADD GENERATED BY DEFAULT AS IDENTITY (
    SEQUENCE NAME public.marketing_presupuestoproyecto_id_seq
    START WITH 1
    INCREMENT BY 1
    NO MINVALUE
    NO MAXVALUE
    CACHE 1
);


--
-- Name: marketing_proyecto; Type: TABLE; Schema: public; Owner: postgres
--

CREATE TABLE public.marketing_proyecto (
    id bigint NOT NULL,
    nombre character varying(100),
    ubicacion character varying(100),
    codigo character varying(10) NOT NULL,
    descripcion text,
    fecha_creacion timestamp with time zone NOT NULL,
    fecha_actualizacion timestamp with time zone NOT NULL,
    estado_id character varying(1),
    "usuarioActualizador_id" bigint,
    "usuarioCreador_id" bigint
);


ALTER TABLE public.marketing_proyecto OWNER TO postgres;

--
-- Name: marketing_proyecto_id_seq; Type: SEQUENCE; Schema: public; Owner: postgres
--

ALTER TABLE public.marketing_proyecto ALTER COLUMN id ADD GENERATED BY DEFAULT AS IDENTITY (
    SEQUENCE NAME public.marketing_proyecto_id_seq
    START WITH 1
    INCREMENT BY 1
    NO MINVALUE
    NO MAXVALUE
    CACHE 1
);


--
-- Name: multimedia_imagenproducto; Type: TABLE; Schema: public; Owner: postgres
--

CREATE TABLE public.multimedia_imagenproducto (
    id bigint NOT NULL,
    imagen character varying(100),
    producto_id bigint NOT NULL
);


ALTER TABLE public.multimedia_imagenproducto OWNER TO postgres;

--
-- Name: multimedia_imagenproducto_id_seq; Type: SEQUENCE; Schema: public; Owner: postgres
--

ALTER TABLE public.multimedia_imagenproducto ALTER COLUMN id ADD GENERATED BY DEFAULT AS IDENTITY (
    SEQUENCE NAME public.multimedia_imagenproducto_id_seq
    START WITH 1
    INCREMENT BY 1
    NO MINVALUE
    NO MAXVALUE
    CACHE 1
);


--
-- Name: multimedia_imagenproyecto; Type: TABLE; Schema: public; Owner: postgres
--

CREATE TABLE public.multimedia_imagenproyecto (
    id bigint NOT NULL,
    imagen character varying(100),
    proyecto_id bigint NOT NULL
);


ALTER TABLE public.multimedia_imagenproyecto OWNER TO postgres;

--
-- Name: multimedia_imagenproyecto_id_seq; Type: SEQUENCE; Schema: public; Owner: postgres
--

ALTER TABLE public.multimedia_imagenproyecto ALTER COLUMN id ADD GENERATED BY DEFAULT AS IDENTITY (
    SEQUENCE NAME public.multimedia_imagenproyecto_id_seq
    START WITH 1
    INCREMENT BY 1
    NO MINVALUE
    NO MAXVALUE
    CACHE 1
);


--
-- Name: multimedia_videoproducto; Type: TABLE; Schema: public; Owner: postgres
--

CREATE TABLE public.multimedia_videoproducto (
    id bigint NOT NULL,
    video character varying(100),
    producto_id bigint NOT NULL
);


ALTER TABLE public.multimedia_videoproducto OWNER TO postgres;

--
-- Name: multimedia_videoproducto_id_seq; Type: SEQUENCE; Schema: public; Owner: postgres
--

ALTER TABLE public.multimedia_videoproducto ALTER COLUMN id ADD GENERATED BY DEFAULT AS IDENTITY (
    SEQUENCE NAME public.multimedia_videoproducto_id_seq
    START WITH 1
    INCREMENT BY 1
    NO MINVALUE
    NO MAXVALUE
    CACHE 1
);


--
-- Name: multimedia_videoproyecto; Type: TABLE; Schema: public; Owner: postgres
--

CREATE TABLE public.multimedia_videoproyecto (
    id bigint NOT NULL,
    video character varying(100),
    proyecto_id bigint NOT NULL
);


ALTER TABLE public.multimedia_videoproyecto OWNER TO postgres;

--
-- Name: multimedia_videoproyecto_id_seq; Type: SEQUENCE; Schema: public; Owner: postgres
--

ALTER TABLE public.multimedia_videoproyecto ALTER COLUMN id ADD GENERATED BY DEFAULT AS IDENTITY (
    SEQUENCE NAME public.multimedia_videoproyecto_id_seq
    START WITH 1
    INCREMENT BY 1
    NO MINVALUE
    NO MAXVALUE
    CACHE 1
);


--
-- Name: token_blacklist_blacklistedtoken; Type: TABLE; Schema: public; Owner: postgres
--

CREATE TABLE public.token_blacklist_blacklistedtoken (
    id bigint NOT NULL,
    blacklisted_at timestamp with time zone NOT NULL,
    token_id bigint NOT NULL
);


ALTER TABLE public.token_blacklist_blacklistedtoken OWNER TO postgres;

--
-- Name: token_blacklist_blacklistedtoken_id_seq; Type: SEQUENCE; Schema: public; Owner: postgres
--

ALTER TABLE public.token_blacklist_blacklistedtoken ALTER COLUMN id ADD GENERATED BY DEFAULT AS IDENTITY (
    SEQUENCE NAME public.token_blacklist_blacklistedtoken_id_seq
    START WITH 1
    INCREMENT BY 1
    NO MINVALUE
    NO MAXVALUE
    CACHE 1
);


--
-- Name: token_blacklist_outstandingtoken; Type: TABLE; Schema: public; Owner: postgres
--

CREATE TABLE public.token_blacklist_outstandingtoken (
    id bigint NOT NULL,
    token text NOT NULL,
    created_at timestamp with time zone,
    expires_at timestamp with time zone NOT NULL,
    user_id bigint,
    jti character varying(255) NOT NULL
);


ALTER TABLE public.token_blacklist_outstandingtoken OWNER TO postgres;

--
-- Name: token_blacklist_outstandingtoken_id_seq; Type: SEQUENCE; Schema: public; Owner: postgres
--

ALTER TABLE public.token_blacklist_outstandingtoken ALTER COLUMN id ADD GENERATED BY DEFAULT AS IDENTITY (
    SEQUENCE NAME public.token_blacklist_outstandingtoken_id_seq
    START WITH 1
    INCREMENT BY 1
    NO MINVALUE
    NO MAXVALUE
    CACHE 1
);


--
-- Name: ventas_cotizacion; Type: TABLE; Schema: public; Owner: postgres
--

CREATE TABLE public.ventas_cotizacion (
    id bigint NOT NULL,
    nombre character varying(100) NOT NULL,
    fecha timestamp with time zone,
    duracion integer,
    estado_id character varying(1),
    proyecto_id bigint,
    tipo_id bigint
);


ALTER TABLE public.ventas_cotizacion OWNER TO postgres;

--
-- Name: ventas_cotizacion_id_seq; Type: SEQUENCE; Schema: public; Owner: postgres
--

ALTER TABLE public.ventas_cotizacion ALTER COLUMN id ADD GENERATED BY DEFAULT AS IDENTITY (
    SEQUENCE NAME public.ventas_cotizacion_id_seq
    START WITH 1
    INCREMENT BY 1
    NO MINVALUE
    NO MAXVALUE
    CACHE 1
);


--
-- Name: ventas_cuota; Type: TABLE; Schema: public; Owner: postgres
--

CREATE TABLE public.ventas_cuota (
    id bigint NOT NULL,
    numero integer,
    tiempo integer,
    porcentaje double precision,
    fecha timestamp with time zone,
    cotizacion_id bigint,
    estado_id character varying(1),
    tipo_id bigint
);


ALTER TABLE public.ventas_cuota OWNER TO postgres;

--
-- Name: ventas_cuota_id_seq; Type: SEQUENCE; Schema: public; Owner: postgres
--

ALTER TABLE public.ventas_cuota ALTER COLUMN id ADD GENERATED BY DEFAULT AS IDENTITY (
    SEQUENCE NAME public.ventas_cuota_id_seq
    START WITH 1
    INCREMENT BY 1
    NO MINVALUE
    NO MAXVALUE
    CACHE 1
);


--
-- Name: ventas_desasignacionconfiguracion; Type: TABLE; Schema: public; Owner: postgres
--

CREATE TABLE public.ventas_desasignacionconfiguracion (
    id bigint NOT NULL,
    rango integer NOT NULL
);


ALTER TABLE public.ventas_desasignacionconfiguracion OWNER TO postgres;

--
-- Name: ventas_desasignacionconfiguracion_id_seq; Type: SEQUENCE; Schema: public; Owner: postgres
--

ALTER TABLE public.ventas_desasignacionconfiguracion ALTER COLUMN id ADD GENERATED BY DEFAULT AS IDENTITY (
    SEQUENCE NAME public.ventas_desasignacionconfiguracion_id_seq
    START WITH 1
    INCREMENT BY 1
    NO MINVALUE
    NO MAXVALUE
    CACHE 1
);


--
-- Name: ventas_desasignacionleadasesor; Type: TABLE; Schema: public; Owner: postgres
--

CREATE TABLE public.ventas_desasignacionleadasesor (
    id bigint NOT NULL,
    fecha timestamp with time zone NOT NULL,
    lead_id bigint,
    usuario_id bigint
);


ALTER TABLE public.ventas_desasignacionleadasesor OWNER TO postgres;

--
-- Name: ventas_desasignacionleadasesor_id_seq; Type: SEQUENCE; Schema: public; Owner: postgres
--

ALTER TABLE public.ventas_desasignacionleadasesor ALTER COLUMN id ADD GENERATED BY DEFAULT AS IDENTITY (
    SEQUENCE NAME public.ventas_desasignacionleadasesor_id_seq
    START WITH 1
    INCREMENT BY 1
    NO MINVALUE
    NO MAXVALUE
    CACHE 1
);


--
-- Name: ventas_estadoevento; Type: TABLE; Schema: public; Owner: postgres
--

CREATE TABLE public.ventas_estadoevento (
    id bigint NOT NULL,
    nombre character varying(20),
    estado_id character varying(1)
);


ALTER TABLE public.ventas_estadoevento OWNER TO postgres;

--
-- Name: ventas_estadoevento_id_seq; Type: SEQUENCE; Schema: public; Owner: postgres
--

ALTER TABLE public.ventas_estadoevento ALTER COLUMN id ADD GENERATED BY DEFAULT AS IDENTITY (
    SEQUENCE NAME public.ventas_estadoevento_id_seq
    START WITH 1
    INCREMENT BY 1
    NO MINVALUE
    NO MAXVALUE
    CACHE 1
);


--
-- Name: ventas_estadolead; Type: TABLE; Schema: public; Owner: postgres
--

CREATE TABLE public.ventas_estadolead (
    nombre character varying(2) NOT NULL,
    descripcion character varying(50),
    color character varying(10) NOT NULL,
    estado_id character varying(1)
);


ALTER TABLE public.ventas_estadolead OWNER TO postgres;

--
-- Name: ventas_estadoseparacionlead; Type: TABLE; Schema: public; Owner: postgres
--

CREATE TABLE public.ventas_estadoseparacionlead (
    id bigint NOT NULL,
    nombre character varying(20) NOT NULL,
    color character varying(10) NOT NULL,
    estado_id character varying(1)
);


ALTER TABLE public.ventas_estadoseparacionlead OWNER TO postgres;

--
-- Name: ventas_estadoseparacionlead_id_seq; Type: SEQUENCE; Schema: public; Owner: postgres
--

ALTER TABLE public.ventas_estadoseparacionlead ALTER COLUMN id ADD GENERATED BY DEFAULT AS IDENTITY (
    SEQUENCE NAME public.ventas_estadoseparacionlead_id_seq
    START WITH 1
    INCREMENT BY 1
    NO MINVALUE
    NO MAXVALUE
    CACHE 1
);


--
-- Name: ventas_evento; Type: TABLE; Schema: public; Owner: postgres
--

CREATE TABLE public.ventas_evento (
    id bigint NOT NULL,
    titulo character varying(100),
    duracion integer NOT NULL,
    fecha_visita timestamp with time zone NOT NULL,
    observacion text,
    fecha_creacion timestamp with time zone NOT NULL,
    fecha_actualizacion timestamp with time zone NOT NULL,
    separado boolean NOT NULL,
    asesor_id bigint NOT NULL,
    estado_id character varying(1),
    "estadoEvento_id" bigint,
    lead_id bigint,
    objecion_id bigint,
    tipo_id bigint,
    "usuarioActualizador_id" bigint,
    "usuarioCreador_id" bigint
);


ALTER TABLE public.ventas_evento OWNER TO postgres;

--
-- Name: ventas_evento_id_seq; Type: SEQUENCE; Schema: public; Owner: postgres
--

ALTER TABLE public.ventas_evento ALTER COLUMN id ADD GENERATED BY DEFAULT AS IDENTITY (
    SEQUENCE NAME public.ventas_evento_id_seq
    START WITH 1
    INCREMENT BY 1
    NO MINVALUE
    NO MAXVALUE
    CACHE 1
);


--
-- Name: ventas_historicoleadasesor; Type: TABLE; Schema: public; Owner: postgres
--

CREATE TABLE public.ventas_historicoleadasesor (
    id bigint NOT NULL,
    fecha_creacion timestamp with time zone NOT NULL,
    lead_id bigint,
    usuario_id bigint
);


ALTER TABLE public.ventas_historicoleadasesor OWNER TO postgres;

--
-- Name: ventas_historicoleadasesor_id_seq; Type: SEQUENCE; Schema: public; Owner: postgres
--

ALTER TABLE public.ventas_historicoleadasesor ALTER COLUMN id ADD GENERATED BY DEFAULT AS IDENTITY (
    SEQUENCE NAME public.ventas_historicoleadasesor_id_seq
    START WITH 1
    INCREMENT BY 1
    NO MINVALUE
    NO MAXVALUE
    CACHE 1
);


--
-- Name: ventas_lead; Type: TABLE; Schema: public; Owner: postgres
--

CREATE TABLE public.ventas_lead (
    id bigint NOT NULL,
    nombre character varying(100) NOT NULL,
    apellido character varying(100) NOT NULL,
    asignado boolean NOT NULL,
    celular character varying(100) NOT NULL,
    celular2 character varying,
    comentario text NOT NULL,
    "horaRecepcion" timestamp with time zone,
    llamar boolean NOT NULL,
    importante boolean NOT NULL,
    fecha_asignacion timestamp with time zone,
    fecha_desasignacion timestamp with time zone,
    "recienCreado" boolean NOT NULL,
    fecha_creacion timestamp with time zone NOT NULL,
    fecha_actualizacion timestamp with time zone NOT NULL,
    asesor_id bigint,
    campania_id bigint NOT NULL,
    estado_id character varying(1),
    "estadoLead_id" character varying(2),
    objecion_id bigint,
    "usuarioActualizador_id" bigint,
    "usuarioCreador_id" bigint,
    "estadoSeparacionLead_id" bigint
);


ALTER TABLE public.ventas_lead OWNER TO postgres;

--
-- Name: ventas_lead_id_seq; Type: SEQUENCE; Schema: public; Owner: postgres
--

ALTER TABLE public.ventas_lead ALTER COLUMN id ADD GENERATED BY DEFAULT AS IDENTITY (
    SEQUENCE NAME public.ventas_lead_id_seq
    START WITH 1
    INCREMENT BY 1
    NO MINVALUE
    NO MAXVALUE
    CACHE 1
);


--
-- Name: ventas_llamada; Type: TABLE; Schema: public; Owner: postgres
--

CREATE TABLE public.ventas_llamada (
    id bigint NOT NULL,
    detalle text,
    contesto boolean NOT NULL,
    fecha_creacion timestamp with time zone NOT NULL,
    fecha_actualizacion timestamp with time zone NOT NULL,
    asesor_id bigint,
    estado_id character varying(1),
    lead_id bigint,
    objecion_id bigint,
    "usuarioActualizador_id" bigint,
    "usuarioCreador_id" bigint
);


ALTER TABLE public.ventas_llamada OWNER TO postgres;

--
-- Name: ventas_llamada_id_seq; Type: SEQUENCE; Schema: public; Owner: postgres
--

ALTER TABLE public.ventas_llamada ALTER COLUMN id ADD GENERATED BY DEFAULT AS IDENTITY (
    SEQUENCE NAME public.ventas_llamada_id_seq
    START WITH 1
    INCREMENT BY 1
    NO MINVALUE
    NO MAXVALUE
    CACHE 1
);


--
-- Name: ventas_objecion; Type: TABLE; Schema: public; Owner: postgres
--

CREATE TABLE public.ventas_objecion (
    id bigint NOT NULL,
    nombre character varying(100),
    estado_id character varying(1)
);


ALTER TABLE public.ventas_objecion OWNER TO postgres;

--
-- Name: ventas_objecion_id_seq; Type: SEQUENCE; Schema: public; Owner: postgres
--

ALTER TABLE public.ventas_objecion ALTER COLUMN id ADD GENERATED BY DEFAULT AS IDENTITY (
    SEQUENCE NAME public.ventas_objecion_id_seq
    START WITH 1
    INCREMENT BY 1
    NO MINVALUE
    NO MAXVALUE
    CACHE 1
);


--
-- Name: ventas_precio; Type: TABLE; Schema: public; Owner: postgres
--

CREATE TABLE public.ventas_precio (
    id bigint NOT NULL,
    precio double precision,
    cotizacion_id bigint,
    estado_id character varying(1),
    "tipoProducto_id" bigint
);


ALTER TABLE public.ventas_precio OWNER TO postgres;

--
-- Name: ventas_precio_id_seq; Type: SEQUENCE; Schema: public; Owner: postgres
--

ALTER TABLE public.ventas_precio ALTER COLUMN id ADD GENERATED BY DEFAULT AS IDENTITY (
    SEQUENCE NAME public.ventas_precio_id_seq
    START WITH 1
    INCREMENT BY 1
    NO MINVALUE
    NO MAXVALUE
    CACHE 1
);


--
-- Name: ventas_producto; Type: TABLE; Schema: public; Owner: postgres
--

CREATE TABLE public.ventas_producto (
    id bigint NOT NULL,
    nombre character varying(100) NOT NULL,
    codigo character varying(100) NOT NULL,
    reservado boolean NOT NULL,
    numero integer,
    area double precision,
    fecha_creacion timestamp with time zone NOT NULL,
    fecha_actualizacion timestamp with time zone NOT NULL,
    estado_id character varying(1),
    proyecto_id bigint NOT NULL,
    tipo_id bigint NOT NULL,
    "usuarioActualizador_id" bigint,
    "usuarioCreador_id" bigint
);


ALTER TABLE public.ventas_producto OWNER TO postgres;

--
-- Name: ventas_producto_id_seq; Type: SEQUENCE; Schema: public; Owner: postgres
--

ALTER TABLE public.ventas_producto ALTER COLUMN id ADD GENERATED BY DEFAULT AS IDENTITY (
    SEQUENCE NAME public.ventas_producto_id_seq
    START WITH 1
    INCREMENT BY 1
    NO MINVALUE
    NO MAXVALUE
    CACHE 1
);


--
-- Name: ventas_proyectotipoproducto; Type: TABLE; Schema: public; Owner: postgres
--

CREATE TABLE public.ventas_proyectotipoproducto (
    id bigint NOT NULL,
    proyecto_id bigint,
    tipo_producto_id bigint
);


ALTER TABLE public.ventas_proyectotipoproducto OWNER TO postgres;

--
-- Name: ventas_proyectotipoproducto_id_seq; Type: SEQUENCE; Schema: public; Owner: postgres
--

ALTER TABLE public.ventas_proyectotipoproducto ALTER COLUMN id ADD GENERATED BY DEFAULT AS IDENTITY (
    SEQUENCE NAME public.ventas_proyectotipoproducto_id_seq
    START WITH 1
    INCREMENT BY 1
    NO MINVALUE
    NO MAXVALUE
    CACHE 1
);


--
-- Name: ventas_tipocotizacion; Type: TABLE; Schema: public; Owner: postgres
--

CREATE TABLE public.ventas_tipocotizacion (
    id bigint NOT NULL,
    nombre character varying(100) NOT NULL,
    estado_id character varying(1)
);


ALTER TABLE public.ventas_tipocotizacion OWNER TO postgres;

--
-- Name: ventas_tipocotizacion_id_seq; Type: SEQUENCE; Schema: public; Owner: postgres
--

ALTER TABLE public.ventas_tipocotizacion ALTER COLUMN id ADD GENERATED BY DEFAULT AS IDENTITY (
    SEQUENCE NAME public.ventas_tipocotizacion_id_seq
    START WITH 1
    INCREMENT BY 1
    NO MINVALUE
    NO MAXVALUE
    CACHE 1
);


--
-- Name: ventas_tipocuota; Type: TABLE; Schema: public; Owner: postgres
--

CREATE TABLE public.ventas_tipocuota (
    id bigint NOT NULL,
    nombre character varying(100) NOT NULL,
    estado_id character varying(1)
);


ALTER TABLE public.ventas_tipocuota OWNER TO postgres;

--
-- Name: ventas_tipocuota_id_seq; Type: SEQUENCE; Schema: public; Owner: postgres
--

ALTER TABLE public.ventas_tipocuota ALTER COLUMN id ADD GENERATED BY DEFAULT AS IDENTITY (
    SEQUENCE NAME public.ventas_tipocuota_id_seq
    START WITH 1
    INCREMENT BY 1
    NO MINVALUE
    NO MAXVALUE
    CACHE 1
);


--
-- Name: ventas_tipoevento; Type: TABLE; Schema: public; Owner: postgres
--

CREATE TABLE public.ventas_tipoevento (
    id bigint NOT NULL,
    nombre character varying(100),
    estado_id character varying(1),
    color character varying(100)
);


ALTER TABLE public.ventas_tipoevento OWNER TO postgres;

--
-- Name: ventas_tipoevento_id_seq; Type: SEQUENCE; Schema: public; Owner: postgres
--

ALTER TABLE public.ventas_tipoevento ALTER COLUMN id ADD GENERATED BY DEFAULT AS IDENTITY (
    SEQUENCE NAME public.ventas_tipoevento_id_seq
    START WITH 1
    INCREMENT BY 1
    NO MINVALUE
    NO MAXVALUE
    CACHE 1
);


--
-- Name: ventas_tipoproducto; Type: TABLE; Schema: public; Owner: postgres
--

CREATE TABLE public.ventas_tipoproducto (
    id bigint NOT NULL,
    nombre character varying(100) NOT NULL,
    estado_id character varying(1)
);


ALTER TABLE public.ventas_tipoproducto OWNER TO postgres;

--
-- Name: ventas_tipoproducto_id_seq; Type: SEQUENCE; Schema: public; Owner: postgres
--

ALTER TABLE public.ventas_tipoproducto ALTER COLUMN id ADD GENERATED BY DEFAULT AS IDENTITY (
    SEQUENCE NAME public.ventas_tipoproducto_id_seq
    START WITH 1
    INCREMENT BY 1
    NO MINVALUE
    NO MAXVALUE
    CACHE 1
);


--
-- Name: ventas_whatsapp; Type: TABLE; Schema: public; Owner: postgres
--

CREATE TABLE public.ventas_whatsapp (
    id bigint NOT NULL,
    detalle text,
    respondio boolean NOT NULL,
    fecha_creacion timestamp with time zone NOT NULL,
    fecha_actualizacion timestamp with time zone NOT NULL,
    asesor_id bigint,
    estado_id character varying(1),
    lead_id bigint,
    objecion_id bigint,
    "usuarioActualizador_id" bigint,
    "usuarioCreador_id" bigint
);


ALTER TABLE public.ventas_whatsapp OWNER TO postgres;

--
-- Name: ventas_whatsapp_id_seq; Type: SEQUENCE; Schema: public; Owner: postgres
--

ALTER TABLE public.ventas_whatsapp ALTER COLUMN id ADD GENERATED BY DEFAULT AS IDENTITY (
    SEQUENCE NAME public.ventas_whatsapp_id_seq
    START WITH 1
    INCREMENT BY 1
    NO MINVALUE
    NO MAXVALUE
    CACHE 1
);


--
-- Data for Name: auth_group; Type: TABLE DATA; Schema: public; Owner: postgres
--

COPY public.auth_group (id, name) FROM stdin;
1	administrador
2	asesor
3	marketing
\.


--
-- Data for Name: auth_group_permissions; Type: TABLE DATA; Schema: public; Owner: postgres
--

COPY public.auth_group_permissions (id, group_id, permission_id) FROM stdin;
1	1	9
2	1	10
3	1	11
4	1	12
5	1	25
6	1	26
7	1	27
8	1	28
9	1	33
10	1	34
11	1	35
12	1	36
13	1	45
14	1	46
15	1	47
16	1	48
17	1	65
18	1	66
19	1	67
20	1	68
21	1	85
22	1	86
23	1	87
24	1	88
25	1	93
26	1	94
27	1	95
28	1	96
29	2	65
30	2	66
31	2	67
32	2	68
33	2	85
34	2	86
35	2	87
36	2	88
37	3	65
38	3	66
39	3	67
40	3	68
41	3	45
42	3	46
43	3	47
44	3	48
\.


--
-- Data for Name: auth_permission; Type: TABLE DATA; Schema: public; Owner: postgres
--

COPY public.auth_permission (id, name, content_type_id, codename) FROM stdin;
1	Can add log entry	1	add_logentry
2	Can change log entry	1	change_logentry
3	Can delete log entry	1	delete_logentry
4	Can view log entry	1	view_logentry
5	Can add permission	2	add_permission
6	Can change permission	2	change_permission
7	Can delete permission	2	delete_permission
8	Can view permission	2	view_permission
9	Can add group	3	add_group
10	Can change group	3	change_group
11	Can delete group	3	delete_group
12	Can view group	3	view_group
13	Can add content type	4	add_contenttype
14	Can change content type	4	change_contenttype
15	Can delete content type	4	delete_contenttype
16	Can view content type	4	view_contenttype
17	Can add session	5	add_session
18	Can change session	5	change_session
19	Can delete session	5	delete_session
20	Can view session	5	view_session
21	Can add estado registro	6	add_estadoregistro
22	Can change estado registro	6	change_estadoregistro
23	Can delete estado registro	6	delete_estadoregistro
24	Can view estado registro	6	view_estadoregistro
25	Can add user	7	add_user
26	Can change user	7	change_user
27	Can delete user	7	delete_user
28	Can view user	7	view_user
29	Can add modulo	8	add_modulo
30	Can change modulo	8	change_modulo
31	Can delete modulo	8	delete_modulo
32	Can view modulo	8	view_modulo
33	Can add proyecto	9	add_proyecto
34	Can change proyecto	9	change_proyecto
35	Can delete proyecto	9	delete_proyecto
36	Can view proyecto	9	view_proyecto
37	Can add presupuesto proyecto	10	add_presupuestoproyecto
38	Can change presupuesto proyecto	10	change_presupuestoproyecto
39	Can delete presupuesto proyecto	10	delete_presupuestoproyecto
40	Can view presupuesto proyecto	10	view_presupuestoproyecto
41	Can add categoria	11	add_categoria
42	Can change categoria	11	change_categoria
43	Can delete categoria	11	delete_categoria
44	Can view categoria	11	view_categoria
45	Can add campania	12	add_campania
46	Can change campania	12	change_campania
47	Can delete campania	12	delete_campania
48	Can view campania	12	view_campania
49	Can add gasto campania	13	add_gastocampania
50	Can change gasto campania	13	change_gastocampania
51	Can delete gasto campania	13	delete_gastocampania
52	Can view gasto campania	13	view_gastocampania
53	Can add tipo evento	14	add_tipoevento
54	Can change tipo evento	14	change_tipoevento
55	Can delete tipo evento	14	delete_tipoevento
56	Can view tipo evento	14	view_tipoevento
57	Can add objecion	15	add_objecion
58	Can change objecion	15	change_objecion
59	Can delete objecion	15	delete_objecion
60	Can view objecion	15	view_objecion
61	Can add estado lead	16	add_estadolead
62	Can change estado lead	16	change_estadolead
63	Can delete estado lead	16	delete_estadolead
64	Can view estado lead	16	view_estadolead
65	Can add lead	17	add_lead
66	Can change lead	17	change_lead
67	Can delete lead	17	delete_lead
68	Can view lead	17	view_lead
69	Can add whats app	18	add_whatsapp
70	Can change whats app	18	change_whatsapp
71	Can delete whats app	18	delete_whatsapp
72	Can view whats app	18	view_whatsapp
73	Can add historico lead asesor	19	add_historicoleadasesor
74	Can change historico lead asesor	19	change_historicoleadasesor
75	Can delete historico lead asesor	19	delete_historicoleadasesor
76	Can view historico lead asesor	19	view_historicoleadasesor
77	Can add llamada	20	add_llamada
78	Can change llamada	20	change_llamada
79	Can delete llamada	20	delete_llamada
80	Can view llamada	20	view_llamada
81	Can add estado evento	21	add_estadoevento
82	Can change estado evento	21	change_estadoevento
83	Can delete estado evento	21	delete_estadoevento
84	Can view estado evento	21	view_estadoevento
85	Can add evento	22	add_evento
86	Can change evento	22	change_evento
87	Can delete evento	22	delete_evento
88	Can view evento	22	view_evento
89	Can add tipo producto	23	add_tipoproducto
90	Can change tipo producto	23	change_tipoproducto
91	Can delete tipo producto	23	delete_tipoproducto
92	Can view tipo producto	23	view_tipoproducto
93	Can add producto	24	add_producto
94	Can change producto	24	change_producto
95	Can delete producto	24	delete_producto
96	Can view producto	24	view_producto
97	Can add tipo cotizacion	25	add_tipocotizacion
98	Can change tipo cotizacion	25	change_tipocotizacion
99	Can delete tipo cotizacion	25	delete_tipocotizacion
100	Can view tipo cotizacion	25	view_tipocotizacion
101	Can add cotizacion	26	add_cotizacion
102	Can change cotizacion	26	change_cotizacion
103	Can delete cotizacion	26	delete_cotizacion
104	Can view cotizacion	26	view_cotizacion
105	Can add tipo cuota	27	add_tipocuota
106	Can change tipo cuota	27	change_tipocuota
107	Can delete tipo cuota	27	delete_tipocuota
108	Can view tipo cuota	27	view_tipocuota
109	Can add cuota	28	add_cuota
110	Can change cuota	28	change_cuota
111	Can delete cuota	28	delete_cuota
112	Can view cuota	28	view_cuota
113	Can add precio	29	add_precio
114	Can change precio	29	change_precio
115	Can delete precio	29	delete_precio
116	Can view precio	29	view_precio
117	Can add proyecto tipo producto	30	add_proyectotipoproducto
118	Can change proyecto tipo producto	30	change_proyectotipoproducto
119	Can delete proyecto tipo producto	30	delete_proyectotipoproducto
120	Can view proyecto tipo producto	30	view_proyectotipoproducto
121	Can add desasignacion lead asesor	31	add_desasignacionleadasesor
122	Can change desasignacion lead asesor	31	change_desasignacionleadasesor
123	Can delete desasignacion lead asesor	31	delete_desasignacionleadasesor
124	Can view desasignacion lead asesor	31	view_desasignacionleadasesor
125	Can add desasignacion configuracion	32	add_desasignacionconfiguracion
126	Can change desasignacion configuracion	32	change_desasignacionconfiguracion
127	Can delete desasignacion configuracion	32	delete_desasignacionconfiguracion
128	Can view desasignacion configuracion	32	view_desasignacionconfiguracion
129	Can add video proyecto	33	add_videoproyecto
130	Can change video proyecto	33	change_videoproyecto
131	Can delete video proyecto	33	delete_videoproyecto
132	Can view video proyecto	33	view_videoproyecto
133	Can add video producto	34	add_videoproducto
134	Can change video producto	34	change_videoproducto
135	Can delete video producto	34	delete_videoproducto
136	Can view video producto	34	view_videoproducto
137	Can add imagen proyecto	35	add_imagenproyecto
138	Can change imagen proyecto	35	change_imagenproyecto
139	Can delete imagen proyecto	35	delete_imagenproyecto
140	Can view imagen proyecto	35	view_imagenproyecto
141	Can add imagen producto	36	add_imagenproducto
142	Can change imagen producto	36	change_imagenproducto
143	Can delete imagen producto	36	delete_imagenproducto
144	Can view imagen producto	36	view_imagenproducto
145	Can add outstanding token	37	add_outstandingtoken
146	Can change outstanding token	37	change_outstandingtoken
147	Can delete outstanding token	37	delete_outstandingtoken
148	Can view outstanding token	37	view_outstandingtoken
149	Can add blacklisted token	38	add_blacklistedtoken
150	Can change blacklisted token	38	change_blacklistedtoken
151	Can delete blacklisted token	38	delete_blacklistedtoken
152	Can view blacklisted token	38	view_blacklistedtoken
153	Can add solar event	39	add_solarschedule
154	Can change solar event	39	change_solarschedule
155	Can delete solar event	39	delete_solarschedule
156	Can view solar event	39	view_solarschedule
157	Can add interval	40	add_intervalschedule
158	Can change interval	40	change_intervalschedule
159	Can delete interval	40	delete_intervalschedule
160	Can view interval	40	view_intervalschedule
161	Can add clocked	41	add_clockedschedule
162	Can change clocked	41	change_clockedschedule
163	Can delete clocked	41	delete_clockedschedule
164	Can view clocked	41	view_clockedschedule
165	Can add crontab	42	add_crontabschedule
166	Can change crontab	42	change_crontabschedule
167	Can delete crontab	42	delete_crontabschedule
168	Can view crontab	42	view_crontabschedule
169	Can add periodic tasks	43	add_periodictasks
170	Can change periodic tasks	43	change_periodictasks
171	Can delete periodic tasks	43	delete_periodictasks
172	Can view periodic tasks	43	view_periodictasks
173	Can add periodic task	44	add_periodictask
174	Can change periodic task	44	change_periodictask
175	Can delete periodic task	44	delete_periodictask
176	Can view periodic task	44	view_periodictask
177	Can add estado separacion lead	45	add_estadoseparacionlead
178	Can change estado separacion lead	45	change_estadoseparacionlead
179	Can delete estado separacion lead	45	delete_estadoseparacionlead
180	Can view estado separacion lead	45	view_estadoseparacionlead
\.


--
-- Data for Name: cuenta_estadoregistro; Type: TABLE DATA; Schema: public; Owner: postgres
--

COPY public.cuenta_estadoregistro (estado, nombre) FROM stdin;
A	Activo
I	Inactivo
\.


--
-- Data for Name: cuenta_modulo; Type: TABLE DATA; Schema: public; Owner: postgres
--

COPY public.cuenta_modulo (id, nombre, url, "contentType_id", estado_id) FROM stdin;
1	Gestion de campa침as	campania	12	A
2	Gesti칩n de proyectos	proyecto	9	A
3	Gestion de roles	rol	3	A
4	Gesti칩n de productos	producto	24	A
5	Gesti칩n de leads	lead	17	A
6	Gestion de eventos	evento	22	A
7	Gestion de usuarios	usuario	7	A
\.


--
-- Data for Name: cuenta_user; Type: TABLE DATA; Schema: public; Owner: postgres
--

COPY public.cuenta_user (id, password, last_login, is_superuser, username, first_name, last_name, email, is_staff, is_active, date_joined, "codigoAsesor", "isAdmin", estado_id) FROM stdin;
15	pbkdf2_sha256$600000$hPlu0JAXKWLg7K76Hjim23$7IZX4Zp38G2OzU7FnVH1Dr54iATQoWIpF9dqAU7B8aQ=	\N	f	Asesor2	asesor	dos	bgomezv@unsa.edu.pe	f	t	2024-03-17 18:55:37.481999-05	asesor_b	f	A
17	pbkdf2_sha256$600000$oKqllJnzQfp5A23docKPp1$Nw3VIEt0D9hg1VJ05WXJ+zgnS2P+/SxMIPGB+DzzL0g=	\N	f	Asesor4	asesor	admin	bgomezv@unsa.edu.pe	f	t	2024-03-17 18:57:41.430455-05	asesor_d	t	A
18	pbkdf2_sha256$600000$rM9TnIytZR20uciYGZjWVd$bGpS2i2y1VK0sPnYoE0/BJS3xaT9VzrPmQ3V66ZUck4=	\N	f	Marketing1	marketing	uno	bgomezv@unsa.edu.pe	f	t	2024-03-17 18:58:17.075979-05	\N	t	A
16	pbkdf2_sha256$600000$LvwrCozWg9lxKgx0060HIs$EIFvmsJIEN10D+sMK0iWHhPB/TqHmk9FYqKplKn8/hU=	\N	f	Asesor3	asesor	tres	josephgvalfa@gmail.com	f	t	2024-03-17 18:56:48.564697-05	asesor_c	f	A
14	pbkdf2_sha256$600000$WdroI0KpaCmYStCsRMYFhc$/yrKx7x8IWO8oSWKTU8HIRkZRdc95TVVV79B8diFpso=	\N	f	Asesor1	asesor	unoooooo	josephgvalfa@gmail.com	f	t	2024-03-17 18:54:45.831635-05	asesor_a	f	A
1	pbkdf2_sha256$600000$lpiHqh7MMfv2Kq54oIsMCp$JzjEsJJUZmGoq6aFcQu9iH2QwjBuGviyk2/yffRwBsE=	2024-03-18 18:52:29.497102-05	t	portilloAdmin	Administrador Portillo			t	t	2024-03-17 17:49:39.532587-05	\N	f	A
\.


--
-- Data for Name: cuenta_user_groups; Type: TABLE DATA; Schema: public; Owner: postgres
--

COPY public.cuenta_user_groups (id, user_id, group_id) FROM stdin;
1	1	1
7	14	2
8	15	2
9	16	2
10	17	2
11	18	3
\.


--
-- Data for Name: cuenta_user_user_permissions; Type: TABLE DATA; Schema: public; Owner: postgres
--

COPY public.cuenta_user_user_permissions (id, user_id, permission_id) FROM stdin;
\.


--
-- Data for Name: django_admin_log; Type: TABLE DATA; Schema: public; Owner: postgres
--

COPY public.django_admin_log (id, action_time, object_id, object_repr, action_flag, change_message, content_type_id, user_id) FROM stdin;
1	2024-03-17 18:52:37.115337-05	7	asesor1	3		7	1
2	2024-03-17 18:52:37.121325-05	3	Asesor1	3		7	1
3	2024-03-17 18:52:37.122714-05	13	asesor11	3		7	1
4	2024-03-17 18:52:37.124187-05	11	asesor2	3		7	1
5	2024-03-17 18:52:37.125476-05	5	Asesor2	3		7	1
6	2024-03-17 18:52:37.126716-05	12	marketing1	3		7	1
7	2024-03-18 10:24:16.557363-05	SE	Separado	1	[{"added": {}}]	45	1
8	2024-03-18 10:24:32.048722-05	VE	Vendido	1	[{"added": {}}]	45	1
9	2024-03-18 10:24:46.296736-05	DE	Desistio	1	[{"added": {}}]	45	1
10	2024-03-18 10:25:17.32909-05	14	943702641	2	[{"changed": {"fields": ["EstadoSeparacionLead"]}}]	17	1
11	2024-03-18 10:28:52.49374-05	11	Samuel-913949511	2	[{"changed": {"fields": ["EstadoSeparacionLead"]}}]	17	1
12	2024-03-18 10:28:52.629136-05	11	Samuel-913949511	2	[]	17	1
13	2024-03-18 11:04:32.059922-05	16	Asesor3	2	[{"changed": {"fields": ["password"]}}]	7	1
14	2024-03-18 14:48:04.312307-05	2	Proyecto Socabaya-696969.0	1	[{"added": {}}]	10	1
15	2024-03-18 14:54:03.685198-05	6	Solange-969685859	2	[{"changed": {"fields": ["Fecha creacion"]}}]	17	1
16	2024-03-18 14:55:03.526498-05	17	888888888	2	[{"changed": {"fields": ["Fecha asignacion"]}}]	17	1
17	2024-03-18 16:33:18.371613-05	SE	Separaciones	2	[{"changed": {"fields": ["Color"]}}]	16	1
18	2024-03-18 16:35:50.050369-05	CI	Cierre	2	[{"changed": {"fields": ["Color"]}}]	16	1
19	2024-03-18 16:57:48.475863-05	22	51 969 696 969	3		17	1
20	2024-03-18 16:57:48.485132-05	21	+51 963 256 896	3		17	1
21	2024-03-18 16:57:48.487045-05	20	+51 963 258 696	3		17	1
22	2024-03-18 16:57:48.489615-05	19	+51 963 696 666	3		17	1
23	2024-03-18 16:57:48.490908-05	18	+51 999 999 999	3		17	1
24	2024-03-18 17:20:50.161694-05	VE	Vendido	3		45	1
25	2024-03-18 17:20:50.167724-05	SE	Separado	3		45	1
26	2024-03-18 17:20:50.169322-05	DE	Desistio	3		45	1
27	2024-03-18 17:27:35.120036-05	3	Socabaya	1	[{"added": {}}]	45	1
28	2024-03-18 17:27:41.055736-05	3	Separo	2	[{"changed": {"fields": ["Nombre"]}}]	45	1
29	2024-03-18 17:27:49.654766-05	4	Vendido	1	[{"added": {}}]	45	1
30	2024-03-18 17:28:01.48722-05	5	Desistio	1	[{"added": {}}]	45	1
31	2024-03-18 18:11:05.073891-05	26	51963256984	3		17	1
32	2024-03-18 18:11:15.826076-05	25	+9	3		17	1
33	2024-03-18 18:11:15.835263-05	24	+54 9 696 969 696	3		17	1
34	2024-03-18 18:11:15.837761-05	23	51969696969	3		17	1
35	2024-03-18 18:11:15.839776-05	17	888888888	3		17	1
36	2024-03-18 18:11:15.84129-05	16	999999999	3		17	1
37	2024-03-18 18:11:15.842663-05	15	944857396	3		17	1
38	2024-03-18 18:11:15.844282-05	14	943702641	3		17	1
39	2024-03-18 18:11:15.845635-05	13	Maria-952784659	3		17	1
40	2024-03-18 18:11:15.846977-05	12	Luis-921840124	3		17	1
41	2024-03-18 18:11:15.847892-05	11	Samuel-913949511	3		17	1
42	2024-03-18 18:11:15.849093-05	10	Percy-911249144	3		17	1
43	2024-03-18 18:11:15.850311-05	9	Miguel-911393941	3		17	1
44	2024-03-18 18:11:15.851588-05	8	983123832	3		17	1
45	2024-03-18 18:11:15.85303-05	7	Juan-45151541	3		17	1
46	2024-03-18 18:11:15.855443-05	6	Solange-969685859	3		17	1
47	2024-03-18 18:11:15.856738-05	5	Carlos-363636339	3		17	1
48	2024-03-18 18:11:15.857997-05	4	Andrew-9595959595	3		17	1
49	2024-03-18 18:11:15.859307-05	3	Jose-969685859	3		17	1
50	2024-03-18 18:11:15.860429-05	2	Lead2-+51 963 256 894	3		17	1
51	2024-03-18 18:11:15.861718-05	1	fffffff-51963852147	3		17	1
52	2024-03-18 18:47:48.525805-05	2	Proyecto Socabaya-696969.0	3		10	1
53	2024-03-18 18:52:43.542418-05	469	Fernando-948047343	2	[{"changed": {"fields": ["HoraRecepcion"]}}]	17	1
\.


--
-- Data for Name: django_celery_beat_clockedschedule; Type: TABLE DATA; Schema: public; Owner: postgres
--

COPY public.django_celery_beat_clockedschedule (id, clocked_time) FROM stdin;
\.


--
-- Data for Name: django_celery_beat_crontabschedule; Type: TABLE DATA; Schema: public; Owner: postgres
--

COPY public.django_celery_beat_crontabschedule (id, minute, hour, day_of_week, day_of_month, month_of_year, timezone) FROM stdin;
\.


--
-- Data for Name: django_celery_beat_intervalschedule; Type: TABLE DATA; Schema: public; Owner: postgres
--

COPY public.django_celery_beat_intervalschedule (id, every, period) FROM stdin;
\.


--
-- Data for Name: django_celery_beat_periodictask; Type: TABLE DATA; Schema: public; Owner: postgres
--

COPY public.django_celery_beat_periodictask (id, name, task, args, kwargs, queue, exchange, routing_key, expires, enabled, last_run_at, total_run_count, date_changed, description, crontab_id, interval_id, solar_id, one_off, start_time, priority, headers, clocked_id, expire_seconds) FROM stdin;
\.


--
-- Data for Name: django_celery_beat_periodictasks; Type: TABLE DATA; Schema: public; Owner: postgres
--

COPY public.django_celery_beat_periodictasks (ident, last_update) FROM stdin;
\.


--
-- Data for Name: django_celery_beat_solarschedule; Type: TABLE DATA; Schema: public; Owner: postgres
--

COPY public.django_celery_beat_solarschedule (id, event, latitude, longitude) FROM stdin;
\.


--
-- Data for Name: django_content_type; Type: TABLE DATA; Schema: public; Owner: postgres
--

COPY public.django_content_type (id, app_label, model) FROM stdin;
1	admin	logentry
2	auth	permission
3	auth	group
4	contenttypes	contenttype
5	sessions	session
6	cuenta	estadoregistro
7	cuenta	user
8	cuenta	modulo
9	marketing	proyecto
10	marketing	presupuestoproyecto
11	marketing	categoria
12	marketing	campania
13	marketing	gastocampania
14	ventas	tipoevento
15	ventas	objecion
16	ventas	estadolead
17	ventas	lead
18	ventas	whatsapp
19	ventas	historicoleadasesor
20	ventas	llamada
21	ventas	estadoevento
22	ventas	evento
23	ventas	tipoproducto
24	ventas	producto
25	ventas	tipocotizacion
26	ventas	cotizacion
27	ventas	tipocuota
28	ventas	cuota
29	ventas	precio
30	ventas	proyectotipoproducto
31	ventas	desasignacionleadasesor
32	ventas	desasignacionconfiguracion
33	multimedia	videoproyecto
34	multimedia	videoproducto
35	multimedia	imagenproyecto
36	multimedia	imagenproducto
37	token_blacklist	outstandingtoken
38	token_blacklist	blacklistedtoken
39	django_celery_beat	solarschedule
40	django_celery_beat	intervalschedule
41	django_celery_beat	clockedschedule
42	django_celery_beat	crontabschedule
43	django_celery_beat	periodictasks
44	django_celery_beat	periodictask
45	ventas	estadoseparacionlead
\.


--
-- Data for Name: django_migrations; Type: TABLE DATA; Schema: public; Owner: postgres
--

COPY public.django_migrations (id, app, name, applied) FROM stdin;
1	contenttypes	0001_initial	2024-03-14 23:34:07.868808-05
2	contenttypes	0002_remove_content_type_name	2024-03-14 23:34:07.880787-05
3	auth	0001_initial	2024-03-14 23:34:07.930813-05
4	auth	0002_alter_permission_name_max_length	2024-03-14 23:34:07.939359-05
5	auth	0003_alter_user_email_max_length	2024-03-14 23:34:07.949292-05
6	auth	0004_alter_user_username_opts	2024-03-14 23:34:07.958554-05
7	auth	0005_alter_user_last_login_null	2024-03-14 23:34:07.966865-05
8	auth	0006_require_contenttypes_0002	2024-03-14 23:34:07.970196-05
9	auth	0007_alter_validators_add_error_messages	2024-03-14 23:34:07.980513-05
10	auth	0008_alter_user_username_max_length	2024-03-14 23:34:07.989492-05
11	auth	0009_alter_user_last_name_max_length	2024-03-14 23:34:08.00995-05
12	auth	0010_alter_group_name_max_length	2024-03-14 23:34:08.025525-05
13	auth	0011_update_proxy_permissions	2024-03-14 23:34:08.039164-05
14	auth	0012_alter_user_first_name_max_length	2024-03-14 23:34:08.049368-05
15	cuenta	0001_initial	2024-03-14 23:34:08.130912-05
16	admin	0001_initial	2024-03-14 23:34:08.156487-05
17	admin	0002_logentry_remove_auto_add	2024-03-14 23:34:08.169666-05
18	admin	0003_logentry_add_action_flag_choices	2024-03-14 23:34:08.195258-05
19	django_celery_beat	0001_initial	2024-03-14 23:34:08.245697-05
20	django_celery_beat	0002_auto_20161118_0346	2024-03-14 23:34:08.267133-05
21	django_celery_beat	0003_auto_20161209_0049	2024-03-14 23:34:08.282674-05
22	django_celery_beat	0004_auto_20170221_0000	2024-03-14 23:34:08.289874-05
23	django_celery_beat	0005_add_solarschedule_events_choices	2024-03-14 23:34:08.299718-05
24	django_celery_beat	0006_auto_20180322_0932	2024-03-14 23:34:08.34253-05
25	django_celery_beat	0007_auto_20180521_0826	2024-03-14 23:34:08.364638-05
26	django_celery_beat	0008_auto_20180914_1922	2024-03-14 23:34:08.394895-05
27	django_celery_beat	0006_auto_20180210_1226	2024-03-14 23:34:08.427685-05
28	django_celery_beat	0006_periodictask_priority	2024-03-14 23:34:08.44763-05
29	django_celery_beat	0009_periodictask_headers	2024-03-14 23:34:08.459765-05
30	django_celery_beat	0010_auto_20190429_0326	2024-03-14 23:34:08.70706-05
31	django_celery_beat	0011_auto_20190508_0153	2024-03-14 23:34:08.741033-05
32	django_celery_beat	0012_periodictask_expire_seconds	2024-03-14 23:34:08.754275-05
33	django_celery_beat	0013_auto_20200609_0727	2024-03-14 23:34:08.7666-05
34	django_celery_beat	0014_remove_clockedschedule_enabled	2024-03-14 23:34:08.772311-05
35	django_celery_beat	0015_edit_solarschedule_events_choices	2024-03-14 23:34:08.782547-05
36	django_celery_beat	0016_alter_crontabschedule_timezone	2024-03-14 23:34:08.790919-05
37	django_celery_beat	0017_alter_crontabschedule_month_of_year	2024-03-14 23:34:08.802563-05
38	django_celery_beat	0018_improve_crontab_helptext	2024-03-14 23:34:08.812466-05
39	marketing	0001_initial	2024-03-14 23:34:09.099274-05
40	ventas	0001_initial	2024-03-14 23:34:10.008586-05
41	multimedia	0001_initial	2024-03-14 23:34:10.182665-05
42	sessions	0001_initial	2024-03-14 23:34:10.196548-05
43	token_blacklist	0001_initial	2024-03-14 23:34:10.298664-05
44	token_blacklist	0002_outstandingtoken_jti_hex	2024-03-14 23:34:10.339324-05
45	token_blacklist	0003_auto_20171017_2007	2024-03-14 23:34:10.417814-05
46	token_blacklist	0004_auto_20171017_2013	2024-03-14 23:34:10.482308-05
47	token_blacklist	0005_remove_outstandingtoken_jti	2024-03-14 23:34:10.516212-05
48	token_blacklist	0006_auto_20171017_2113	2024-03-14 23:34:10.543196-05
49	token_blacklist	0007_auto_20171017_2214	2024-03-14 23:34:10.618763-05
50	token_blacklist	0008_migrate_to_bigautofield	2024-03-14 23:34:10.726995-05
51	token_blacklist	0010_fix_migrate_to_bigautofield	2024-03-14 23:34:10.774787-05
52	token_blacklist	0011_linearizes_history	2024-03-14 23:34:10.779565-05
53	token_blacklist	0012_alter_outstandingtoken_user	2024-03-14 23:34:10.828351-05
54	ventas	0002_estadoseparacionlead	2024-03-18 09:52:54.734537-05
55	ventas	0003_lead_estadoasignacionlead	2024-03-18 10:11:25.891797-05
56	ventas	0004_rename_estadoasignacionlead_lead_estadoseparacionlead	2024-03-18 10:21:41.352674-05
57	ventas	0005_tipoevento_color	2024-03-18 16:31:15.488025-05
58	ventas	0006_alter_estadoseparacionlead_nombre	2024-03-18 16:42:34.410408-05
59	ventas	0007_remove_lead_estadoseparacionlead	2024-03-18 17:09:36.375751-05
60	ventas	0008_delete_estadoseparacionlead	2024-03-18 17:22:29.739874-05
61	ventas	0009_estadoseparacionlead_lead_estadoseparacionlead	2024-03-18 17:24:35.123062-05
\.


--
-- Data for Name: django_session; Type: TABLE DATA; Schema: public; Owner: postgres
--

COPY public.django_session (session_key, session_data, expire_date) FROM stdin;
tzynx9f9gkh9o62typ0fsnr4gfzk5b2t	.eJxVjE0OwiAYRO_C2hAQCsWle89Avh-QqoGktCvj3W2TLnQ1ybw38xYR1qXEtac5TiwuQovTb4dAz1R3wA-o9yap1WWeUO6KPGiXt8bpdT3cv4MCvWxrIh49sgkarc5BJwaVFZDxZJkshrClI-c5UzJI2fHgLQU3nq3KehCfLxn1OPs:1rm0XE:FDywR_FflgEGfSTdASyvmok3chjuVNtrmZ4pXKzVVYs	2024-03-31 19:07:24.493956-05
32au1igqe15h9s3ef8jb3ejly2kkfctq	.eJxVjE0OwiAYRO_C2hAQCsWle89Avh-QqoGktCvj3W2TLnQ1ybw38xYR1qXEtac5TiwuQovTb4dAz1R3wA-o9yap1WWeUO6KPGiXt8bpdT3cv4MCvWxrIh49sgkarc5BJwaVFZDxZJkshrClI-c5UzJI2fHgLQU3nq3KehCfLxn1OPs:1rmFTU:7ri9NsvdDZx69zDk0lBrrBJut663jBNlqOl76IYQR40	2024-04-01 11:04:32.068324-05
l446pofb1rbgfg9qxckgspubjb0tfwj9	.eJxVjE0OwiAYRO_C2hAQCsWle89Avh-QqoGktCvj3W2TLnQ1ybw38xYR1qXEtac5TiwuQovTb4dAz1R3wA-o9yap1WWeUO6KPGiXt8bpdT3cv4MCvWxrIh49sgkarc5BJwaVFZDxZJkshrClI-c5UzJI2fHgLQU3nq3KehCfLxn1OPs:1rmMmL:ZnfjY9lcG0LKyji_gJ9skwddcuRWDS42WBfwfy4NjU8	2024-04-01 18:52:29.500172-05
\.


--
-- Data for Name: marketing_campania; Type: TABLE DATA; Schema: public; Owner: postgres
--

COPY public.marketing_campania (id, nombre, organico, codigo, fecha_estimada, fecha_cierre, "coste_realSoles", "coste_realDolares", descripcion, fecha_creacion, fecha_actualizacion, categoria_id, estado_id, proyecto_id, "usuarioActualizador_id", "usuarioCreador_id") FROM stdin;
2	Socabaya Facebook Abril	f	PS_CFB_0302	2024-03-16	2024-03-24	0	0		2024-03-17 19:19:33.353222-05	2024-03-17 23:08:20.56694-05	3	A	1	\N	18
3	Socabaya Tiktok	f	PS_CT_0301	2024-03-16	2024-03-31	1842	500		2024-03-17 19:20:09.878681-05	2024-03-18 11:29:06.207951-05	5	A	1	\N	18
6	edgvdsvdsv	f	PS_CFB_0304	2024-03-17	2024-03-23	0	0		2024-03-17 23:44:27.784322-05	2024-03-18 18:14:32.678007-05	3	I	1	\N	1
5	Campa침a Organica Socabaya	t	ORGANICOPS_CFB_0303	2024-03-17	2024-03-23	0	0		2024-03-17 23:44:04.361058-05	2024-03-18 18:14:35.210254-05	3	I	1	\N	1
4	Campa침a Alamos instagram	f	PAL_CI_0301	2024-03-23	2024-03-31	0	0		2024-03-17 19:22:27.178032-05	2024-03-18 18:14:38.747871-05	4	I	2	\N	1
1	Socabaya Facebook	f	PS_CFB_0301	2024-03-01	2024-03-31	2925.54	761.8599999999999		2024-03-17 19:02:30.865284-05	2024-03-18 19:05:50.657226-05	3	A	1	\N	1
\.


--
-- Data for Name: marketing_categoria; Type: TABLE DATA; Schema: public; Owner: postgres
--

COPY public.marketing_categoria (id, nombre, codigo, estado_id) FROM stdin;
1	Fisico	CF	A
2	Volante	CV	A
3	Facebook	CFB	A
4	Instagram	CI	A
5	TikTok	CT	A
6	WhatsApp	CW	A
7	Desconocido	CD	A
\.


--
-- Data for Name: marketing_gastocampania; Type: TABLE DATA; Schema: public; Owner: postgres
--

COPY public.marketing_gastocampania (id, "gastoSoles", "gastoDolares", "tipoCambioSoles", "fechaGasto", fecha_creacion, fecha_actualizacion, campania_id, estado_id, "presupuestoProyecto_id", "usuarioActualizador_id", "usuarioCreador_id") FROM stdin;
5	1842	500	3.684	2024-03-18	2024-03-18 11:29:06.188815-05	2024-03-18 11:29:06.189443-05	3	A	1	\N	1
7	19.43	5.06	3.84	2024-02-03	2024-03-18 19:03:24.670423-05	2024-03-18 19:03:24.670697-05	1	A	3	\N	1
8	596.16	155.25	3.84	2024-02-10	2024-03-18 19:03:41.135508-05	2024-03-18 19:03:41.135886-05	1	A	3	\N	1
9	1082.11	281.8	3.84	2024-02-17	2024-03-18 19:03:49.53335-05	2024-03-18 19:03:49.533642-05	1	A	3	\N	1
10	1227.84	319.75	3.84	2024-02-24	2024-03-18 19:04:06.573569-05	2024-03-18 19:04:06.574244-05	1	A	3	\N	1
\.


--
-- Data for Name: marketing_presupuestoproyecto; Type: TABLE DATA; Schema: public; Owner: postgres
--

COPY public.marketing_presupuestoproyecto (id, "presupuestoSoles", "gastoTotalCampaniasSoles", "presupuestoDolares", "gastoTotalCampaniasDolares", "tipoCambioSoles", "fechaPresupuesto", fecha_creacion, fecha_actualizacion, estado_id, proyecto_id, "usuarioActualizador_id", "usuarioCreador_id") FROM stdin;
1	18420	1842	5000	500	3.684	2024-03-17	2024-03-17 22:06:20.162866-05	2024-03-18 19:02:51.199812-05	A	1	\N	\N
3	3601.92	2925.54	938	761.8599999999999	3.84	2024-02-01	2024-03-18 18:47:09.507627-05	2024-03-18 19:05:50.647663-05	A	1	\N	\N
\.


--
-- Data for Name: marketing_proyecto; Type: TABLE DATA; Schema: public; Owner: postgres
--

COPY public.marketing_proyecto (id, nombre, ubicacion, codigo, descripcion, fecha_creacion, fecha_actualizacion, estado_id, "usuarioActualizador_id", "usuarioCreador_id") FROM stdin;
1	Proyecto Socabaya	socabaya	PS		2024-03-17 19:00:38.038217-05	2024-03-17 19:00:38.038476-05	A	\N	1
2	Proyecto Alamos del Valle	Por ahi	PAL		2024-03-17 19:21:52.037143-05	2024-03-17 19:21:52.037398-05	A	\N	1
\.


--
-- Data for Name: multimedia_imagenproducto; Type: TABLE DATA; Schema: public; Owner: postgres
--

COPY public.multimedia_imagenproducto (id, imagen, producto_id) FROM stdin;
\.


--
-- Data for Name: multimedia_imagenproyecto; Type: TABLE DATA; Schema: public; Owner: postgres
--

COPY public.multimedia_imagenproyecto (id, imagen, proyecto_id) FROM stdin;
1	imagenes/Screenshot_from_2024-03-13_15-04-36.png	1
2	imagenes/resize_image.png	2
\.


--
-- Data for Name: multimedia_videoproducto; Type: TABLE DATA; Schema: public; Owner: postgres
--

COPY public.multimedia_videoproducto (id, video, producto_id) FROM stdin;
\.


--
-- Data for Name: multimedia_videoproyecto; Type: TABLE DATA; Schema: public; Owner: postgres
--

COPY public.multimedia_videoproyecto (id, video, proyecto_id) FROM stdin;
\.


--
-- Data for Name: token_blacklist_blacklistedtoken; Type: TABLE DATA; Schema: public; Owner: postgres
--

COPY public.token_blacklist_blacklistedtoken (id, blacklisted_at, token_id) FROM stdin;
\.


--
-- Data for Name: token_blacklist_outstandingtoken; Type: TABLE DATA; Schema: public; Owner: postgres
--

COPY public.token_blacklist_outstandingtoken (id, token, created_at, expires_at, user_id, jti) FROM stdin;
1	eyJhbGciOiJIUzI1NiIsInR5cCI6IkpXVCJ9.eyJ0b2tlbl90eXBlIjoicmVmcmVzaCIsImV4cCI6MTc0MjI1MTk0MSwiaWF0IjoxNzEwNzE1OTQxLCJqdGkiOiJlODAxZjdjN2Q1NWU0NzcxYjhkY2RlMGEyNTQ1YjdkMSIsInVzZXJfaWQiOjF9.J6DyJE52cUsCQbWWD6WJ5HiALoHjqRbU3fNw3Igj6ss	2024-03-17 17:52:21.840066-05	2025-03-17 17:52:21-05	1	e801f7c7d55e4771b8dcde0a2545b7d1
2	eyJhbGciOiJIUzI1NiIsInR5cCI6IkpXVCJ9.eyJ0b2tlbl90eXBlIjoicmVmcmVzaCIsImV4cCI6MTc0MjI1MTk2MywiaWF0IjoxNzEwNzE1OTYzLCJqdGkiOiI4YTNlOTYyZGZiOWU0ZTViOGUyMTlhOWVmMzVlM2VhMiIsInVzZXJfaWQiOjF9.tHtH-aWw-eFuH4-hKPpiJ49zyVSf4h9p9MtkiRngI1Q	2024-03-17 17:52:43.895739-05	2025-03-17 17:52:43-05	1	8a3e962dfb9e4e5b8e219a9ef35e3ea2
3	eyJhbGciOiJIUzI1NiIsInR5cCI6IkpXVCJ9.eyJ0b2tlbl90eXBlIjoicmVmcmVzaCIsImV4cCI6MTc0MjI1MjI3MywiaWF0IjoxNzEwNzE2MjczLCJqdGkiOiI3NTE2YmFiZDg0MmI0Yzc5ODQ1N2FlN2FlZjg1MjNiYSIsInVzZXJfaWQiOjF9.JiT9HfMUsbIN7uFXA-PBYGRp58kmctU16vCDiJldfyA	2024-03-17 17:57:53.764366-05	2025-03-17 17:57:53-05	1	7516babd842b4c798457ae7aef8523ba
4	eyJhbGciOiJIUzI1NiIsInR5cCI6IkpXVCJ9.eyJ0b2tlbl90eXBlIjoicmVmcmVzaCIsImV4cCI6MTc0MjI1NTkyNywiaWF0IjoxNzEwNzE5OTI3LCJqdGkiOiJiODAyMTkyMjQ5OTk0NmY3ODkyZTkyODBjYTUyNjE0MiIsInVzZXJfaWQiOjE0fQ.WRwk3eHZ2z-tQZJ2PO95Fg1p7dKGEc-hhrintuTVils	2024-03-17 18:58:47.471206-05	2025-03-17 18:58:47-05	14	b8021922499946f7892e9280ca526142
5	eyJhbGciOiJIUzI1NiIsInR5cCI6IkpXVCJ9.eyJ0b2tlbl90eXBlIjoicmVmcmVzaCIsImV4cCI6MTc0MjI1NTk4NCwiaWF0IjoxNzEwNzE5OTg0LCJqdGkiOiJjZGY5YzYzMTE5ZjI0MWRiYjkyODViMjU4YjNhN2YwZSIsInVzZXJfaWQiOjE4fQ.a-G0wPvhrgJnCLfN5fD7-cHZ-5dQSIvQAJuTHNVaXfM	2024-03-17 18:59:44.509235-05	2025-03-17 18:59:44-05	18	cdf9c63119f241dbb9285b258b3a7f0e
6	eyJhbGciOiJIUzI1NiIsInR5cCI6IkpXVCJ9.eyJ0b2tlbl90eXBlIjoicmVmcmVzaCIsImV4cCI6MTc0MjI1ODI4NiwiaWF0IjoxNzEwNzIyMjg2LCJqdGkiOiIxNDIwNWE0YWU0MDc0ODk4ODk4MzRlOWEyYjc2ODM0MyIsInVzZXJfaWQiOjE0fQ.oy6RtNtgYZcGv0tXdM7Mcrj6PIq7mTBsZJdlJYQM1Kg	2024-03-17 19:38:06.102999-05	2025-03-17 19:38:06-05	14	14205a4ae407489889834e9a2b768343
7	eyJhbGciOiJIUzI1NiIsInR5cCI6IkpXVCJ9.eyJ0b2tlbl90eXBlIjoicmVmcmVzaCIsImV4cCI6MTc0MjI1ODMzOSwiaWF0IjoxNzEwNzIyMzM5LCJqdGkiOiJiNTRkMzVmMmE1ZTY0Y2NmYjQ5OTNjYWNjMTMzZDVkNiIsInVzZXJfaWQiOjE1fQ.M-Li8ewXW0i7vXBhMmz9UrlE80zCUsuSHvyGz9nc3KU	2024-03-17 19:38:59.39097-05	2025-03-17 19:38:59-05	15	b54d35f2a5e64ccfb4993cacc133d5d6
8	eyJhbGciOiJIUzI1NiIsInR5cCI6IkpXVCJ9.eyJ0b2tlbl90eXBlIjoicmVmcmVzaCIsImV4cCI6MTc0MjI1ODM4MywiaWF0IjoxNzEwNzIyMzgzLCJqdGkiOiJhYWYxOTkyNjMzZTE0OTkwYWU0NGVjNDk0NzIwZmQ4ZiIsInVzZXJfaWQiOjE2fQ.TAbLaMdzVifjdHGef1cpe2JoWfaPXM5KNm1FTy786BU	2024-03-17 19:39:43.302325-05	2025-03-17 19:39:43-05	16	aaf1992633e14990ae44ec494720fd8f
9	eyJhbGciOiJIUzI1NiIsInR5cCI6IkpXVCJ9.eyJ0b2tlbl90eXBlIjoicmVmcmVzaCIsImV4cCI6MTc0MjI1ODU1OSwiaWF0IjoxNzEwNzIyNTU5LCJqdGkiOiI2ZDY0ZTA5NTQxMzA0NWFmYjZmOTdhOThmMmI5YWNlMyIsInVzZXJfaWQiOjE3fQ.KaNlvJZ3aXLKn_fFJGyPM1KARU1IANG2gPAbQynJLSY	2024-03-17 19:42:39.778274-05	2025-03-17 19:42:39-05	17	6d64e095413045afb6f97a98f2b9ace3
10	eyJhbGciOiJIUzI1NiIsInR5cCI6IkpXVCJ9.eyJ0b2tlbl90eXBlIjoicmVmcmVzaCIsImV4cCI6MTc0MjI1ODcxOCwiaWF0IjoxNzEwNzIyNzE4LCJqdGkiOiIzMDdiNTdhODBhOTA0ODYxYThkZDNhMTU0MDcwMjI1YiIsInVzZXJfaWQiOjE0fQ.oev3NVqhFfqUl8ChfgKMv2kTccvlsIkPk-ZxHdudHys	2024-03-17 19:45:18.286139-05	2025-03-17 19:45:18-05	14	307b57a80a904861a8dd3a154070225b
11	eyJhbGciOiJIUzI1NiIsInR5cCI6IkpXVCJ9.eyJ0b2tlbl90eXBlIjoicmVmcmVzaCIsImV4cCI6MTc0MjI1ODkyOSwiaWF0IjoxNzEwNzIyOTI5LCJqdGkiOiI0NDQ2MjhkMzgyNWY0OWUyYjYxMTViYTYyMDE2ZTYyOCIsInVzZXJfaWQiOjE2fQ.N_ym2KPnN1AiuoopPXpCjf-rHg2E1hRrR7KsWuB0CXQ	2024-03-17 19:48:49.076033-05	2025-03-17 19:48:49-05	16	444628d3825f49e2b6115ba62016e628
12	eyJhbGciOiJIUzI1NiIsInR5cCI6IkpXVCJ9.eyJ0b2tlbl90eXBlIjoicmVmcmVzaCIsImV4cCI6MTc0MjI1OTQxNiwiaWF0IjoxNzEwNzIzNDE2LCJqdGkiOiI2NGIyNzBhZjIzNWM0MmI5ODMyN2FkNGEwNzMyZTU3ZiIsInVzZXJfaWQiOjE3fQ.is5F2u2Oh62rkuArouGtM_0qDuOzoe48HwYHvQZ36RI	2024-03-17 19:56:56.926249-05	2025-03-17 19:56:56-05	17	64b270af235c42b98327ad4a0732e57f
13	eyJhbGciOiJIUzI1NiIsInR5cCI6IkpXVCJ9.eyJ0b2tlbl90eXBlIjoicmVmcmVzaCIsImV4cCI6MTc0MjI2MjA1NywiaWF0IjoxNzEwNzI2MDU3LCJqdGkiOiIyNWFkOTE5NjZiZTY0ZjE4OTRmMDE0MjBiYzhmZTZlYyIsInVzZXJfaWQiOjE3fQ.xT8faFJfNUoys-6Amxr2IKBIz1xnUecG1wMhMZUtFqM	2024-03-17 20:40:57.881919-05	2025-03-17 20:40:57-05	17	25ad91966be64f1894f01420bc8fe6ec
14	eyJhbGciOiJIUzI1NiIsInR5cCI6IkpXVCJ9.eyJ0b2tlbl90eXBlIjoicmVmcmVzaCIsImV4cCI6MTc0MjI2NzA4OSwiaWF0IjoxNzEwNzMxMDg5LCJqdGkiOiIyMDZiMzhlM2ZmNWE0MjEyYjA3MzYzOTY5YzgxMjY0NCIsInVzZXJfaWQiOjF9._h56UyniOqAfe0w8Mepc-6eTjIfnwZhwNbMOAGZtfDI	2024-03-17 22:04:49.092095-05	2025-03-17 22:04:49-05	1	206b38e3ff5a4212b07363969c812644
15	eyJhbGciOiJIUzI1NiIsInR5cCI6IkpXVCJ9.eyJ0b2tlbl90eXBlIjoicmVmcmVzaCIsImV4cCI6MTc0MjI2ODM3MCwiaWF0IjoxNzEwNzMyMzcwLCJqdGkiOiI3ODJhOTkzYjI3NjI0ZjI0YjI2OWMzZGQyODY0NGE0MSIsInVzZXJfaWQiOjE4fQ.O8bnVhBIKCYq3wAfypyT_g2-5TBdex4yFH82pc6waro	2024-03-17 22:26:10.7262-05	2025-03-17 22:26:10-05	18	782a993b27624f24b269c3dd28644a41
16	eyJhbGciOiJIUzI1NiIsInR5cCI6IkpXVCJ9.eyJ0b2tlbl90eXBlIjoicmVmcmVzaCIsImV4cCI6MTc0MjI3MTA1NywiaWF0IjoxNzEwNzM1MDU3LCJqdGkiOiI3MjI3NWE2NDdjYjg0NDNkOGE0OTI2NWE5Mzg0NzIyYiIsInVzZXJfaWQiOjF9.ko5yJ0_UspLnzV__VaKFrbjVeR92RGh4a3LpuxszTYQ	2024-03-17 23:10:57.81918-05	2025-03-17 23:10:57-05	1	72275a647cb8443d8a49265a9384722b
17	eyJhbGciOiJIUzI1NiIsInR5cCI6IkpXVCJ9.eyJ0b2tlbl90eXBlIjoicmVmcmVzaCIsImV4cCI6MTc0MjI3MTA2OSwiaWF0IjoxNzEwNzM1MDY5LCJqdGkiOiIzYjYyZmI3NWEzY2I0ZTMyYTA5NjZjZGRlY2Y3ZGUyZiIsInVzZXJfaWQiOjE3fQ.lgUDGEGQaCujXzr9BFfUJMiUTBACPxBTyvjtZi95Pcw	2024-03-17 23:11:09.696008-05	2025-03-17 23:11:09-05	17	3b62fb75a3cb4e32a0966cddecf7de2f
18	eyJhbGciOiJIUzI1NiIsInR5cCI6IkpXVCJ9.eyJ0b2tlbl90eXBlIjoicmVmcmVzaCIsImV4cCI6MTc0MjI3MTkyNSwiaWF0IjoxNzEwNzM1OTI1LCJqdGkiOiJjNzgzMTIxZTIyYzM0MWVlOTlkY2Y3Y2UxZGEyNTgyNCIsInVzZXJfaWQiOjE1fQ.SP5aKL3E7A-CsyhTm6u9RgNy2q9RENlJdkKIC3f5AnM	2024-03-17 23:25:25.295176-05	2025-03-17 23:25:25-05	15	c783121e22c341ee99dcf7ce1da25824
19	eyJhbGciOiJIUzI1NiIsInR5cCI6IkpXVCJ9.eyJ0b2tlbl90eXBlIjoicmVmcmVzaCIsImV4cCI6MTc0MjI3MTk4MCwiaWF0IjoxNzEwNzM1OTgwLCJqdGkiOiJkOTU0OGRlYzcwNjg0MWYyOTIwZmQzNDZhZGYzMDJlZCIsInVzZXJfaWQiOjE4fQ.PB171LQELitREdRePFCQltF75kZjhWhuraByHBJSJmY	2024-03-17 23:26:20.270998-05	2025-03-17 23:26:20-05	18	d9548dec706841f2920fd346adf302ed
20	eyJhbGciOiJIUzI1NiIsInR5cCI6IkpXVCJ9.eyJ0b2tlbl90eXBlIjoicmVmcmVzaCIsImV4cCI6MTc0MjI3MjA1OCwiaWF0IjoxNzEwNzM2MDU4LCJqdGkiOiI5Njc2OGNjNGMyMTg0MTEyOWY4Mzc5ODA3YjNiYTk1ZCIsInVzZXJfaWQiOjE3fQ.HBez57-ungaNSIzj60Z8TPvzNhczeFd-tAaL27_C-58	2024-03-17 23:27:38.780752-05	2025-03-17 23:27:38-05	17	96768cc4c21841129f8379807b3ba95d
21	eyJhbGciOiJIUzI1NiIsInR5cCI6IkpXVCJ9.eyJ0b2tlbl90eXBlIjoicmVmcmVzaCIsImV4cCI6MTc0MjI3Mjk5MiwiaWF0IjoxNzEwNzM2OTkyLCJqdGkiOiJhODUyNWIxNmU4MzE0OTUwYWY0Yzk1YWQ3MDEyMjZiYiIsInVzZXJfaWQiOjF9.gCWK9Owrjg6_cVgNvFZFhCvGJdnpAFgAT7zegnw7Va8	2024-03-17 23:43:12.020798-05	2025-03-17 23:43:12-05	1	a8525b16e8314950af4c95ad701226bb
22	eyJhbGciOiJIUzI1NiIsInR5cCI6IkpXVCJ9.eyJ0b2tlbl90eXBlIjoicmVmcmVzaCIsImV4cCI6MTc0MjMwNzkzNCwiaWF0IjoxNzEwNzcxOTM0LCJqdGkiOiJiMWQyNjMyZTMxMTM0M2NhYWIzMWRmZWVhOTkwOGE1OSIsInVzZXJfaWQiOjF9._Wr60SPGGx4Q9Cd2GJHNskPEyI8up77QlQl14hOvBuA	2024-03-18 09:25:34.515623-05	2025-03-18 09:25:34-05	1	b1d2632e311343caab31dfeea9908a59
23	eyJhbGciOiJIUzI1NiIsInR5cCI6IkpXVCJ9.eyJ0b2tlbl90eXBlIjoicmVmcmVzaCIsImV4cCI6MTc0MjMwODM3MywiaWF0IjoxNzEwNzcyMzczLCJqdGkiOiJjMDQ1NWMyYTA1NWU0OGM3ODY5YWY3MWQ5ZDU5ODIzMCIsInVzZXJfaWQiOjF9.6KnERgLIZhtVNDbl_YrLwPE6iDXew3eelKMgFmrAgrA	2024-03-18 09:32:53.837531-05	2025-03-18 09:32:53-05	1	c0455c2a055e48c7869af71d9d598230
24	eyJhbGciOiJIUzI1NiIsInR5cCI6IkpXVCJ9.eyJ0b2tlbl90eXBlIjoicmVmcmVzaCIsImV4cCI6MTc0MjMwODUyMiwiaWF0IjoxNzEwNzcyNTIyLCJqdGkiOiI0ODE1ZmIxMjhkYTk0OWJlOTY2ODhlMjJmNTQyMDI4MiIsInVzZXJfaWQiOjE0fQ.Au5sHfkO3QjCSgO_GGZ7DAublGtunMtNBRjZewq9KVE	2024-03-18 09:35:22.578222-05	2025-03-18 09:35:22-05	14	4815fb128da949be96688e22f5420282
25	eyJhbGciOiJIUzI1NiIsInR5cCI6IkpXVCJ9.eyJ0b2tlbl90eXBlIjoicmVmcmVzaCIsImV4cCI6MTc0MjMwODcxMSwiaWF0IjoxNzEwNzcyNzExLCJqdGkiOiIxNzE5ZDI3MzFmOWM0MzQ1YTU3NjFmYTEzNjFiMWY1NSIsInVzZXJfaWQiOjE0fQ.Cjz9N5R7kU33jHGOMC53b8BJeAu-lb3kERUvZTobhks	2024-03-18 09:38:31.275528-05	2025-03-18 09:38:31-05	14	1719d2731f9c4345a5761fa1361b1f55
26	eyJhbGciOiJIUzI1NiIsInR5cCI6IkpXVCJ9.eyJ0b2tlbl90eXBlIjoicmVmcmVzaCIsImV4cCI6MTc0MjMxMDAwMiwiaWF0IjoxNzEwNzc0MDAyLCJqdGkiOiI3NzYxYTA4ZjE2YjE0MjQ4YmY1NjRhODc3YjQ4YzgzOCIsInVzZXJfaWQiOjE0fQ.nH3CCBGhD_SOSOt3pl7HhXNhguy4zIhYa84z5KsqZl8	2024-03-18 10:00:02.607367-05	2025-03-18 10:00:02-05	14	7761a08f16b14248bf564a877b48c838
27	eyJhbGciOiJIUzI1NiIsInR5cCI6IkpXVCJ9.eyJ0b2tlbl90eXBlIjoicmVmcmVzaCIsImV4cCI6MTc0MjMxMTg2NCwiaWF0IjoxNzEwNzc1ODY0LCJqdGkiOiJhZjgyZTA5MDAyMDg0ZDc1OWY5MDZkM2ExODQwMGQwZiIsInVzZXJfaWQiOjE3fQ.xNRaUVjtEZarfWE7h3-6kDybP6aekL4iDYMT0NSaEWw	2024-03-18 10:31:04.210912-05	2025-03-18 10:31:04-05	17	af82e09002084d759f906d3a18400d0f
28	eyJhbGciOiJIUzI1NiIsInR5cCI6IkpXVCJ9.eyJ0b2tlbl90eXBlIjoicmVmcmVzaCIsImV4cCI6MTc0MjMxMjE0NSwiaWF0IjoxNzEwNzc2MTQ1LCJqdGkiOiJkMGYxOTgxYTY2YjE0ZWFmYTlhYWMyMDZkZmFmZTgwMyIsInVzZXJfaWQiOjE3fQ.Heg3x4NJoNkxdQu9gzwDyk6jKU_DmW5nXQ4JprqC30Q	2024-03-18 10:35:45.542948-05	2025-03-18 10:35:45-05	17	d0f1981a66b14eafa9aac206dfafe803
29	eyJhbGciOiJIUzI1NiIsInR5cCI6IkpXVCJ9.eyJ0b2tlbl90eXBlIjoicmVmcmVzaCIsImV4cCI6MTc0MjMxMjgxMSwiaWF0IjoxNzEwNzc2ODExLCJqdGkiOiI3ZjIyMTEyMjc2MjY0YzkyOTY0NDRlZGM4NjA4OWU1YyIsInVzZXJfaWQiOjE3fQ.rCCU2oKd6GuV5FoSpiunYJ3eR8XblH1zjWATc-7AhRA	2024-03-18 10:46:51.849656-05	2025-03-18 10:46:51-05	17	7f22112276264c9296444edc86089e5c
30	eyJhbGciOiJIUzI1NiIsInR5cCI6IkpXVCJ9.eyJ0b2tlbl90eXBlIjoicmVmcmVzaCIsImV4cCI6MTc0MjMxMzYyNSwiaWF0IjoxNzEwNzc3NjI1LCJqdGkiOiJkNjZhZTliNmVjNDc0YTEyYmRiMWE5YWI0MjNlZTk1ZCIsInVzZXJfaWQiOjF9.ywAJjE5Gj8mh1O8piZhp2xO7f6Ue_2aQ9p9m6GnxuuI	2024-03-18 11:00:25.975824-05	2025-03-18 11:00:25-05	1	d66ae9b6ec474a12bdb1a9ab423ee95d
31	eyJhbGciOiJIUzI1NiIsInR5cCI6IkpXVCJ9.eyJ0b2tlbl90eXBlIjoicmVmcmVzaCIsImV4cCI6MTc0MjMxNDEwMCwiaWF0IjoxNzEwNzc4MTAwLCJqdGkiOiJkZGJiYzVhODNmOWY0YWNlYTA4YmFlODE3ZTdkZWE4ZCIsInVzZXJfaWQiOjF9.IOh9ew2EJ-NZbbL5XNCuzcnbdNgqtqqh28ppB4-SSe4	2024-03-18 11:08:20.786775-05	2025-03-18 11:08:20-05	1	ddbbc5a83f9f4acea08bae817e7dea8d
32	eyJhbGciOiJIUzI1NiIsInR5cCI6IkpXVCJ9.eyJ0b2tlbl90eXBlIjoicmVmcmVzaCIsImV4cCI6MTc0MjMyNTk2MCwiaWF0IjoxNzEwNzg5OTYwLCJqdGkiOiI0OGZlNGJkNDM1ZGQ0ZTAxYmUwM2FkZGU3YTEyZDQ1MiIsInVzZXJfaWQiOjE3fQ.3HGaoJPmZo34ZcvMS-fI8Qdi6rrmU7cAQS2GlPcKMUU	2024-03-18 14:26:00.379707-05	2025-03-18 14:26:00-05	17	48fe4bd435dd4e01be03adde7a12d452
33	eyJhbGciOiJIUzI1NiIsInR5cCI6IkpXVCJ9.eyJ0b2tlbl90eXBlIjoicmVmcmVzaCIsImV4cCI6MTc0MjMyNjg4NCwiaWF0IjoxNzEwNzkwODg0LCJqdGkiOiIwODRkY2Q2NTk4NzA0ZWMzYWExZjdjMzMxZmM4OGQ5OCIsInVzZXJfaWQiOjE4fQ.yRY0d0DKJsk3XpNufGtPvrs7LbQGACn66heachKOPRY	2024-03-18 14:41:24.889316-05	2025-03-18 14:41:24-05	18	084dcd6598704ec3aa1f7c331fc88d98
34	eyJhbGciOiJIUzI1NiIsInR5cCI6IkpXVCJ9.eyJ0b2tlbl90eXBlIjoicmVmcmVzaCIsImV4cCI6MTc0MjMyNjkzMSwiaWF0IjoxNzEwNzkwOTMxLCJqdGkiOiIxZmI3MmNlNmMyYjk0NmY2OWZiNDkxMzAyM2QwNDVhMSIsInVzZXJfaWQiOjE1fQ.IVMs5h9un1ST8oZf14wXeA9EAZbNkqPEdUOFuFMtves	2024-03-18 14:42:11.738882-05	2025-03-18 14:42:11-05	15	1fb72ce6c2b946f69fb4913023d045a1
35	eyJhbGciOiJIUzI1NiIsInR5cCI6IkpXVCJ9.eyJ0b2tlbl90eXBlIjoicmVmcmVzaCIsImV4cCI6MTc0MjMyNjk2NSwiaWF0IjoxNzEwNzkwOTY1LCJqdGkiOiIzMDU2NmVmOTA4ZGM0YWM1ODc4YjkyNDVlMjIzODEyYiIsInVzZXJfaWQiOjE4fQ.sE06aQ_qsWs6rosGExyQekjuRNsZEdqFFa3wmOatSVo	2024-03-18 14:42:45.109716-05	2025-03-18 14:42:45-05	18	30566ef908dc4ac5878b9245e223812b
36	eyJhbGciOiJIUzI1NiIsInR5cCI6IkpXVCJ9.eyJ0b2tlbl90eXBlIjoicmVmcmVzaCIsImV4cCI6MTc0MjMzMzUwNywiaWF0IjoxNzEwNzk3NTA3LCJqdGkiOiIzMTc0OWVlNzc2MGI0YmE3YWQxZTg3ZTZiNDgxNzAyNyIsInVzZXJfaWQiOjE3fQ.rdOqVMcIhwB51ZxzhhUsp1KWrOpE1fyJEYHYsG3rBMc	2024-03-18 16:31:47.313352-05	2025-03-18 16:31:47-05	17	31749ee7760b4ba7ad1e87e6b4817027
37	eyJhbGciOiJIUzI1NiIsInR5cCI6IkpXVCJ9.eyJ0b2tlbl90eXBlIjoicmVmcmVzaCIsImV4cCI6MTc0MjMzMzg1MCwiaWF0IjoxNzEwNzk3ODUwLCJqdGkiOiJiZmNiZGI0ZDE4YTE0OWE3OGIyMTY5YjcyOGJiMWU0MiIsInVzZXJfaWQiOjE4fQ.bPPFGgu5QZ6vrfmWIbVa7U0pOCTEFez2FqSC0S9t1Dk	2024-03-18 16:37:30.921375-05	2025-03-18 16:37:30-05	18	bfcbdb4d18a149a78b2169b728bb1e42
38	eyJhbGciOiJIUzI1NiIsInR5cCI6IkpXVCJ9.eyJ0b2tlbl90eXBlIjoicmVmcmVzaCIsImV4cCI6MTc0MjMzNzMwNCwiaWF0IjoxNzEwODAxMzA0LCJqdGkiOiJiNmUwYjQwZmMwZWI0ZDI0OWJhZmNhZGExYTViM2Y1MiIsInVzZXJfaWQiOjF9.OWw3iTthHVU-AgK6AgDhdayPF78ZEwKCXV8KVIKHf80	2024-03-18 17:35:04.672107-05	2025-03-18 17:35:04-05	1	b6e0b40fc0eb4d249bafcada1a5b3f52
39	eyJhbGciOiJIUzI1NiIsInR5cCI6IkpXVCJ9.eyJ0b2tlbl90eXBlIjoicmVmcmVzaCIsImV4cCI6MTc0MjMzNzMxNSwiaWF0IjoxNzEwODAxMzE1LCJqdGkiOiJjNDAwZDgwOWNmYWI0ZjY3YjhiMDY5NjYzMTUyNzNkOSIsInVzZXJfaWQiOjE3fQ.y7zcUr3cR1A2lHZl0p3n3Tn9Sal5aE0yHXBbYdc9ZK0	2024-03-18 17:35:15.638489-05	2025-03-18 17:35:15-05	17	c400d809cfab4f67b8b06966315273d9
40	eyJhbGciOiJIUzI1NiIsInR5cCI6IkpXVCJ9.eyJ0b2tlbl90eXBlIjoicmVmcmVzaCIsImV4cCI6MTc0MjMzOTU3MCwiaWF0IjoxNzEwODAzNTcwLCJqdGkiOiIzYzhmYjFiNzMyNTU0NDM1YmMzNzVkNjIyMDFjOWNmOSIsInVzZXJfaWQiOjE4fQ.NaBd9q73RpRXkmyndd7L7hDWGWRvutm0oBmj5-HfHwg	2024-03-18 18:12:50.575795-05	2025-03-18 18:12:50-05	18	3c8fb1b732554435bc375d62201c9cf9
41	eyJhbGciOiJIUzI1NiIsInR5cCI6IkpXVCJ9.eyJ0b2tlbl90eXBlIjoicmVmcmVzaCIsImV4cCI6MTc0MjM0MTU0MSwiaWF0IjoxNzEwODA1NTQxLCJqdGkiOiJkZTFlZWMxMmI2MTU0OTU0ODhmY2IyN2Q3NzJkOGY2YSIsInVzZXJfaWQiOjF9._GlFprPnLMpJ5KWPAPCXKXk7e3UA_PUFMREpes0ClX0	2024-03-18 18:45:41.79384-05	2025-03-18 18:45:41-05	1	de1eec12b615495488fcb27d772d8f6a
42	eyJhbGciOiJIUzI1NiIsInR5cCI6IkpXVCJ9.eyJ0b2tlbl90eXBlIjoicmVmcmVzaCIsImV4cCI6MTc0MjM0MTgwMiwiaWF0IjoxNzEwODA1ODAyLCJqdGkiOiIwMmQyNzA5MzNhY2I0YTA1ODNjZWY1Y2RlYzYwMzJiNCIsInVzZXJfaWQiOjE0fQ.EnCuDBg4tJ3f4JRNMCDOTwSP10zajONHtdzACxEGyrE	2024-03-18 18:50:02.583312-05	2025-03-18 18:50:02-05	14	02d270933acb4a0583cef5cdec6032b4
43	eyJhbGciOiJIUzI1NiIsInR5cCI6IkpXVCJ9.eyJ0b2tlbl90eXBlIjoicmVmcmVzaCIsImV4cCI6MTc0MjM0MjMyMywiaWF0IjoxNzEwODA2MzIzLCJqdGkiOiIyNzMyMWM4MTE4YjY0ZGNiYjM2OTI2ZWQzZjBjOTU0NSIsInVzZXJfaWQiOjF9.jVRumBcOVWlRBzKtRvzp02dDc3qQL4Na76Q_dBTxaHo	2024-03-18 18:58:43.536624-05	2025-03-18 18:58:43-05	1	27321c8118b64dcbb36926ed3f0c9545
44	eyJhbGciOiJIUzI1NiIsInR5cCI6IkpXVCJ9.eyJ0b2tlbl90eXBlIjoicmVmcmVzaCIsImV4cCI6MTc0MjM0MzMyNiwiaWF0IjoxNzEwODA3MzI2LCJqdGkiOiI4MmJhYTQ5Yzc1Zjk0NDVjOGI4ZDVlZGU2YjkzM2RlYyIsInVzZXJfaWQiOjE3fQ.ltC_Z2t3zkKi-IHDbibVeQgIAjLwU1a4MQ0WnBjfGqA	2024-03-18 19:15:26.948714-05	2025-03-18 19:15:26-05	17	82baa49c75f9445c8b8d5ede6b933dec
\.


--
-- Data for Name: ventas_cotizacion; Type: TABLE DATA; Schema: public; Owner: postgres
--

COPY public.ventas_cotizacion (id, nombre, fecha, duracion, estado_id, proyecto_id, tipo_id) FROM stdin;
\.


--
-- Data for Name: ventas_cuota; Type: TABLE DATA; Schema: public; Owner: postgres
--

COPY public.ventas_cuota (id, numero, tiempo, porcentaje, fecha, cotizacion_id, estado_id, tipo_id) FROM stdin;
\.


--
-- Data for Name: ventas_desasignacionconfiguracion; Type: TABLE DATA; Schema: public; Owner: postgres
--

COPY public.ventas_desasignacionconfiguracion (id, rango) FROM stdin;
\.


--
-- Data for Name: ventas_desasignacionleadasesor; Type: TABLE DATA; Schema: public; Owner: postgres
--

COPY public.ventas_desasignacionleadasesor (id, fecha, lead_id, usuario_id) FROM stdin;
\.


--
-- Data for Name: ventas_estadoevento; Type: TABLE DATA; Schema: public; Owner: postgres
--

COPY public.ventas_estadoevento (id, nombre, estado_id) FROM stdin;
1	Creado	A
2	En Proceso	A
3	Finalizado	A
\.


--
-- Data for Name: ventas_estadolead; Type: TABLE DATA; Schema: public; Owner: postgres
--

COPY public.ventas_estadolead (nombre, descripcion, color, estado_id) FROM stdin;
NR	No responde	#949494	A
EP	En proceso	#949494	A
FR	Frio	#0044FF	A
TB	Tibio	#FFEE00	A
CA	Caliente	#FF0000	A
SE	Separaciones	#00BB00	A
CI	Cierre	#00B2FF	A
\.


--
-- Data for Name: ventas_estadoseparacionlead; Type: TABLE DATA; Schema: public; Owner: postgres
--

COPY public.ventas_estadoseparacionlead (id, nombre, color, estado_id) FROM stdin;
3	Separo	#0000000	A
4	Vendido	#00BB00	A
5	Desistio	#00BB00	A
\.


--
-- Data for Name: ventas_evento; Type: TABLE DATA; Schema: public; Owner: postgres
--

COPY public.ventas_evento (id, titulo, duracion, fecha_visita, observacion, fecha_creacion, fecha_actualizacion, separado, asesor_id, estado_id, "estadoEvento_id", lead_id, objecion_id, tipo_id, "usuarioActualizador_id", "usuarioCreador_id") FROM stdin;
\.


--
-- Data for Name: ventas_historicoleadasesor; Type: TABLE DATA; Schema: public; Owner: postgres
--

COPY public.ventas_historicoleadasesor (id, fecha_creacion, lead_id, usuario_id) FROM stdin;
21	2024-03-18 18:17:32.838573-05	469	14
22	2024-03-18 18:17:32.848126-05	468	15
23	2024-03-18 18:17:32.855614-05	467	16
24	2024-03-18 18:17:32.863927-05	466	14
25	2024-03-18 18:17:32.876167-05	465	15
26	2024-03-18 18:17:32.886973-05	464	16
27	2024-03-18 18:17:32.898946-05	463	14
28	2024-03-18 18:17:32.906606-05	462	15
29	2024-03-18 18:17:32.91519-05	461	16
30	2024-03-18 18:17:32.924043-05	460	14
31	2024-03-18 18:17:32.933161-05	459	15
32	2024-03-18 18:17:32.939832-05	458	16
33	2024-03-18 18:17:32.946162-05	457	14
34	2024-03-18 18:17:32.954215-05	456	15
35	2024-03-18 18:17:32.963322-05	455	16
36	2024-03-18 18:17:32.970787-05	454	14
37	2024-03-18 18:17:32.977398-05	453	15
38	2024-03-18 18:17:32.987829-05	452	16
39	2024-03-18 18:17:32.999088-05	451	14
40	2024-03-18 18:17:33.008175-05	450	15
41	2024-03-18 18:17:33.014863-05	449	16
42	2024-03-18 18:17:33.026114-05	448	14
43	2024-03-18 18:17:33.034644-05	447	15
44	2024-03-18 18:17:33.041594-05	446	16
45	2024-03-18 18:17:33.050421-05	445	14
46	2024-03-18 18:17:33.060361-05	444	15
47	2024-03-18 18:17:33.076699-05	443	16
48	2024-03-18 18:17:33.086668-05	442	14
49	2024-03-18 18:17:33.098195-05	441	15
50	2024-03-18 18:17:33.10625-05	440	16
51	2024-03-18 18:17:33.116387-05	439	14
52	2024-03-18 18:17:33.126218-05	438	15
53	2024-03-18 18:17:33.137599-05	437	16
54	2024-03-18 18:17:33.146417-05	436	14
55	2024-03-18 18:17:33.154731-05	435	15
56	2024-03-18 18:17:33.16641-05	434	16
57	2024-03-18 18:17:33.178098-05	433	14
58	2024-03-18 18:17:33.188778-05	432	15
59	2024-03-18 18:17:33.195785-05	431	16
60	2024-03-18 18:17:33.206311-05	430	14
61	2024-03-18 18:17:33.21762-05	429	15
62	2024-03-18 18:17:33.228597-05	428	16
63	2024-03-18 18:17:33.242489-05	427	14
64	2024-03-18 18:17:33.256351-05	426	15
65	2024-03-18 18:17:33.267595-05	425	16
66	2024-03-18 18:17:33.280202-05	424	14
67	2024-03-18 18:17:33.29121-05	423	15
68	2024-03-18 18:17:33.305547-05	422	16
69	2024-03-18 18:17:33.317878-05	421	14
70	2024-03-18 18:17:33.324993-05	420	15
71	2024-03-18 18:17:33.331682-05	419	16
72	2024-03-18 18:17:33.342344-05	418	14
73	2024-03-18 18:17:33.351672-05	417	15
74	2024-03-18 18:17:33.358283-05	416	16
75	2024-03-18 18:17:33.364354-05	415	14
76	2024-03-18 18:17:33.372067-05	414	15
77	2024-03-18 18:17:33.377907-05	413	16
78	2024-03-18 18:17:33.386649-05	412	14
79	2024-03-18 18:17:33.393491-05	411	15
80	2024-03-18 18:17:33.398838-05	410	16
81	2024-03-18 18:17:33.405648-05	409	14
82	2024-03-18 18:17:33.410825-05	408	15
83	2024-03-18 18:17:33.418083-05	407	16
84	2024-03-18 18:17:33.42555-05	406	14
85	2024-03-18 18:17:33.433042-05	405	15
86	2024-03-18 18:17:33.440931-05	404	16
87	2024-03-18 18:17:33.44718-05	403	14
88	2024-03-18 18:17:33.454979-05	402	15
89	2024-03-18 18:17:33.46127-05	401	16
90	2024-03-18 18:17:33.469249-05	400	14
91	2024-03-18 18:17:33.475558-05	399	15
92	2024-03-18 18:17:33.485244-05	398	16
93	2024-03-18 18:17:33.497336-05	397	14
94	2024-03-18 18:17:33.504758-05	396	15
95	2024-03-18 18:17:33.510978-05	395	16
96	2024-03-18 18:17:33.519204-05	394	14
97	2024-03-18 18:17:33.52575-05	393	15
98	2024-03-18 18:17:33.532847-05	392	16
99	2024-03-18 18:17:33.539735-05	391	14
100	2024-03-18 18:17:33.545855-05	390	15
101	2024-03-18 18:17:33.554409-05	389	16
102	2024-03-18 18:17:33.560694-05	388	14
103	2024-03-18 18:17:33.567517-05	387	15
104	2024-03-18 18:17:33.573468-05	386	16
105	2024-03-18 18:17:33.579721-05	385	14
106	2024-03-18 18:17:33.587353-05	384	15
107	2024-03-18 18:17:33.59379-05	383	16
108	2024-03-18 18:17:33.600767-05	382	14
109	2024-03-18 18:17:33.606425-05	381	15
110	2024-03-18 18:17:33.613419-05	380	16
111	2024-03-18 18:17:33.62117-05	379	14
112	2024-03-18 18:17:33.628131-05	378	15
113	2024-03-18 18:17:33.636125-05	377	16
114	2024-03-18 18:17:33.642002-05	376	14
115	2024-03-18 18:17:33.649249-05	375	15
116	2024-03-18 18:17:33.657473-05	374	16
117	2024-03-18 18:17:33.663706-05	373	14
118	2024-03-18 18:17:33.672678-05	372	15
119	2024-03-18 18:17:33.680065-05	371	16
120	2024-03-18 18:17:33.689016-05	370	14
121	2024-03-18 18:17:33.695375-05	369	15
122	2024-03-18 18:17:33.706378-05	368	16
123	2024-03-18 18:17:33.712214-05	367	14
124	2024-03-18 18:17:33.720094-05	366	15
125	2024-03-18 18:17:33.726991-05	365	16
126	2024-03-18 18:17:33.736251-05	364	14
127	2024-03-18 18:17:33.747491-05	363	15
128	2024-03-18 18:17:33.758291-05	362	16
129	2024-03-18 18:17:33.76578-05	361	14
130	2024-03-18 18:17:33.772254-05	360	15
131	2024-03-18 18:17:33.777193-05	359	16
132	2024-03-18 18:17:33.782735-05	358	14
133	2024-03-18 18:17:33.788956-05	357	15
134	2024-03-18 18:17:33.795622-05	356	16
135	2024-03-18 18:17:33.803502-05	355	14
136	2024-03-18 18:17:33.808488-05	354	15
137	2024-03-18 18:17:33.814923-05	353	16
138	2024-03-18 18:17:33.821712-05	352	14
139	2024-03-18 18:17:33.828182-05	351	15
140	2024-03-18 18:17:33.834797-05	350	16
141	2024-03-18 18:17:33.840807-05	349	14
142	2024-03-18 18:17:33.846642-05	348	15
143	2024-03-18 18:17:33.854787-05	347	16
144	2024-03-18 18:17:33.862653-05	346	14
145	2024-03-18 18:17:33.876245-05	345	15
146	2024-03-18 18:17:33.883416-05	344	16
147	2024-03-18 18:17:33.890896-05	343	14
148	2024-03-18 18:17:33.895892-05	342	15
149	2024-03-18 18:17:33.904185-05	341	16
150	2024-03-18 18:17:33.909146-05	340	14
151	2024-03-18 18:17:33.915326-05	339	15
152	2024-03-18 18:17:33.923122-05	338	16
153	2024-03-18 18:17:33.929222-05	337	14
154	2024-03-18 18:17:33.937104-05	336	15
155	2024-03-18 18:17:33.943427-05	335	16
156	2024-03-18 18:17:33.953102-05	334	14
157	2024-03-18 18:17:33.959487-05	333	15
158	2024-03-18 18:17:33.966484-05	332	16
159	2024-03-18 18:17:33.972765-05	331	14
160	2024-03-18 18:17:33.979625-05	330	15
161	2024-03-18 18:17:33.991568-05	329	16
162	2024-03-18 18:17:33.997032-05	328	14
163	2024-03-18 18:17:34.004171-05	327	15
164	2024-03-18 18:17:34.009576-05	326	16
165	2024-03-18 18:17:34.015119-05	325	14
166	2024-03-18 18:17:34.021894-05	324	15
167	2024-03-18 18:17:34.028387-05	323	16
168	2024-03-18 18:17:34.036137-05	322	14
169	2024-03-18 18:17:34.042822-05	321	15
170	2024-03-18 18:17:34.049644-05	320	16
171	2024-03-18 18:17:34.056072-05	319	14
172	2024-03-18 18:17:34.06271-05	318	15
173	2024-03-18 18:17:34.070631-05	317	16
174	2024-03-18 18:17:34.076929-05	316	14
175	2024-03-18 18:17:34.084336-05	315	15
176	2024-03-18 18:17:34.09034-05	314	16
177	2024-03-18 18:17:34.096423-05	313	14
178	2024-03-18 18:17:34.104446-05	312	15
179	2024-03-18 18:17:34.110491-05	311	16
180	2024-03-18 18:17:34.117759-05	310	14
181	2024-03-18 18:17:34.123216-05	309	15
182	2024-03-18 18:17:34.12834-05	308	16
183	2024-03-18 18:17:34.1363-05	307	14
184	2024-03-18 18:17:34.142425-05	306	15
185	2024-03-18 18:17:34.14874-05	305	16
186	2024-03-18 18:17:34.155215-05	304	14
187	2024-03-18 18:17:34.16-05	303	15
188	2024-03-18 18:17:34.166295-05	302	16
189	2024-03-18 18:17:34.172689-05	301	14
190	2024-03-18 18:17:34.178912-05	300	15
191	2024-03-18 18:17:34.186434-05	299	16
192	2024-03-18 18:17:34.192824-05	298	14
193	2024-03-18 18:17:34.201704-05	297	15
194	2024-03-18 18:17:34.208272-05	296	16
195	2024-03-18 18:17:34.213789-05	295	14
196	2024-03-18 18:17:34.22252-05	294	15
197	2024-03-18 18:17:34.229267-05	293	16
198	2024-03-18 18:17:34.23812-05	292	14
199	2024-03-18 18:17:34.250022-05	291	15
200	2024-03-18 18:17:34.258446-05	290	16
201	2024-03-18 18:17:34.264084-05	289	14
202	2024-03-18 18:17:34.271333-05	288	15
203	2024-03-18 18:17:34.277971-05	287	16
204	2024-03-18 18:17:34.286161-05	286	14
205	2024-03-18 18:17:34.292351-05	285	15
206	2024-03-18 18:17:34.299154-05	284	16
207	2024-03-18 18:17:34.305231-05	283	14
208	2024-03-18 18:17:34.311557-05	282	15
209	2024-03-18 18:17:34.319332-05	281	16
210	2024-03-18 18:17:34.324991-05	280	14
211	2024-03-18 18:17:34.33015-05	279	15
212	2024-03-18 18:17:34.337466-05	278	16
213	2024-03-18 18:17:34.34359-05	277	14
214	2024-03-18 18:17:34.350946-05	276	15
215	2024-03-18 18:17:34.35684-05	275	16
216	2024-03-18 18:17:34.361885-05	274	14
217	2024-03-18 18:17:34.369011-05	273	15
218	2024-03-18 18:17:34.375922-05	272	16
219	2024-03-18 18:17:34.382813-05	271	14
220	2024-03-18 18:17:34.38947-05	270	15
221	2024-03-18 18:17:34.395964-05	269	16
222	2024-03-18 18:17:34.40436-05	268	14
223	2024-03-18 18:17:34.410729-05	267	15
224	2024-03-18 18:17:34.417976-05	266	16
225	2024-03-18 18:17:34.424943-05	265	14
226	2024-03-18 18:17:34.430065-05	264	15
227	2024-03-18 18:17:34.439078-05	263	16
228	2024-03-18 18:17:34.444417-05	262	14
229	2024-03-18 18:17:34.451426-05	261	15
230	2024-03-18 18:17:34.45774-05	260	16
231	2024-03-18 18:17:34.463792-05	259	14
232	2024-03-18 18:17:34.472627-05	258	15
233	2024-03-18 18:17:34.479337-05	257	16
234	2024-03-18 18:17:34.489508-05	256	14
235	2024-03-18 18:17:34.496327-05	255	15
236	2024-03-18 18:17:34.504015-05	254	16
237	2024-03-18 18:17:34.510465-05	253	14
238	2024-03-18 18:17:34.517793-05	252	15
239	2024-03-18 18:17:34.523893-05	251	16
240	2024-03-18 18:17:34.530534-05	250	14
241	2024-03-18 18:17:34.538756-05	249	15
242	2024-03-18 18:17:34.544972-05	248	16
243	2024-03-18 18:17:34.552383-05	247	14
244	2024-03-18 18:17:34.558451-05	246	15
245	2024-03-18 18:17:34.564798-05	245	16
246	2024-03-18 18:17:34.571584-05	244	14
247	2024-03-18 18:17:34.576804-05	243	15
248	2024-03-18 18:17:34.584045-05	242	16
249	2024-03-18 18:17:34.589319-05	241	14
250	2024-03-18 18:17:34.594985-05	240	15
251	2024-03-18 18:17:34.602712-05	239	16
252	2024-03-18 18:17:34.609374-05	238	14
253	2024-03-18 18:17:34.61694-05	237	15
254	2024-03-18 18:17:34.623095-05	236	16
255	2024-03-18 18:17:34.628446-05	235	14
256	2024-03-18 18:17:34.635864-05	234	15
257	2024-03-18 18:17:34.641983-05	233	16
258	2024-03-18 18:17:34.648567-05	232	14
259	2024-03-18 18:17:34.655751-05	231	15
260	2024-03-18 18:17:34.662097-05	230	16
261	2024-03-18 18:17:34.669744-05	229	14
262	2024-03-18 18:17:34.675433-05	228	15
263	2024-03-18 18:17:34.680356-05	227	16
264	2024-03-18 18:17:34.688201-05	226	14
265	2024-03-18 18:17:34.694865-05	225	15
266	2024-03-18 18:17:34.703175-05	224	16
267	2024-03-18 18:17:34.708338-05	223	14
268	2024-03-18 18:17:34.713924-05	222	15
269	2024-03-18 18:17:34.721614-05	221	16
270	2024-03-18 18:17:34.727194-05	220	14
271	2024-03-18 18:17:34.736093-05	219	15
272	2024-03-18 18:17:34.748091-05	218	16
273	2024-03-18 18:17:34.756021-05	217	14
274	2024-03-18 18:17:34.762393-05	216	15
275	2024-03-18 18:17:34.769949-05	215	16
276	2024-03-18 18:17:34.776963-05	214	14
277	2024-03-18 18:17:34.785205-05	213	15
278	2024-03-18 18:17:34.790173-05	212	16
279	2024-03-18 18:17:34.794873-05	211	14
280	2024-03-18 18:17:34.802547-05	210	15
281	2024-03-18 18:17:34.808551-05	209	16
282	2024-03-18 18:17:34.814217-05	208	14
283	2024-03-18 18:17:34.821324-05	207	15
284	2024-03-18 18:17:34.827462-05	206	16
285	2024-03-18 18:17:34.834649-05	205	14
286	2024-03-18 18:17:34.841202-05	204	15
287	2024-03-18 18:17:34.848701-05	203	16
288	2024-03-18 18:17:34.855324-05	202	14
289	2024-03-18 18:17:34.860235-05	201	15
290	2024-03-18 18:17:34.865603-05	200	16
291	2024-03-18 18:17:34.871844-05	199	14
292	2024-03-18 18:17:34.877295-05	198	15
293	2024-03-18 18:17:34.883592-05	197	16
294	2024-03-18 18:17:34.890278-05	196	14
295	2024-03-18 18:17:34.896234-05	195	15
296	2024-03-18 18:17:34.904677-05	194	16
297	2024-03-18 18:17:34.91088-05	193	14
298	2024-03-18 18:17:34.918106-05	192	15
299	2024-03-18 18:17:34.923378-05	191	16
300	2024-03-18 18:17:34.928198-05	190	14
301	2024-03-18 18:17:34.936465-05	189	15
302	2024-03-18 18:17:34.941539-05	188	16
303	2024-03-18 18:17:34.946219-05	187	14
304	2024-03-18 18:17:34.953285-05	186	15
305	2024-03-18 18:17:34.960243-05	185	16
306	2024-03-18 18:17:34.966492-05	184	14
307	2024-03-18 18:17:34.972476-05	183	15
308	2024-03-18 18:17:34.977846-05	182	16
309	2024-03-18 18:17:34.986625-05	181	14
310	2024-03-18 18:17:34.999096-05	180	15
311	2024-03-18 18:17:35.005254-05	179	16
312	2024-03-18 18:17:35.011798-05	178	14
313	2024-03-18 18:17:35.019443-05	177	15
314	2024-03-18 18:17:35.02521-05	176	16
315	2024-03-18 18:17:35.030571-05	175	14
316	2024-03-18 18:17:35.038142-05	174	15
317	2024-03-18 18:17:35.044246-05	173	16
318	2024-03-18 18:17:35.051682-05	172	14
319	2024-03-18 18:17:35.057419-05	171	15
320	2024-03-18 18:17:35.064008-05	170	16
321	2024-03-18 18:17:35.071337-05	169	14
322	2024-03-18 18:17:35.077628-05	168	15
323	2024-03-18 18:17:35.086-05	167	16
324	2024-03-18 18:17:35.091561-05	166	14
325	2024-03-18 18:17:35.096389-05	165	15
326	2024-03-18 18:17:35.103254-05	164	16
327	2024-03-18 18:17:35.109645-05	163	14
328	2024-03-18 18:17:35.116803-05	162	15
329	2024-03-18 18:17:35.123554-05	161	16
330	2024-03-18 18:17:35.129811-05	160	14
331	2024-03-18 18:17:35.137011-05	159	15
332	2024-03-18 18:17:35.142387-05	158	16
333	2024-03-18 18:17:35.150675-05	157	14
334	2024-03-18 18:17:35.156655-05	156	15
335	2024-03-18 18:17:35.161912-05	155	16
336	2024-03-18 18:17:35.169306-05	154	14
337	2024-03-18 18:17:35.175633-05	153	15
338	2024-03-18 18:17:35.182187-05	152	16
339	2024-03-18 18:17:35.188858-05	151	14
340	2024-03-18 18:17:35.195275-05	150	15
341	2024-03-18 18:17:35.203939-05	149	16
342	2024-03-18 18:17:35.212723-05	148	14
343	2024-03-18 18:17:35.220328-05	147	15
344	2024-03-18 18:17:35.227222-05	146	16
345	2024-03-18 18:17:35.236415-05	145	14
346	2024-03-18 18:17:35.249335-05	144	15
347	2024-03-18 18:17:35.25624-05	143	16
348	2024-03-18 18:17:35.262461-05	142	14
349	2024-03-18 18:17:35.270867-05	141	15
350	2024-03-18 18:17:35.278381-05	140	16
351	2024-03-18 18:17:35.28583-05	139	14
352	2024-03-18 18:17:35.292004-05	138	15
353	2024-03-18 18:17:35.298997-05	137	16
354	2024-03-18 18:17:35.306082-05	136	14
355	2024-03-18 18:17:35.312552-05	135	15
356	2024-03-18 18:17:35.320273-05	134	16
357	2024-03-18 18:17:35.326014-05	133	14
358	2024-03-18 18:17:35.332449-05	132	15
359	2024-03-18 18:17:35.339644-05	131	16
360	2024-03-18 18:17:35.345914-05	130	14
361	2024-03-18 18:17:35.353994-05	129	15
362	2024-03-18 18:17:35.360093-05	128	16
363	2024-03-18 18:17:35.368572-05	127	14
364	2024-03-18 18:17:35.374919-05	126	15
365	2024-03-18 18:17:35.381167-05	125	16
366	2024-03-18 18:17:35.388823-05	124	14
367	2024-03-18 18:17:35.393902-05	123	15
368	2024-03-18 18:17:35.400634-05	122	16
369	2024-03-18 18:17:35.406705-05	121	14
370	2024-03-18 18:17:35.412878-05	120	15
371	2024-03-18 18:17:35.420521-05	119	16
372	2024-03-18 18:17:35.42722-05	118	14
373	2024-03-18 18:17:35.434684-05	117	15
374	2024-03-18 18:17:35.441005-05	116	16
375	2024-03-18 18:17:35.447416-05	115	14
376	2024-03-18 18:17:35.455971-05	114	15
377	2024-03-18 18:17:35.463165-05	113	16
378	2024-03-18 18:17:35.471531-05	112	14
379	2024-03-18 18:17:35.47675-05	111	15
380	2024-03-18 18:17:35.486214-05	110	16
381	2024-03-18 18:17:35.498423-05	109	14
382	2024-03-18 18:17:35.504729-05	108	15
383	2024-03-18 18:17:35.509419-05	107	16
384	2024-03-18 18:17:35.516195-05	106	14
385	2024-03-18 18:17:35.522096-05	105	15
386	2024-03-18 18:17:35.528718-05	104	16
387	2024-03-18 18:17:35.535836-05	103	14
388	2024-03-18 18:17:35.541742-05	102	15
389	2024-03-18 18:17:35.548861-05	101	16
390	2024-03-18 18:17:35.555448-05	100	14
391	2024-03-18 18:17:35.561479-05	99	15
392	2024-03-18 18:17:35.569187-05	98	16
393	2024-03-18 18:17:35.575664-05	97	14
394	2024-03-18 18:17:35.581029-05	96	15
395	2024-03-18 18:17:35.588377-05	95	16
396	2024-03-18 18:17:35.593411-05	94	14
397	2024-03-18 18:17:35.599452-05	93	15
398	2024-03-18 18:17:35.605996-05	92	16
399	2024-03-18 18:17:35.61144-05	91	14
400	2024-03-18 18:17:35.618466-05	90	15
401	2024-03-18 18:17:35.623817-05	89	16
402	2024-03-18 18:17:35.629201-05	88	14
403	2024-03-18 18:17:35.636452-05	87	15
404	2024-03-18 18:17:35.643595-05	86	16
405	2024-03-18 18:17:35.65144-05	85	14
406	2024-03-18 18:17:35.657971-05	84	15
407	2024-03-18 18:17:35.665152-05	83	16
408	2024-03-18 18:17:35.674876-05	82	14
409	2024-03-18 18:17:35.682313-05	81	15
410	2024-03-18 18:17:35.689604-05	80	16
411	2024-03-18 18:17:35.694604-05	79	14
412	2024-03-18 18:17:35.702853-05	78	15
413	2024-03-18 18:17:35.708374-05	77	16
414	2024-03-18 18:17:35.713186-05	76	14
415	2024-03-18 18:17:35.72005-05	75	15
416	2024-03-18 18:17:35.726529-05	74	16
417	2024-03-18 18:17:35.735486-05	73	14
418	2024-03-18 18:17:35.747184-05	72	15
419	2024-03-18 18:17:35.755808-05	71	16
420	2024-03-18 18:17:35.762493-05	70	14
421	2024-03-18 18:17:35.770056-05	69	15
422	2024-03-18 18:17:35.7768-05	68	16
423	2024-03-18 18:17:35.783659-05	67	14
424	2024-03-18 18:17:35.790015-05	66	15
425	2024-03-18 18:17:35.795762-05	65	16
426	2024-03-18 18:17:35.803566-05	64	14
427	2024-03-18 18:17:35.810008-05	63	15
428	2024-03-18 18:17:35.817583-05	62	16
429	2024-03-18 18:17:35.82416-05	61	14
430	2024-03-18 18:17:35.829324-05	60	15
431	2024-03-18 18:17:35.83722-05	59	16
432	2024-03-18 18:17:35.844034-05	58	14
433	2024-03-18 18:17:35.851911-05	57	15
434	2024-03-18 18:17:35.857355-05	56	16
435	2024-03-18 18:17:35.864385-05	55	14
436	2024-03-18 18:17:35.871096-05	54	15
437	2024-03-18 18:17:35.877183-05	53	16
438	2024-03-18 18:17:35.88722-05	52	14
439	2024-03-18 18:17:35.892827-05	51	15
440	2024-03-18 18:17:35.898944-05	50	16
441	2024-03-18 18:17:35.904863-05	49	14
442	2024-03-18 18:17:35.909487-05	48	15
443	2024-03-18 18:17:35.914931-05	47	16
444	2024-03-18 18:17:35.922065-05	46	14
445	2024-03-18 18:17:35.928108-05	45	15
446	2024-03-18 18:17:35.935833-05	44	16
447	2024-03-18 18:17:35.940773-05	43	14
448	2024-03-18 18:17:35.947096-05	42	15
449	2024-03-18 18:17:35.955926-05	41	16
450	2024-03-18 18:17:35.96193-05	40	14
451	2024-03-18 18:17:35.969067-05	39	15
452	2024-03-18 18:17:35.974066-05	38	16
453	2024-03-18 18:17:35.980597-05	37	14
454	2024-03-18 18:17:35.9918-05	36	15
455	2024-03-18 18:17:35.997432-05	35	16
456	2024-03-18 18:17:36.004755-05	34	14
457	2024-03-18 18:17:36.010246-05	33	15
458	2024-03-18 18:17:36.015905-05	32	16
459	2024-03-18 18:17:36.022179-05	31	14
460	2024-03-18 18:17:36.028464-05	30	15
461	2024-03-18 18:17:36.035924-05	29	16
462	2024-03-18 18:17:36.041355-05	28	14
463	2024-03-18 18:17:36.046792-05	27	15
\.


--
-- Data for Name: ventas_lead; Type: TABLE DATA; Schema: public; Owner: postgres
--

COPY public.ventas_lead (id, nombre, apellido, asignado, celular, celular2, comentario, "horaRecepcion", llamar, importante, fecha_asignacion, fecha_desasignacion, "recienCreado", fecha_creacion, fecha_actualizacion, asesor_id, campania_id, estado_id, "estadoLead_id", objecion_id, "usuarioActualizador_id", "usuarioCreador_id", "estadoSeparacionLead_id") FROM stdin;
90	Javier		t	938272501	\N		2024-02-10 00:00:00-05	t	f	2024-03-18 18:17:35.615362-05	\N	f	2024-03-18 18:16:06.561447-05	2024-03-18 18:17:35.616676-05	15	1	A	EP	1	\N	\N	\N
89	Cristhian		t	924525419	\N		2024-02-10 00:00:00-05	t	f	2024-03-18 18:17:35.621713-05	\N	f	2024-03-18 18:16:06.552663-05	2024-03-18 18:17:35.622526-05	16	1	A	EP	1	\N	\N	\N
87	Daniela		t	994895558	\N		2024-02-10 00:00:00-05	t	f	2024-03-18 18:17:35.63348-05	\N	f	2024-03-18 18:16:06.534164-05	2024-03-18 18:17:35.634541-05	15	1	A	EP	1	\N	\N	\N
86	S/N		t	997625067	\N		2024-02-10 00:00:00-05	t	f	2024-03-18 18:17:35.640354-05	\N	f	2024-03-18 18:16:06.525647-05	2024-03-18 18:17:35.641652-05	16	1	A	EP	1	\N	\N	\N
85	Dayana		t	964503873	\N		2024-02-10 00:00:00-05	t	f	2024-03-18 18:17:35.647018-05	\N	f	2024-03-18 18:16:06.516688-05	2024-03-18 18:17:35.649298-05	14	1	A	EP	1	\N	\N	\N
84	Marilia		t	976156409	\N		2024-02-10 00:00:00-05	t	f	2024-03-18 18:17:35.655102-05	\N	f	2024-03-18 18:16:06.506971-05	2024-03-18 18:17:35.656227-05	15	1	A	EP	1	\N	\N	\N
83	Ketty		t	966677580	\N		2024-02-10 00:00:00-05	t	f	2024-03-18 18:17:35.662084-05	\N	f	2024-03-18 18:16:06.497565-05	2024-03-18 18:17:35.663119-05	16	1	A	EP	1	\N	\N	\N
81	Ronaldo		t	962172806	\N		2024-02-10 00:00:00-05	t	f	2024-03-18 18:17:35.678519-05	\N	f	2024-03-18 18:16:06.478242-05	2024-03-18 18:17:35.679542-05	15	1	A	EP	1	\N	\N	\N
80	Hildo		t	986888555	\N		2024-02-10 00:00:00-05	t	f	2024-03-18 18:17:35.687375-05	\N	f	2024-03-18 18:16:06.468883-05	2024-03-18 18:17:35.688257-05	16	1	A	EP	1	\N	\N	\N
79	Miguel		t	958705011	\N		2024-02-10 00:00:00-05	t	f	2024-03-18 18:17:35.692399-05	\N	f	2024-03-18 18:16:06.460403-05	2024-03-18 18:17:35.693237-05	14	1	A	EP	1	\N	\N	\N
78	Francisco		t	952348768	\N		2024-02-10 00:00:00-05	t	f	2024-03-18 18:17:35.697927-05	\N	f	2024-03-18 18:16:06.45025-05	2024-03-18 18:17:35.700531-05	15	1	A	EP	1	\N	\N	\N
76	Diego		t	943395816	\N		2024-02-09 00:00:00-05	t	f	2024-03-18 18:17:35.711282-05	\N	f	2024-03-18 18:16:06.430725-05	2024-03-18 18:17:35.71193-05	14	1	A	EP	1	\N	\N	\N
75	Danitza		t	989759496	\N		2024-02-09 00:00:00-05	t	f	2024-03-18 18:17:35.717282-05	\N	f	2024-03-18 18:16:06.416757-05	2024-03-18 18:17:35.718668-05	15	1	A	EP	1	\N	\N	\N
74	Guido		t	994608955	\N		2024-02-09 00:00:00-05	t	f	2024-03-18 18:17:35.723512-05	\N	f	2024-03-18 18:16:06.4098-05	2024-03-18 18:17:35.724507-05	16	1	A	EP	1	\N	\N	\N
73	Concepci칩n		t	959037568	\N		2024-02-09 00:00:00-05	t	f	2024-03-18 18:17:35.730383-05	\N	f	2024-03-18 18:16:06.400363-05	2024-03-18 18:17:35.731508-05	14	1	A	EP	1	\N	\N	\N
71	Grethel		t	933598002	\N		2024-02-09 00:00:00-05	t	f	2024-03-18 18:17:35.752653-05	\N	f	2024-03-18 18:16:06.381412-05	2024-03-18 18:17:35.754146-05	16	1	A	EP	1	\N	\N	\N
70	Jean Carlo		t	942452151	\N		2024-02-09 00:00:00-05	t	f	2024-03-18 18:17:35.759841-05	\N	f	2024-03-18 18:16:06.372504-05	2024-03-18 18:17:35.7609-05	14	1	A	EP	1	\N	\N	\N
69	Sayda		t	915341146	\N		2024-02-09 00:00:00-05	t	f	2024-03-18 18:17:35.767276-05	\N	f	2024-03-18 18:16:06.363625-05	2024-03-18 18:17:35.768417-05	15	1	A	EP	1	\N	\N	\N
68	Gabriel		t	997704330	\N		2024-02-09 00:00:00-05	t	f	2024-03-18 18:17:35.773969-05	\N	f	2024-03-18 18:16:06.354359-05	2024-03-18 18:17:35.774987-05	16	1	A	EP	1	\N	\N	\N
66	Edgar		t	956201668	\N		2024-02-09 00:00:00-05	t	f	2024-03-18 18:17:35.787346-05	\N	f	2024-03-18 18:16:06.335863-05	2024-03-18 18:17:35.788236-05	15	1	A	EP	1	\N	\N	\N
65	Rosa		t	959041757	\N		2024-02-09 00:00:00-05	t	f	2024-03-18 18:17:35.793606-05	\N	f	2024-03-18 18:16:06.326296-05	2024-03-18 18:17:35.794319-05	16	1	A	EP	1	\N	\N	\N
64	Luz		t	973056264	\N		2024-02-08 00:00:00-05	t	f	2024-03-18 18:17:35.800477-05	\N	f	2024-03-18 18:16:06.317054-05	2024-03-18 18:17:35.802002-05	14	1	A	EP	1	\N	\N	\N
63	Enrique		t	974879680	\N		2024-02-08 00:00:00-05	t	f	2024-03-18 18:17:35.807393-05	\N	f	2024-03-18 18:16:06.309386-05	2024-03-18 18:17:35.808488-05	15	1	A	EP	1	\N	\N	\N
62	Celso		t	952658197	\N		2024-02-08 00:00:00-05	t	f	2024-03-18 18:17:35.813677-05	\N	f	2024-03-18 18:16:06.299557-05	2024-03-18 18:17:35.815524-05	16	1	A	EP	1	\N	\N	\N
60	Eduardo		t	973291346	\N		2024-02-08 00:00:00-05	t	f	2024-03-18 18:17:35.82732-05	\N	f	2024-03-18 18:16:06.283047-05	2024-03-18 18:17:35.828027-05	15	1	A	EP	1	\N	\N	\N
59	Brayan		t	978513524	\N		2024-02-08 00:00:00-05	t	f	2024-03-18 18:17:35.834148-05	\N	f	2024-03-18 18:16:06.27325-05	2024-03-18 18:17:35.835441-05	16	1	A	EP	1	\N	\N	\N
58	Marco		t	977136217	\N		2024-02-08 00:00:00-05	t	f	2024-03-18 18:17:35.84111-05	\N	f	2024-03-18 18:16:06.264687-05	2024-03-18 18:17:35.842199-05	14	1	A	EP	1	\N	\N	\N
57	Julio		t	957201702	\N		2024-02-08 00:00:00-05	t	f	2024-03-18 18:17:35.847957-05	\N	f	2024-03-18 18:16:06.255884-05	2024-03-18 18:17:35.849685-05	15	1	A	EP	1	\N	\N	\N
55	Cesar		t	995685498	\N		2024-02-08 00:00:00-05	t	f	2024-03-18 18:17:35.861418-05	\N	f	2024-03-18 18:16:06.23867-05	2024-03-18 18:17:35.862526-05	14	1	A	EP	1	\N	\N	\N
54	Gonzalo		t	976955066	\N		2024-02-08 00:00:00-05	t	f	2024-03-18 18:17:35.868781-05	\N	f	2024-03-18 18:16:06.229411-05	2024-03-18 18:17:35.869704-05	15	1	A	EP	1	\N	\N	\N
53	Angelica		t	942057171	\N		2024-02-08 00:00:00-05	t	f	2024-03-18 18:17:35.874659-05	\N	f	2024-03-18 18:16:06.220242-05	2024-03-18 18:17:35.875651-05	16	1	A	EP	1	\N	\N	\N
52	Elizabeth		t	978668946	\N		2024-02-08 00:00:00-05	t	f	2024-03-18 18:17:35.883687-05	\N	f	2024-03-18 18:16:06.211853-05	2024-03-18 18:17:35.885708-05	14	1	A	EP	1	\N	\N	\N
50	Alonso		t	971871471	\N		2024-02-07 00:00:00-05	t	f	2024-03-18 18:17:35.896047-05	\N	f	2024-03-18 18:16:06.194578-05	2024-03-18 18:17:35.896738-05	16	1	A	EP	1	\N	\N	\N
49	Efrain		t	986748444	\N		2024-02-07 00:00:00-05	t	f	2024-03-18 18:17:35.902673-05	\N	f	2024-03-18 18:16:06.185644-05	2024-03-18 18:17:35.903575-05	14	1	A	EP	1	\N	\N	\N
48	Edgar		t	959140324	\N		2024-02-07 00:00:00-05	t	f	2024-03-18 18:17:35.907593-05	\N	f	2024-03-18 18:16:06.171163-05	2024-03-18 18:17:35.908287-05	15	1	A	EP	1	\N	\N	\N
47	Mar칤a		t	972680009	\N		2024-02-07 00:00:00-05	t	f	2024-03-18 18:17:35.91223-05	\N	f	2024-03-18 18:16:06.161923-05	2024-03-18 18:17:35.912972-05	16	1	A	EP	1	\N	\N	\N
46	Felipe		t	999408855	\N		2024-02-07 00:00:00-05	t	f	2024-03-18 18:17:35.919525-05	\N	f	2024-03-18 18:16:06.151259-05	2024-03-18 18:17:35.920515-05	14	1	A	EP	1	\N	\N	\N
44	Annie		t	954683337	\N		2024-02-07 00:00:00-05	t	f	2024-03-18 18:17:35.932696-05	\N	f	2024-03-18 18:16:06.132604-05	2024-03-18 18:17:35.93399-05	16	1	A	EP	1	\N	\N	\N
43	Manuel		t	997812463	\N		2024-02-07 00:00:00-05	t	f	2024-03-18 18:17:35.938832-05	\N	f	2024-03-18 18:16:06.122361-05	2024-03-18 18:17:35.939521-05	14	1	A	EP	1	\N	\N	\N
42	Francklin		t	974786475	\N		2024-02-07 00:00:00-05	t	f	2024-03-18 18:17:35.943894-05	\N	f	2024-03-18 18:16:06.114433-05	2024-03-18 18:17:35.945243-05	15	1	A	EP	1	\N	\N	\N
40	Francisca		t	959833996	\N	Atencion no urgente	2024-02-07 00:00:00-05	t	f	2024-03-18 18:17:35.959366-05	\N	f	2024-03-18 18:16:06.097997-05	2024-03-18 18:17:35.960381-05	14	1	A	EP	1	\N	\N	\N
39	Julissa		t	992241833	\N		2024-02-07 00:00:00-05	t	f	2024-03-18 18:17:35.966267-05	\N	f	2024-03-18 18:16:06.08891-05	2024-03-18 18:17:35.967484-05	15	1	A	EP	1	\N	\N	\N
38	Omar		t	957829995	\N		2024-02-07 00:00:00-05	t	f	2024-03-18 18:17:35.972023-05	\N	f	2024-03-18 18:16:06.080723-05	2024-03-18 18:17:35.972682-05	16	1	A	EP	1	\N	\N	\N
37	Jose		t	989754536	\N		2024-02-07 00:00:00-05	t	f	2024-03-18 18:17:35.977597-05	\N	f	2024-03-18 18:16:06.071645-05	2024-03-18 18:17:35.978576-05	14	1	A	EP	1	\N	\N	\N
36	Manuel		t	956682642	\N		2024-02-07 00:00:00-05	t	f	2024-03-18 18:17:35.985951-05	\N	f	2024-03-18 18:16:06.062595-05	2024-03-18 18:17:35.988678-05	15	1	A	EP	1	\N	\N	\N
35	Lupita		t	997003247	\N		2024-02-06 00:00:00-05	t	f	2024-03-18 18:17:35.995153-05	\N	f	2024-03-18 18:16:06.054463-05	2024-03-18 18:17:35.996004-05	16	1	A	EP	1	\N	\N	\N
33			t	944205595	\N		2024-02-01 00:00:00-05	t	f	2024-03-18 18:17:36.008023-05	\N	f	2024-03-18 18:16:06.036549-05	2024-03-18 18:17:36.008861-05	15	1	A	EP	1	\N	\N	\N
32			t	941036327	988413		2024-02-01 00:00:00-05	t	f	2024-03-18 18:17:36.013234-05	\N	f	2024-03-18 18:16:06.027944-05	2024-03-18 18:17:36.014064-05	16	1	A	EP	1	\N	\N	\N
31			t	969758306	\N		2024-02-01 00:00:00-05	t	f	2024-03-18 18:17:36.019893-05	\N	f	2024-03-18 18:16:06.019128-05	2024-03-18 18:17:36.020727-05	14	1	A	EP	1	\N	\N	\N
30			t	937334123	\N		2024-02-01 00:00:00-05	t	f	2024-03-18 18:17:36.025711-05	\N	f	2024-03-18 18:16:06.011527-05	2024-03-18 18:17:36.026691-05	15	1	A	EP	1	\N	\N	\N
29			t	941679269	\N		2024-02-01 00:00:00-05	t	f	2024-03-18 18:17:36.032783-05	\N	f	2024-03-18 18:16:06.003017-05	2024-03-18 18:17:36.034176-05	16	1	A	EP	1	\N	\N	\N
27			t	920422911	\N		2024-02-01 00:00:00-05	t	f	2024-03-18 18:17:36.04465-05	\N	f	2024-03-18 18:16:05.984075-05	2024-03-18 18:17:36.045498-05	15	1	A	EP	1	\N	\N	\N
155	Edilberto		t	996593018	\N		2024-02-14 00:00:00-05	t	f	2024-03-18 18:17:35.159667-05	\N	f	2024-03-18 18:16:07.169335-05	2024-03-18 18:17:35.160556-05	16	1	A	EP	1	\N	\N	\N
154	Juan		t	958646839	\N		2024-02-14 00:00:00-05	t	f	2024-03-18 18:17:35.166373-05	\N	f	2024-03-18 18:16:07.160799-05	2024-03-18 18:17:35.16749-05	14	1	A	EP	1	\N	\N	\N
153	Evelyn		t	912004467	\N		2024-02-14 00:00:00-05	t	f	2024-03-18 18:17:35.172432-05	\N	f	2024-03-18 18:16:07.150256-05	2024-03-18 18:17:35.173798-05	15	1	A	EP	1	\N	\N	\N
151	Julia		t	947679784	\N		2024-02-14 00:00:00-05	t	f	2024-03-18 18:17:35.186408-05	\N	f	2024-03-18 18:16:07.129944-05	2024-03-18 18:17:35.187328-05	14	1	A	EP	1	\N	\N	\N
150	Julia		t	992227372	\N		2024-02-14 00:00:00-05	t	f	2024-03-18 18:17:35.192706-05	\N	f	2024-03-18 18:16:07.119725-05	2024-03-18 18:17:35.193815-05	15	1	A	EP	1	\N	\N	\N
149	Fredy		t	952250940	\N		2024-02-14 00:00:00-05	t	f	2024-03-18 18:17:35.199888-05	\N	f	2024-03-18 18:16:07.11181-05	2024-03-18 18:17:35.201338-05	16	1	A	EP	1	\N	\N	\N
148	GianCarlo		t	958090703	\N		2024-02-14 00:00:00-05	t	f	2024-03-18 18:17:35.209195-05	\N	f	2024-03-18 18:16:07.102512-05	2024-03-18 18:17:35.211036-05	14	1	A	EP	1	\N	\N	\N
147	Lino		t	997520506	\N		2024-02-13 00:00:00-05	t	f	2024-03-18 18:17:35.217058-05	\N	f	2024-03-18 18:16:07.09155-05	2024-03-18 18:17:35.218516-05	15	1	A	EP	1	\N	\N	\N
145	Flor		t	999001263	\N		2024-02-13 00:00:00-05	t	f	2024-03-18 18:17:35.230899-05	\N	f	2024-03-18 18:16:07.071088-05	2024-03-18 18:17:35.232445-05	14	1	A	EP	1	\N	\N	\N
144	Giuliano		t	993943900	\N		2024-02-13 00:00:00-05	t	f	2024-03-18 18:17:35.244907-05	\N	f	2024-03-18 18:16:07.063187-05	2024-03-18 18:17:35.246698-05	15	1	A	EP	1	\N	\N	\N
143	Luciana		t	964962901	\N		2024-02-13 00:00:00-05	t	f	2024-03-18 18:17:35.254045-05	\N	f	2024-03-18 18:16:07.054421-05	2024-03-18 18:17:35.254892-05	16	1	A	EP	1	\N	\N	\N
142	Brigitte		t	981778367	\N		2024-02-13 00:00:00-05	t	f	2024-03-18 18:17:35.259894-05	\N	f	2024-03-18 18:16:07.044064-05	2024-03-18 18:17:35.260878-05	14	1	A	EP	1	\N	\N	\N
140	Miguel		t	916412224	\N		2024-02-13 00:00:00-05	t	f	2024-03-18 18:17:35.275118-05	\N	f	2024-03-18 18:16:07.023811-05	2024-03-18 18:17:35.276378-05	16	1	A	EP	1	\N	\N	\N
139	Carlos		t	933674716	\N		2024-02-13 00:00:00-05	t	f	2024-03-18 18:17:35.283108-05	\N	f	2024-03-18 18:16:07.013738-05	2024-03-18 18:17:35.284081-05	14	1	A	EP	1	\N	\N	\N
138	James		t	927258559	\N		2024-02-13 00:00:00-05	t	f	2024-03-18 18:17:35.289632-05	\N	f	2024-03-18 18:16:07.004447-05	2024-03-18 18:17:35.290469-05	15	1	A	EP	1	\N	\N	\N
137	S/N		t	936063187	\N		2024-02-13 00:00:00-05	t	f	2024-03-18 18:17:35.29552-05	\N	f	2024-03-18 18:16:06.996091-05	2024-03-18 18:17:35.296552-05	16	1	A	EP	1	\N	\N	\N
135	Job		t	975575204	\N		2024-02-12 00:00:00-05	t	f	2024-03-18 18:17:35.309766-05	\N	f	2024-03-18 18:16:06.976264-05	2024-03-18 18:17:35.310865-05	15	1	A	EP	1	\N	\N	\N
134	Alvaro		t	947774804	\N		2024-02-12 00:00:00-05	t	f	2024-03-18 18:17:35.317114-05	\N	f	2024-03-18 18:16:06.966399-05	2024-03-18 18:17:35.318526-05	16	1	A	EP	1	\N	\N	\N
133	Henry		t	940854694	\N		2024-02-12 00:00:00-05	t	f	2024-03-18 18:17:35.32387-05	\N	f	2024-03-18 18:16:06.959212-05	2024-03-18 18:17:35.324571-05	14	1	A	EP	1	\N	\N	\N
132	Luis		t	943662383	\N		2024-02-12 00:00:00-05	t	f	2024-03-18 18:17:35.329225-05	\N	f	2024-03-18 18:16:06.949283-05	2024-03-18 18:17:35.330006-05	15	1	A	EP	1	\N	\N	\N
131	Isabel		t	989040042	\N		2024-02-12 00:00:00-05	t	f	2024-03-18 18:17:35.337371-05	\N	f	2024-03-18 18:16:06.940595-05	2024-03-18 18:17:35.338203-05	16	1	A	EP	1	\N	\N	\N
129	Jean		t	927437604	\N		2024-02-12 00:00:00-05	t	f	2024-03-18 18:17:35.350761-05	\N	f	2024-03-18 18:16:06.915069-05	2024-03-18 18:17:35.352249-05	15	1	A	EP	1	\N	\N	\N
128	Hermelinda		t	960320390	\N		2024-02-12 00:00:00-05	t	f	2024-03-18 18:17:35.357467-05	\N	f	2024-03-18 18:16:06.905886-05	2024-03-18 18:17:35.358326-05	16	1	A	EP	1	\N	\N	\N
127	Victor		t	961023100	\N		2024-02-12 00:00:00-05	t	f	2024-03-18 18:17:35.364062-05	\N	f	2024-03-18 18:16:06.896931-05	2024-03-18 18:17:35.36635-05	14	1	A	EP	1	\N	\N	\N
126	Maria		t	958906068	\N		2024-02-12 00:00:00-05	t	f	2024-03-18 18:17:35.372174-05	\N	f	2024-03-18 18:16:06.887586-05	2024-03-18 18:17:35.373274-05	15	1	A	EP	1	\N	\N	\N
124	Eli		t	974224636	\N		2024-02-12 00:00:00-05	t	f	2024-03-18 18:17:35.386108-05	\N	f	2024-03-18 18:16:06.869476-05	2024-03-18 18:17:35.387133-05	14	1	A	EP	1	\N	\N	\N
123	Sandro		t	983983097	\N		2024-02-12 00:00:00-05	t	f	2024-03-18 18:17:35.391864-05	\N	f	2024-03-18 18:16:06.861518-05	2024-03-18 18:17:35.392566-05	15	1	A	EP	1	\N	\N	\N
122	Milagros		t	966569521	\N		2024-02-12 00:00:00-05	t	f	2024-03-18 18:17:35.397098-05	\N	f	2024-03-18 18:16:06.851541-05	2024-03-18 18:17:35.398723-05	16	1	A	EP	1	\N	\N	\N
121	Mireille		t	960087686	\N		2024-02-11 00:00:00-05	t	f	2024-03-18 18:17:35.40424-05	\N	f	2024-03-18 18:16:06.843265-05	2024-03-18 18:17:35.405206-05	14	1	A	EP	1	\N	\N	\N
119	Yanet		t	921139456	\N		2024-02-11 00:00:00-05	t	f	2024-03-18 18:17:35.417472-05	\N	f	2024-03-18 18:16:06.824991-05	2024-03-18 18:17:35.418726-05	16	1	A	EP	1	\N	\N	\N
118	Lesly		t	944399181	\N		2024-02-11 00:00:00-05	t	f	2024-03-18 18:17:35.424497-05	\N	f	2024-03-18 18:16:06.816041-05	2024-03-18 18:17:35.425571-05	14	1	A	EP	1	\N	\N	\N
117	Karla		t	946325977	\N		2024-02-11 00:00:00-05	t	f	2024-03-18 18:17:35.43128-05	\N	f	2024-03-18 18:16:06.806161-05	2024-03-18 18:17:35.432838-05	15	1	A	EP	1	\N	\N	\N
116	Rasec		t	963202436	\N		2024-02-11 00:00:00-05	t	f	2024-03-18 18:17:35.438472-05	\N	f	2024-03-18 18:16:06.795071-05	2024-03-18 18:17:35.439397-05	16	1	A	EP	1	\N	\N	\N
114	Asunci칩n		t	985957871	\N		2024-02-11 00:00:00-05	t	f	2024-03-18 18:17:35.452439-05	\N	f	2024-03-18 18:16:06.774642-05	2024-03-18 18:17:35.453676-05	15	1	A	EP	1	\N	\N	\N
113	Ignacio		t	977576707	\N		2024-02-11 00:00:00-05	t	f	2024-03-18 18:17:35.460078-05	\N	f	2024-03-18 18:16:06.765496-05	2024-03-18 18:17:35.461235-05	16	1	A	EP	1	\N	\N	\N
112	Marianela		t	939897617	\N		2024-02-11 00:00:00-05	t	f	2024-03-18 18:17:35.468651-05	\N	f	2024-03-18 18:16:06.757146-05	2024-03-18 18:17:35.469933-05	14	1	A	EP	1	\N	\N	\N
111	Lilian		t	959166399	\N		2024-02-11 00:00:00-05	t	f	2024-03-18 18:17:35.474645-05	\N	f	2024-03-18 18:16:06.745353-05	2024-03-18 18:17:35.475429-05	15	1	A	EP	1	\N	\N	\N
110	Jorge		t	959924924	\N		2024-02-11 00:00:00-05	t	f	2024-03-18 18:17:35.479622-05	\N	f	2024-03-18 18:16:06.73556-05	2024-03-18 18:17:35.480504-05	16	1	A	EP	1	\N	\N	\N
108	Mario		t	981135947	\N		2024-02-11 00:00:00-05	t	f	2024-03-18 18:17:35.502628-05	\N	f	2024-03-18 18:16:06.715881-05	2024-03-18 18:17:35.503466-05	15	1	A	EP	1	\N	\N	\N
107	Iris		t	989503160	\N		2024-02-11 00:00:00-05	t	f	2024-03-18 18:17:35.507515-05	\N	f	2024-03-18 18:16:06.707975-05	2024-03-18 18:17:35.50827-05	16	1	A	EP	1	\N	\N	\N
106	Elvis		t	931853828	\N		2024-02-11 00:00:00-05	t	f	2024-03-18 18:17:35.512623-05	\N	f	2024-03-18 18:16:06.699591-05	2024-03-18 18:17:35.513614-05	14	1	A	EP	1	\N	\N	\N
105	Javier		t	958756982	\N		2024-02-11 00:00:00-05	t	f	2024-03-18 18:17:35.519957-05	\N	f	2024-03-18 18:16:06.692323-05	2024-03-18 18:17:35.520727-05	15	1	A	EP	1	\N	\N	\N
103	Shirley		t	958885025	\N		2024-02-11 00:00:00-05	t	f	2024-03-18 18:17:35.532974-05	\N	f	2024-03-18 18:16:06.668736-05	2024-03-18 18:17:35.534098-05	14	1	A	EP	1	\N	\N	\N
102	Antony		t	940184922	\N		2024-02-11 00:00:00-05	t	f	2024-03-18 18:17:35.53898-05	\N	f	2024-03-18 18:16:06.660804-05	2024-03-18 18:17:35.539812-05	15	1	A	EP	1	\N	\N	\N
101	Jusin		t	956434629	\N		2024-02-11 00:00:00-05	t	f	2024-03-18 18:17:35.545698-05	\N	f	2024-03-18 18:16:06.652453-05	2024-03-18 18:17:35.546531-05	16	1	A	EP	1	\N	\N	\N
100	Paul		t	951208744	\N		2024-02-11 00:00:00-05	t	f	2024-03-18 18:17:35.552934-05	\N	f	2024-03-18 18:16:06.644378-05	2024-03-18 18:17:35.553831-05	14	1	A	EP	1	\N	\N	\N
98	Joel		t	929546267	\N		2024-02-10 00:00:00-05	t	f	2024-03-18 18:17:35.5659-05	\N	f	2024-03-18 18:16:06.627125-05	2024-03-18 18:17:35.567247-05	16	1	A	EP	1	\N	\N	\N
97	James		t	970001999	\N		2024-02-10 00:00:00-05	t	f	2024-03-18 18:17:35.572978-05	\N	f	2024-03-18 18:16:06.617983-05	2024-03-18 18:17:35.574097-05	14	1	A	EP	1	\N	\N	\N
96	Fernando		t	937578489	\N		2024-02-10 00:00:00-05	t	f	2024-03-18 18:17:35.57882-05	\N	f	2024-03-18 18:16:06.610776-05	2024-03-18 18:17:35.579677-05	15	1	A	EP	1	\N	\N	\N
95	Angelica		t	900125384	\N		2024-02-10 00:00:00-05	t	f	2024-03-18 18:17:35.585889-05	\N	f	2024-03-18 18:16:06.602534-05	2024-03-18 18:17:35.586819-05	16	1	A	EP	1	\N	\N	\N
94	Jose		t	996274482	\N		2024-02-10 00:00:00-05	t	f	2024-03-18 18:17:35.591435-05	\N	f	2024-03-18 18:16:06.594976-05	2024-03-18 18:17:35.592166-05	14	1	A	EP	1	\N	\N	\N
92	Giuliana		t	987719093	\N		2024-02-10 00:00:00-05	t	f	2024-03-18 18:17:35.603511-05	\N	f	2024-03-18 18:16:06.576646-05	2024-03-18 18:17:35.604425-05	16	1	A	EP	1	\N	\N	\N
220	Isabel		t	959963966	\N		2024-02-16 00:00:00-05	t	f	2024-03-18 18:17:34.72462-05	\N	f	2024-03-18 18:16:07.793544-05	2024-03-18 18:17:34.725488-05	14	1	A	EP	1	\N	\N	\N
219	Franklin		t	932116508	\N		2024-02-16 00:00:00-05	t	f	2024-03-18 18:17:34.730895-05	\N	f	2024-03-18 18:16:07.78254-05	2024-03-18 18:17:34.732639-05	15	1	A	EP	1	\N	\N	\N
218	Carmen		t	958782012	\N		2024-02-16 00:00:00-05	t	f	2024-03-18 18:17:34.743829-05	\N	f	2024-03-18 18:16:07.772663-05	2024-03-18 18:17:34.745223-05	16	1	A	EP	1	\N	\N	\N
216	Heydi		t	976631832	\N		2024-02-16 00:00:00-05	t	f	2024-03-18 18:17:34.759781-05	\N	f	2024-03-18 18:16:07.749769-05	2024-03-18 18:17:34.760841-05	15	1	A	EP	1	\N	\N	\N
215	Tania		t	900031389	\N		2024-02-16 00:00:00-05	t	f	2024-03-18 18:17:34.766896-05	\N	f	2024-03-18 18:16:07.740529-05	2024-03-18 18:17:34.768223-05	16	1	A	EP	1	\N	\N	\N
214	Ricardo		t	976684216	\N		2024-02-16 00:00:00-05	t	f	2024-03-18 18:17:34.774025-05	\N	f	2024-03-18 18:16:07.730989-05	2024-03-18 18:17:34.775141-05	14	1	A	EP	1	\N	\N	\N
213	Nereyda		t	958615392	\N		2024-02-16 00:00:00-05	t	f	2024-03-18 18:17:34.781214-05	\N	f	2024-03-18 18:16:07.72247-05	2024-03-18 18:17:34.783232-05	15	1	A	EP	1	\N	\N	\N
212	Fabiola		t	980166373	\N		2024-02-16 00:00:00-05	t	f	2024-03-18 18:17:34.788289-05	\N	f	2024-03-18 18:16:07.714221-05	2024-03-18 18:17:34.788957-05	16	1	A	EP	1	\N	\N	\N
210	Gustavo		t	958754243	\N		2024-02-16 00:00:00-05	t	f	2024-03-18 18:17:34.799133-05	\N	f	2024-03-18 18:16:07.695742-05	2024-03-18 18:17:34.800441-05	15	1	A	EP	1	\N	\N	\N
209	Lucio		t	953521145	\N		2024-02-16 00:00:00-05	t	f	2024-03-18 18:17:34.806052-05	\N	f	2024-03-18 18:16:07.686295-05	2024-03-18 18:17:34.807063-05	16	1	A	EP	1	\N	\N	\N
208	Elizabeth		t	959185191	\N		2024-02-16 00:00:00-05	t	f	2024-03-18 18:17:34.812083-05	\N	f	2024-03-18 18:16:07.671124-05	2024-03-18 18:17:34.812773-05	14	1	A	EP	1	\N	\N	\N
207	Vane		t	999470032	\N		2024-02-16 00:00:00-05	t	f	2024-03-18 18:17:34.818979-05	\N	f	2024-03-18 18:16:07.662767-05	2024-03-18 18:17:34.819826-05	15	1	A	EP	1	\N	\N	\N
205	Enrique		t	958001647	\N		2024-02-16 00:00:00-05	t	f	2024-03-18 18:17:34.831508-05	\N	f	2024-03-18 18:16:07.643279-05	2024-03-18 18:17:34.832874-05	14	1	A	EP	1	\N	\N	\N
204	Alejandra		t	998189222	\N		2024-02-16 00:00:00-05	t	f	2024-03-18 18:17:34.838654-05	\N	f	2024-03-18 18:16:07.632269-05	2024-03-18 18:17:34.839631-05	15	1	A	EP	1	\N	\N	\N
203	S/N		t	958339276	\N		2024-02-16 00:00:00-05	t	f	2024-03-18 18:17:34.845144-05	\N	f	2024-03-18 18:16:07.62177-05	2024-03-18 18:17:34.846244-05	16	1	A	EP	1	\N	\N	\N
202	Edwin		t	945470100	\N		2024-02-16 00:00:00-05	t	f	2024-03-18 18:17:34.853141-05	\N	f	2024-03-18 18:16:07.612493-05	2024-03-18 18:17:34.853964-05	14	1	A	EP	1	\N	\N	\N
200	S/N		t	930423374	\N		2024-02-16 00:00:00-05	t	f	2024-03-18 18:17:34.862864-05	\N	f	2024-03-18 18:16:07.594277-05	2024-03-18 18:17:34.863516-05	16	1	A	EP	1	\N	\N	\N
199	S/N		t	928269028	\N		2024-02-16 00:00:00-05	t	f	2024-03-18 18:17:34.869609-05	\N	f	2024-03-18 18:16:07.583567-05	2024-03-18 18:17:34.87049-05	14	1	A	EP	1	\N	\N	\N
198	Luz		t	963775409	\N		2024-02-16 00:00:00-05	t	f	2024-03-18 18:17:34.875145-05	\N	f	2024-03-18 18:16:07.574982-05	2024-03-18 18:17:34.875971-05	15	1	A	EP	1	\N	\N	\N
197	S/N		t	969056849	\N		2024-02-15 00:00:00-05	t	f	2024-03-18 18:17:34.880332-05	\N	f	2024-03-18 18:16:07.565613-05	2024-03-18 18:17:34.881236-05	16	1	A	EP	1	\N	\N	\N
196	Deybi		t	970545228	\N		2024-02-15 00:00:00-05	t	f	2024-03-18 18:17:34.887637-05	\N	f	2024-03-18 18:16:07.556369-05	2024-03-18 18:17:34.8886-05	14	1	A	EP	1	\N	\N	\N
194	Flavio		t	959563196	\N		2024-02-15 00:00:00-05	t	f	2024-03-18 18:17:34.901667-05	\N	f	2024-03-18 18:16:07.53797-05	2024-03-18 18:17:34.903067-05	16	1	A	EP	1	\N	\N	\N
193	S/N		t	954867887	\N		2024-02-15 00:00:00-05	t	f	2024-03-18 18:17:34.908262-05	\N	f	2024-03-18 18:16:07.530333-05	2024-03-18 18:17:34.909274-05	14	1	A	EP	1	\N	\N	\N
192	Sonia		t	982386820	\N		2024-02-15 00:00:00-05	t	f	2024-03-18 18:17:34.914574-05	\N	f	2024-03-18 18:16:07.522256-05	2024-03-18 18:17:34.916202-05	15	1	A	EP	1	\N	\N	\N
191	S/N		t	943581484	\N		2024-02-15 00:00:00-05	t	f	2024-03-18 18:17:34.921489-05	\N	f	2024-03-18 18:16:07.512829-05	2024-03-18 18:17:34.922196-05	16	1	A	EP	1	\N	\N	\N
189	Nicole		t	914692387	\N		2024-02-15 00:00:00-05	t	f	2024-03-18 18:17:34.932996-05	\N	f	2024-03-18 18:16:07.49625-05	2024-03-18 18:17:34.934541-05	15	1	A	EP	1	\N	\N	\N
188	Ana Mar칤a		t	938428237	\N		2024-02-15 00:00:00-05	t	f	2024-03-18 18:17:34.93968-05	\N	f	2024-03-18 18:16:07.488153-05	2024-03-18 18:17:34.94035-05	16	1	A	EP	1	\N	\N	\N
187	S/N		t	987899100	\N		2024-02-15 00:00:00-05	t	f	2024-03-18 18:17:34.944191-05	\N	f	2024-03-18 18:16:07.47959-05	2024-03-18 18:17:34.944936-05	14	1	A	EP	1	\N	\N	\N
186	S/N		t	993041346	\N		2024-02-15 00:00:00-05	t	f	2024-03-18 18:17:34.950165-05	\N	f	2024-03-18 18:16:07.470961-05	2024-03-18 18:17:34.951346-05	15	1	A	EP	1	\N	\N	\N
184	Nohely		t	916565263	\N		2024-02-15 00:00:00-05	t	f	2024-03-18 18:17:34.963325-05	\N	f	2024-03-18 18:16:07.453489-05	2024-03-18 18:17:34.964235-05	14	1	A	EP	1	\N	\N	\N
183	Daniel		t	952617271	\N		2024-02-15 00:00:00-05	t	f	2024-03-18 18:17:34.969921-05	\N	f	2024-03-18 18:16:07.445641-05	2024-03-18 18:17:34.970934-05	15	1	A	EP	1	\N	\N	\N
182	Leo		t	932913365	\N		2024-02-15 00:00:00-05	t	f	2024-03-18 18:17:34.975933-05	\N	f	2024-03-18 18:16:07.436753-05	2024-03-18 18:17:34.976679-05	16	1	A	EP	1	\N	\N	\N
181	Katy		t	990970832	\N		2024-02-15 00:00:00-05	t	f	2024-03-18 18:17:34.980899-05	\N	f	2024-03-18 18:16:07.420576-05	2024-03-18 18:17:34.982308-05	14	1	A	EP	1	\N	\N	\N
179	Sonia		t	983899384	\N		2024-02-15 00:00:00-05	t	f	2024-03-18 18:17:35.002744-05	\N	f	2024-03-18 18:16:07.402611-05	2024-03-18 18:17:35.003748-05	16	1	A	EP	1	\N	\N	\N
178	Deyvis		t	993213669	\N		2024-02-15 00:00:00-05	t	f	2024-03-18 18:17:35.008774-05	\N	f	2024-03-18 18:16:07.39379-05	2024-03-18 18:17:35.009827-05	14	1	A	EP	1	\N	\N	\N
177	Iv치n		t	951968824	\N		2024-02-15 00:00:00-05	t	f	2024-03-18 18:17:35.01613-05	\N	f	2024-03-18 18:16:07.384142-05	2024-03-18 18:17:35.017506-05	15	1	A	EP	1	\N	\N	\N
176	S/N		t	936364901	\N		2024-02-15 00:00:00-05	t	f	2024-03-18 18:17:35.022859-05	\N	f	2024-03-18 18:16:07.375539-05	2024-03-18 18:17:35.023734-05	16	1	A	EP	1	\N	\N	\N
175	Jose		t	991912655	\N		2024-02-15 00:00:00-05	t	f	2024-03-18 18:17:35.028422-05	\N	f	2024-03-18 18:16:07.366388-05	2024-03-18 18:17:35.029175-05	14	1	A	EP	1	\N	\N	\N
173	Franco		t	930340205	\N		2024-02-14 00:00:00-05	t	f	2024-03-18 18:17:35.041693-05	\N	f	2024-03-18 18:16:07.348692-05	2024-03-18 18:17:35.04273-05	16	1	A	EP	1	\N	\N	\N
172	Juan		t	928160294	\N		2024-02-14 00:00:00-05	t	f	2024-03-18 18:17:35.048463-05	\N	f	2024-03-18 18:16:07.339781-05	2024-03-18 18:17:35.04989-05	14	1	A	EP	1	\N	\N	\N
171	Adrian		t	966734467	\N		2024-02-14 00:00:00-05	t	f	2024-03-18 18:17:35.0551-05	\N	f	2024-03-18 18:16:07.331791-05	2024-03-18 18:17:35.055958-05	15	1	A	EP	1	\N	\N	\N
170	Luis		t	983114382	\N		2024-02-14 00:00:00-05	t	f	2024-03-18 18:17:35.061266-05	\N	f	2024-03-18 18:16:07.3232-05	2024-03-18 18:17:35.062382-05	16	1	A	EP	1	\N	\N	\N
168	Berly		t	959940147	\N		2024-02-14 00:00:00-05	t	f	2024-03-18 18:17:35.074854-05	\N	f	2024-03-18 18:16:07.304616-05	2024-03-18 18:17:35.076018-05	15	1	A	EP	1	\N	\N	\N
167	Armando		t	941163582	\N		2024-02-14 00:00:00-05	t	f	2024-03-18 18:17:35.082158-05	\N	f	2024-03-18 18:16:07.295753-05	2024-03-18 18:17:35.083929-05	16	1	A	EP	1	\N	\N	\N
166	Ysela		t	981811593	\N		2024-02-14 00:00:00-05	t	f	2024-03-18 18:17:35.089293-05	\N	f	2024-03-18 18:16:07.28741-05	2024-03-18 18:17:35.090229-05	14	1	A	EP	1	\N	\N	\N
165	Daniel		t	929974951	\N		2024-02-14 00:00:00-05	t	f	2024-03-18 18:17:35.094474-05	\N	f	2024-03-18 18:16:07.279371-05	2024-03-18 18:17:35.095168-05	15	1	A	EP	1	\N	\N	\N
163	Hern치n		t	953050726	\N		2024-02-14 00:00:00-05	t	f	2024-03-18 18:17:35.107124-05	\N	f	2024-03-18 18:16:07.261771-05	2024-03-18 18:17:35.108136-05	14	1	A	EP	1	\N	\N	\N
162	S/N		t	978888016	\N		2024-02-14 00:00:00-05	t	f	2024-03-18 18:17:35.113432-05	\N	f	2024-03-18 18:16:07.251165-05	2024-03-18 18:17:35.114495-05	15	1	A	EP	1	\N	\N	\N
161	S/N		t	975638420	\N		2024-02-14 00:00:00-05	t	f	2024-03-18 18:17:35.121139-05	\N	f	2024-03-18 18:16:07.241601-05	2024-03-18 18:17:35.122086-05	16	1	A	EP	1	\N	\N	\N
160	S/N		t	999917058	\N		2024-02-14 00:00:00-05	t	f	2024-03-18 18:17:35.127128-05	\N	f	2024-03-18 18:16:07.232384-05	2024-03-18 18:17:35.128167-05	14	1	A	EP	1	\N	\N	\N
159	S/N		t	974267343	\N		2024-02-14 00:00:00-05	t	f	2024-03-18 18:17:35.134065-05	\N	f	2024-03-18 18:16:07.224018-05	2024-03-18 18:17:35.135251-05	15	1	A	EP	1	\N	\N	\N
157	Roberto		t	900759410	\N		2024-02-14 00:00:00-05	t	f	2024-03-18 18:17:35.146346-05	\N	f	2024-03-18 18:16:07.206184-05	2024-03-18 18:17:35.147729-05	14	1	A	EP	1	\N	\N	\N
285	S/N		t	993827761	\N		2024-02-18 00:00:00-05	t	f	2024-03-18 18:17:34.289974-05	\N	f	2024-03-18 18:16:08.384766-05	2024-03-18 18:17:34.290866-05	15	1	A	EP	1	\N	\N	\N
284	Roger		t	968237076	\N		2024-02-18 00:00:00-05	t	f	2024-03-18 18:17:34.295859-05	\N	f	2024-03-18 18:16:08.375779-05	2024-03-18 18:17:34.296828-05	16	1	A	EP	1	\N	\N	\N
283	Walter		t	951133227	\N		2024-02-18 00:00:00-05	t	f	2024-03-18 18:17:34.303225-05	\N	f	2024-03-18 18:16:08.36619-05	2024-03-18 18:17:34.303981-05	14	1	A	EP	1	\N	\N	\N
281	S/N		t	971417312	\N		2024-02-18 00:00:00-05	t	f	2024-03-18 18:17:34.316286-05	\N	f	2024-03-18 18:16:08.348221-05	2024-03-18 18:17:34.317513-05	16	1	A	EP	1	\N	\N	\N
280	Victor		t	995761872	\N		2024-02-18 00:00:00-05	t	f	2024-03-18 18:17:34.32277-05	\N	f	2024-03-18 18:16:08.339779-05	2024-03-18 18:17:34.323515-05	14	1	A	EP	1	\N	\N	\N
279	S/N		t	967755897	\N		2024-02-18 00:00:00-05	t	f	2024-03-18 18:17:34.328183-05	\N	f	2024-03-18 18:16:08.331805-05	2024-03-18 18:17:34.328858-05	15	1	A	EP	1	\N	\N	\N
278	S/N		t	953517551	\N		2024-02-18 00:00:00-05	t	f	2024-03-18 18:17:34.335079-05	\N	f	2024-03-18 18:16:08.324482-05	2024-03-18 18:17:34.335987-05	16	1	A	EP	1	\N	\N	\N
277	Alfonso		t	968810505	\N		2024-02-17 00:00:00-05	t	f	2024-03-18 18:17:34.340912-05	\N	f	2024-03-18 18:16:08.315225-05	2024-03-18 18:17:34.342015-05	14	1	A	EP	1	\N	\N	\N
275	Rosaly		t	940114995	\N		2024-02-17 00:00:00-05	t	f	2024-03-18 18:17:34.354687-05	\N	f	2024-03-18 18:16:08.298265-05	2024-03-18 18:17:34.355584-05	16	1	A	EP	1	\N	\N	\N
274	Vilma		t	958707561	\N		2024-02-17 00:00:00-05	t	f	2024-03-18 18:17:34.359909-05	\N	f	2024-03-18 18:16:08.288605-05	2024-03-18 18:17:34.360663-05	14	1	A	EP	1	\N	\N	\N
273	Yony		t	992981227	\N		2024-02-17 00:00:00-05	t	f	2024-03-18 18:17:34.365671-05	\N	f	2024-03-18 18:16:08.28043-05	2024-03-18 18:17:34.366882-05	15	1	A	EP	1	\N	\N	\N
272	Miguel		t	986837813	\N		2024-02-17 00:00:00-05	t	f	2024-03-18 18:17:34.37312-05	\N	f	2024-03-18 18:16:08.269541-05	2024-03-18 18:17:34.374269-05	16	1	A	EP	1	\N	\N	\N
270	Yony		t	929207916	\N		2024-02-17 00:00:00-05	t	f	2024-03-18 18:17:34.387118-05	\N	f	2024-03-18 18:16:08.251158-05	2024-03-18 18:17:34.388047-05	15	1	A	EP	1	\N	\N	\N
269	S/N		t	986755046	\N		2024-02-17 00:00:00-05	t	f	2024-03-18 18:17:34.39293-05	\N	f	2024-03-18 18:16:08.243299-05	2024-03-18 18:17:34.39424-05	16	1	A	EP	1	\N	\N	\N
268	Axel		t	987233206	\N		2024-02-17 00:00:00-05	t	f	2024-03-18 18:17:34.400442-05	\N	f	2024-03-18 18:16:08.233281-05	2024-03-18 18:17:34.402683-05	14	1	A	EP	1	\N	\N	\N
267	S/N		t	970959404	\N		2024-02-17 00:00:00-05	t	f	2024-03-18 18:17:34.40806-05	\N	f	2024-03-18 18:16:08.223664-05	2024-03-18 18:17:34.408996-05	15	1	A	EP	1	\N	\N	\N
265	Joan		t	930303901	\N		2024-02-17 00:00:00-05	t	f	2024-03-18 18:17:34.42251-05	\N	f	2024-03-18 18:16:08.206041-05	2024-03-18 18:17:34.423495-05	14	1	A	EP	1	\N	\N	\N
264	S/N		t	957828971	\N		2024-02-17 00:00:00-05	t	f	2024-03-18 18:17:34.427914-05	\N	f	2024-03-18 18:16:08.196711-05	2024-03-18 18:17:34.42873-05	15	1	A	EP	1	\N	\N	\N
263	Carmen		t	959146093	\N		2024-02-17 00:00:00-05	t	f	2024-03-18 18:17:34.436133-05	\N	f	2024-03-18 18:16:08.187505-05	2024-03-18 18:17:34.43739-05	16	1	A	EP	1	\N	\N	\N
262	Ang칠lica		t	987017937	\N		2024-02-17 00:00:00-05	t	f	2024-03-18 18:17:34.442229-05	\N	f	2024-03-18 18:16:08.16967-05	2024-03-18 18:17:34.443018-05	14	1	A	EP	1	\N	\N	\N
261	Luis		t	991754071	\N		2024-02-17 00:00:00-05	t	f	2024-03-18 18:17:34.447762-05	\N	f	2024-03-18 18:16:08.15725-05	2024-03-18 18:17:34.44947-05	15	1	A	EP	1	\N	\N	\N
259	S/N		t	947439672	\N		2024-02-17 00:00:00-05	t	f	2024-03-18 18:17:34.461222-05	\N	f	2024-03-18 18:16:08.136739-05	2024-03-18 18:17:34.462234-05	14	1	A	EP	1	\N	\N	\N
258	Silver		t	953940742	\N		2024-02-17 00:00:00-05	t	f	2024-03-18 18:17:34.470132-05	\N	f	2024-03-18 18:16:08.128083-05	2024-03-18 18:17:34.471023-05	15	1	A	EP	1	\N	\N	\N
257	Deysi		t	970601356	\N		2024-02-17 00:00:00-05	t	f	2024-03-18 18:17:34.476566-05	\N	f	2024-03-18 18:16:08.119714-05	2024-03-18 18:17:34.477674-05	16	1	A	EP	1	\N	\N	\N
256	Walter		t	953663620	\N		2024-02-17 00:00:00-05	t	f	2024-03-18 18:17:34.484746-05	\N	f	2024-03-18 18:16:08.111116-05	2024-03-18 18:17:34.486754-05	14	1	A	EP	1	\N	\N	\N
254	Elvis		t	949252869	\N		2024-02-17 00:00:00-05	t	f	2024-03-18 18:17:34.501616-05	\N	f	2024-03-18 18:16:08.093055-05	2024-03-18 18:17:34.50259-05	16	1	A	EP	1	\N	\N	\N
253	Liliana		t	954637831	\N		2024-02-17 00:00:00-05	t	f	2024-03-18 18:17:34.507707-05	\N	f	2024-03-18 18:16:08.082406-05	2024-03-18 18:17:34.508781-05	14	1	A	EP	1	\N	\N	\N
252	Wilbert		t	978658600	\N		2024-02-17 00:00:00-05	t	f	2024-03-18 18:17:34.514079-05	\N	f	2024-03-18 18:16:08.074994-05	2024-03-18 18:17:34.515945-05	15	1	A	EP	1	\N	\N	\N
251	Celso		t	932263492	\N		2024-02-17 00:00:00-05	t	f	2024-03-18 18:17:34.521323-05	\N	f	2024-03-18 18:16:08.065208-05	2024-03-18 18:17:34.522316-05	16	1	A	EP	1	\N	\N	\N
249	Mary		t	981320508	\N		2024-02-17 00:00:00-05	t	f	2024-03-18 18:17:34.535622-05	\N	f	2024-03-18 18:16:08.048649-05	2024-03-18 18:17:34.536855-05	15	1	A	EP	1	\N	\N	\N
248	Gloria		t	965722704	\N		2024-02-17 00:00:00-05	t	f	2024-03-18 18:17:34.542371-05	\N	f	2024-03-18 18:16:08.040972-05	2024-03-18 18:17:34.543394-05	16	1	A	EP	1	\N	\N	\N
247	Jeremy		t	963289833	\N		2024-02-17 00:00:00-05	t	f	2024-03-18 18:17:34.549352-05	\N	f	2024-03-18 18:16:08.032922-05	2024-03-18 18:17:34.550402-05	14	1	A	EP	1	\N	\N	\N
246	Danny		t	984002497	\N		2024-02-17 00:00:00-05	t	f	2024-03-18 18:17:34.555788-05	\N	f	2024-03-18 18:16:08.024114-05	2024-03-18 18:17:34.556792-05	15	1	A	EP	1	\N	\N	\N
244	Kath		t	907107850	\N		2024-02-17 00:00:00-05	t	f	2024-03-18 18:17:34.569474-05	\N	f	2024-03-18 18:16:08.008493-05	2024-03-18 18:17:34.570356-05	14	1	A	EP	1	\N	\N	\N
243	Naty		t	976357399	\N		2024-02-17 00:00:00-05	t	f	2024-03-18 18:17:34.574911-05	\N	f	2024-03-18 18:16:07.999179-05	2024-03-18 18:17:34.575588-05	15	1	A	EP	1	\N	\N	\N
242	Ed		t	928208900	\N		2024-02-17 00:00:00-05	t	f	2024-03-18 18:17:34.58015-05	\N	f	2024-03-18 18:16:07.990084-05	2024-03-18 18:17:34.582266-05	16	1	A	EP	1	\N	\N	\N
241	Daniel		t	920611765	\N		2024-02-17 00:00:00-05	t	f	2024-03-18 18:17:34.587402-05	\N	f	2024-03-18 18:16:07.981671-05	2024-03-18 18:17:34.588082-05	14	1	A	EP	1	\N	\N	\N
240	Jesus		t	984819410	\N		2024-02-17 00:00:00-05	t	f	2024-03-18 18:17:34.592772-05	\N	f	2024-03-18 18:16:07.974694-05	2024-03-18 18:17:34.593618-05	15	1	A	EP	1	\N	\N	\N
238	Rosa		t	958977886	\N		2024-02-17 00:00:00-05	t	f	2024-03-18 18:17:34.606548-05	\N	f	2024-03-18 18:16:07.959503-05	2024-03-18 18:17:34.607698-05	14	1	A	EP	1	\N	\N	\N
237	Fernando		t	957628200	\N		2024-02-17 00:00:00-05	t	f	2024-03-18 18:17:34.612889-05	\N	f	2024-03-18 18:16:07.950748-05	2024-03-18 18:17:34.614885-05	15	1	A	EP	1	\N	\N	\N
236	Graciela		t	940399583	\N		2024-02-17 00:00:00-05	t	f	2024-03-18 18:17:34.620203-05	\N	f	2024-03-18 18:16:07.941967-05	2024-03-18 18:17:34.62114-05	16	1	A	EP	1	\N	\N	\N
235	Richard		t	940240054	\N		2024-02-16 00:00:00-05	t	f	2024-03-18 18:17:34.626361-05	\N	f	2024-03-18 18:16:07.926797-05	2024-03-18 18:17:34.627159-05	14	1	A	EP	1	\N	\N	\N
233	Juan Carlos		t	959322335	\N		2024-02-16 00:00:00-05	t	f	2024-03-18 18:17:34.639392-05	\N	f	2024-03-18 18:16:07.905536-05	2024-03-18 18:17:34.640437-05	16	1	A	EP	1	\N	\N	\N
232	S/N		t	966711287	\N		2024-02-16 00:00:00-05	t	f	2024-03-18 18:17:34.645732-05	\N	f	2024-03-18 18:16:07.89712-05	2024-03-18 18:17:34.64659-05	14	1	A	EP	1	\N	\N	\N
231	Armando		t	973260534	\N		2024-02-16 00:00:00-05	t	f	2024-03-18 18:17:34.652828-05	\N	f	2024-03-18 18:16:07.888581-05	2024-03-18 18:17:34.654059-05	15	1	A	EP	1	\N	\N	\N
230	S/N		t	987486725	\N		2024-02-16 00:00:00-05	t	f	2024-03-18 18:17:34.659463-05	\N	f	2024-03-18 18:16:07.879553-05	2024-03-18 18:17:34.660469-05	16	1	A	EP	1	\N	\N	\N
228	Jean		t	958110041	\N		2024-02-16 00:00:00-05	t	f	2024-03-18 18:17:34.67348-05	\N	f	2024-03-18 18:16:07.863848-05	2024-03-18 18:17:34.674247-05	15	1	A	EP	1	\N	\N	\N
227	Giovanny		t	959622008	\N		2024-02-16 00:00:00-05	t	f	2024-03-18 18:17:34.678296-05	\N	f	2024-03-18 18:16:07.855188-05	2024-03-18 18:17:34.67904-05	16	1	A	EP	1	\N	\N	\N
226	Juancho		t	956274171	\N		2024-02-16 00:00:00-05	t	f	2024-03-18 18:17:34.685386-05	\N	f	2024-03-18 18:16:07.846897-05	2024-03-18 18:17:34.686612-05	14	1	A	EP	1	\N	\N	\N
225	S/N		t	984238175	\N		2024-02-16 00:00:00-05	t	f	2024-03-18 18:17:34.692037-05	\N	f	2024-03-18 18:16:07.837898-05	2024-03-18 18:17:34.693148-05	15	1	A	EP	1	\N	\N	\N
224	Andy		t	973196982	\N		2024-02-16 00:00:00-05	t	f	2024-03-18 18:17:34.69988-05	\N	f	2024-03-18 18:16:07.83014-05	2024-03-18 18:17:34.701362-05	16	1	A	EP	1	\N	\N	\N
222	Kamila		t	992894807	\N		2024-02-16 00:00:00-05	t	f	2024-03-18 18:17:34.71128-05	\N	f	2024-03-18 18:16:07.811818-05	2024-03-18 18:17:34.711986-05	15	1	A	EP	1	\N	\N	\N
350	Flor		t	912948031	\N		2024-02-20 00:00:00-05	t	f	2024-03-18 18:17:33.831505-05	\N	f	2024-03-18 18:16:08.994279-05	2024-03-18 18:17:33.833125-05	16	1	A	EP	1	\N	\N	\N
349	Carlos		t	987822333	\N		2024-02-20 00:00:00-05	t	f	2024-03-18 18:17:33.83834-05	\N	f	2024-03-18 18:16:08.984846-05	2024-03-18 18:17:33.839261-05	14	1	A	EP	1	\N	\N	\N
348	Osmar		t	962273042	\N		2024-02-20 00:00:00-05	t	f	2024-03-18 18:17:33.844176-05	\N	f	2024-03-18 18:16:08.976843-05	2024-03-18 18:17:33.845073-05	15	1	A	EP	1	\N	\N	\N
346	Herber		t	990905055	\N		2024-02-20 00:00:00-05	t	f	2024-03-18 18:17:33.859149-05	\N	f	2024-03-18 18:16:08.957086-05	2024-03-18 18:17:33.86049-05	14	1	A	EP	1	\N	\N	\N
345	Roque		t	967280854	\N		2024-02-20 00:00:00-05	t	f	2024-03-18 18:17:33.87327-05	\N	f	2024-03-18 18:16:08.947929-05	2024-03-18 18:17:33.874547-05	15	1	A	EP	1	\N	\N	\N
344	Yoselyn		t	939087730	\N		2024-02-20 00:00:00-05	t	f	2024-03-18 18:17:33.879908-05	\N	f	2024-03-18 18:16:08.939332-05	2024-03-18 18:17:33.881505-05	16	1	A	EP	1	\N	\N	\N
343	Arturo		t	924385669	\N		2024-02-20 00:00:00-05	t	f	2024-03-18 18:17:33.887905-05	\N	f	2024-03-18 18:16:08.927737-05	2024-03-18 18:17:33.889504-05	14	1	A	EP	1	\N	\N	\N
341	S/N		t	978034765	\N		2024-02-20 00:00:00-05	t	f	2024-03-18 18:17:33.901122-05	\N	f	2024-03-18 18:16:08.903615-05	2024-03-18 18:17:33.902656-05	16	1	A	EP	1	\N	\N	\N
340	Kathy		t	932367660	\N		2024-02-20 00:00:00-05	t	f	2024-03-18 18:17:33.907111-05	\N	f	2024-03-18 18:16:08.89497-05	2024-03-18 18:17:33.907851-05	14	1	A	EP	1	\N	\N	\N
339	Edison		t	935202287	\N		2024-02-20 00:00:00-05	t	f	2024-03-18 18:17:33.912188-05	\N	f	2024-03-18 18:16:08.886913-05	2024-03-18 18:17:33.913114-05	15	1	A	EP	1	\N	\N	\N
338	S/N		t	958240187	\N		2024-02-19 00:00:00-05	t	f	2024-03-18 18:17:33.920148-05	\N	f	2024-03-18 18:16:08.878298-05	2024-03-18 18:17:33.921455-05	16	1	A	EP	1	\N	\N	\N
337	Wil		t	973181993	\N		2024-02-19 00:00:00-05	t	f	2024-03-18 18:17:33.926287-05	\N	f	2024-03-18 18:16:08.868626-05	2024-03-18 18:17:33.927029-05	14	1	A	EP	1	\N	\N	\N
335	Jonathan		t	952099885	\N		2024-02-19 00:00:00-05	t	f	2024-03-18 18:17:33.940797-05	\N	f	2024-03-18 18:16:08.849363-05	2024-03-18 18:17:33.941885-05	16	1	A	EP	1	\N	\N	\N
334	Julio		t	976390040	\N		2024-02-19 00:00:00-05	t	f	2024-03-18 18:17:33.94785-05	\N	f	2024-03-18 18:16:08.836557-05	2024-03-18 18:17:33.95046-05	14	1	A	EP	1	\N	\N	\N
333	Sandy		t	974235998	\N		2024-02-19 00:00:00-05	t	f	2024-03-18 18:17:33.95676-05	\N	f	2024-03-18 18:16:08.825218-05	2024-03-18 18:17:33.957911-05	15	1	A	EP	1	\N	\N	\N
332	S/N		t	962722605	\N		2024-02-19 00:00:00-05	t	f	2024-03-18 18:17:33.963114-05	\N	f	2024-03-18 18:16:08.816187-05	2024-03-18 18:17:33.964403-05	16	1	A	EP	1	\N	\N	\N
330	S/N		t	918319659	\N		2024-02-19 00:00:00-05	t	f	2024-03-18 18:17:33.977173-05	\N	f	2024-03-18 18:16:08.798637-05	2024-03-18 18:17:33.978072-05	15	1	A	EP	1	\N	\N	\N
329	S/N		t	953674294	\N		2024-02-19 00:00:00-05	t	f	2024-03-18 18:17:33.986055-05	\N	f	2024-03-18 18:16:08.791526-05	2024-03-18 18:17:33.988187-05	16	1	A	EP	1	\N	\N	\N
328	Andr칠		t	989511985	\N		2024-02-19 00:00:00-05	t	f	2024-03-18 18:17:33.995056-05	\N	f	2024-03-18 18:16:08.781543-05	2024-03-18 18:17:33.995736-05	14	1	A	EP	1	\N	\N	\N
327	S/N		t	954116072	\N		2024-02-19 00:00:00-05	t	f	2024-03-18 18:17:34.000932-05	\N	f	2024-03-18 18:16:08.772533-05	2024-03-18 18:17:34.002552-05	15	1	A	EP	1	\N	\N	\N
326	Alisson		t	983350154	\N		2024-02-19 00:00:00-05	t	f	2024-03-18 18:17:34.007512-05	\N	f	2024-03-18 18:16:08.763353-05	2024-03-18 18:17:34.008217-05	16	1	A	EP	1	\N	\N	\N
324	S/N		t	920427304	\N		2024-02-19 00:00:00-05	t	f	2024-03-18 18:17:34.019747-05	\N	f	2024-03-18 18:16:08.745811-05	2024-03-18 18:17:34.020591-05	15	1	A	EP	1	\N	\N	\N
323	S/N		t	980423138	\N		2024-02-19 00:00:00-05	t	f	2024-03-18 18:17:34.025799-05	\N	f	2024-03-18 18:16:08.737617-05	2024-03-18 18:17:34.026848-05	16	1	A	EP	1	\N	\N	\N
322	Lizeth		t	941036327	\N		2024-02-19 00:00:00-05	t	f	2024-03-18 18:17:34.033098-05	\N	f	2024-03-18 18:16:08.73065-05	2024-03-18 18:17:34.034174-05	14	1	A	EP	1	\N	\N	\N
321	Benilda		t	990564619	\N		2024-02-19 00:00:00-05	t	f	2024-03-18 18:17:34.039958-05	\N	f	2024-03-18 18:16:08.721745-05	2024-03-18 18:17:34.041016-05	15	1	A	EP	1	\N	\N	\N
319	Roxana		t	994975946	\N		2024-02-19 00:00:00-05	t	f	2024-03-18 18:17:34.053618-05	\N	f	2024-03-18 18:16:08.70325-05	2024-03-18 18:17:34.054511-05	14	1	A	EP	1	\N	\N	\N
318	Angelito		t	970913719	\N		2024-02-19 00:00:00-05	t	f	2024-03-18 18:17:34.059798-05	\N	f	2024-03-18 18:16:08.692088-05	2024-03-18 18:17:34.060925-05	15	1	A	EP	1	\N	\N	\N
317	GianCarlos		t	943832925	\N		2024-02-19 00:00:00-05	t	f	2024-03-18 18:17:34.067712-05	\N	f	2024-03-18 18:16:08.677775-05	2024-03-18 18:17:34.068985-05	16	1	A	EP	1	\N	\N	\N
316	Jady		t	925487858	\N		2024-02-19 00:00:00-05	t	f	2024-03-18 18:17:34.074308-05	\N	f	2024-03-18 18:16:08.666091-05	2024-03-18 18:17:34.075184-05	14	1	A	EP	1	\N	\N	\N
314	Ivan		t	953335254	\N		2024-02-19 00:00:00-05	t	f	2024-03-18 18:17:34.087578-05	\N	f	2024-03-18 18:16:08.647394-05	2024-03-18 18:17:34.088614-05	16	1	A	EP	1	\N	\N	\N
313	S/N		t	982653742	\N		2024-02-19 00:00:00-05	t	f	2024-03-18 18:17:34.093834-05	\N	f	2024-03-18 18:16:08.634111-05	2024-03-18 18:17:34.09486-05	14	1	A	EP	1	\N	\N	\N
312	S/N		t	973615410	\N		2024-02-19 00:00:00-05	t	f	2024-03-18 18:17:34.101721-05	\N	f	2024-03-18 18:16:08.623234-05	2024-03-18 18:17:34.102926-05	15	1	A	EP	1	\N	\N	\N
311	Luz		t	985084600	\N		2024-02-19 00:00:00-05	t	f	2024-03-18 18:17:34.107927-05	\N	f	2024-03-18 18:16:08.614337-05	2024-03-18 18:17:34.108969-05	16	1	A	EP	1	\N	\N	\N
309	S/N		t	957494128	\N		2024-02-19 00:00:00-05	t	f	2024-03-18 18:17:34.120943-05	\N	f	2024-03-18 18:16:08.596488-05	2024-03-18 18:17:34.121772-05	15	1	A	EP	1	\N	\N	\N
308	William		t	910068896	\N		2024-02-19 00:00:00-05	t	f	2024-03-18 18:17:34.126326-05	\N	f	2024-03-18 18:16:08.587183-05	2024-03-18 18:17:34.127051-05	16	1	A	EP	1	\N	\N	\N
307	Sonia		t	914238475	\N		2024-02-19 00:00:00-05	t	f	2024-03-18 18:17:34.132882-05	\N	f	2024-03-18 18:16:08.578853-05	2024-03-18 18:17:34.134489-05	14	1	A	EP	1	\N	\N	\N
306	Freddy		t	957751003	\N		2024-02-18 00:00:00-05	t	f	2024-03-18 18:17:34.13986-05	\N	f	2024-03-18 18:16:08.570333-05	2024-03-18 18:17:34.140842-05	15	1	A	EP	1	\N	\N	\N
305	S/N		t	957993993	\N		2024-02-18 00:00:00-05	t	f	2024-03-18 18:17:34.145788-05	\N	f	2024-03-18 18:16:08.563171-05	2024-03-18 18:17:34.146726-05	16	1	A	EP	1	\N	\N	\N
303	Liz		t	991721126	\N		2024-02-18 00:00:00-05	t	f	2024-03-18 18:17:34.157779-05	\N	f	2024-03-18 18:16:08.546467-05	2024-03-18 18:17:34.158481-05	15	1	A	EP	1	\N	\N	\N
302	S/N		t	989382478	\N		2024-02-18 00:00:00-05	t	f	2024-03-18 18:17:34.163203-05	\N	f	2024-03-18 18:16:08.538087-05	2024-03-18 18:17:34.16407-05	16	1	A	EP	1	\N	\N	\N
301	Susana		t	959287821	\N		2024-02-18 00:00:00-05	t	f	2024-03-18 18:17:34.170324-05	\N	f	2024-03-18 18:16:08.529035-05	2024-03-18 18:17:34.171268-05	14	1	A	EP	1	\N	\N	\N
300	S/N		t	967722611	\N		2024-02-18 00:00:00-05	t	f	2024-03-18 18:17:34.176381-05	\N	f	2024-03-18 18:16:08.520782-05	2024-03-18 18:17:34.177419-05	15	1	A	EP	1	\N	\N	\N
298	Antuaneth		t	922210337	\N		2024-02-18 00:00:00-05	t	f	2024-03-18 18:17:34.190185-05	\N	f	2024-03-18 18:16:08.505671-05	2024-03-18 18:17:34.191346-05	14	1	A	EP	1	\N	\N	\N
297	S/N		t	951139996	\N		2024-02-18 00:00:00-05	t	f	2024-03-18 18:17:34.19673-05	\N	f	2024-03-18 18:16:08.497278-05	2024-03-18 18:17:34.198904-05	15	1	A	EP	1	\N	\N	\N
296	Alan		t	992868456	\N		2024-02-18 00:00:00-05	t	f	2024-03-18 18:17:34.205682-05	\N	f	2024-03-18 18:16:08.488624-05	2024-03-18 18:17:34.206649-05	16	1	A	EP	1	\N	\N	\N
295	Mar칤a		t	972480132	\N		2024-02-18 00:00:00-05	t	f	2024-03-18 18:17:34.21144-05	\N	f	2024-03-18 18:16:08.480849-05	2024-03-18 18:17:34.212333-05	14	1	A	EP	1	\N	\N	\N
293	Andr칠s		t	993460796	\N		2024-02-18 00:00:00-05	t	f	2024-03-18 18:17:34.226253-05	\N	f	2024-03-18 18:16:08.463571-05	2024-03-18 18:17:34.227374-05	16	1	A	EP	1	\N	\N	\N
292	Viviana		t	991477382	\N		2024-02-18 00:00:00-05	t	f	2024-03-18 18:17:34.234448-05	\N	f	2024-03-18 18:16:08.454077-05	2024-03-18 18:17:34.235842-05	14	1	A	EP	1	\N	\N	\N
291	Yane		t	972735027	\N		2024-02-18 00:00:00-05	t	f	2024-03-18 18:17:34.24538-05	\N	f	2024-03-18 18:16:08.444779-05	2024-03-18 18:17:34.247261-05	15	1	A	EP	1	\N	\N	\N
290	S/N		t	931724622	\N		2024-02-18 00:00:00-05	t	f	2024-03-18 18:17:34.255604-05	\N	f	2024-03-18 18:16:08.436088-05	2024-03-18 18:17:34.257051-05	16	1	A	EP	1	\N	\N	\N
289	S/N		t	928130120	\N		2024-02-18 00:00:00-05	t	f	2024-03-18 18:17:34.261614-05	\N	f	2024-03-18 18:16:08.41914-05	2024-03-18 18:17:34.262525-05	14	1	A	EP	1	\N	\N	\N
287	Verito		t	934417086	\N		2024-02-18 00:00:00-05	t	f	2024-03-18 18:17:34.274965-05	\N	f	2024-03-18 18:16:08.400294-05	2024-03-18 18:17:34.276051-05	16	1	A	EP	1	\N	\N	\N
415	S/N		t	916507207	\N		2024-02-22 00:00:00-05	t	f	2024-03-18 18:17:33.361847-05	\N	f	2024-03-18 18:16:09.588671-05	2024-03-18 18:17:33.36284-05	14	1	A	EP	1	\N	\N	\N
414	Jorge		t	944083470	\N		2024-02-22 00:00:00-05	t	f	2024-03-18 18:17:33.369251-05	\N	f	2024-03-18 18:16:09.580556-05	2024-03-18 18:17:33.370583-05	15	1	A	EP	1	\N	\N	\N
413	Roel		t	993529657	\N		2024-02-22 00:00:00-05	t	f	2024-03-18 18:17:33.375279-05	\N	f	2024-03-18 18:16:09.572085-05	2024-03-18 18:17:33.37615-05	16	1	A	EP	1	\N	\N	\N
411	S/N		t	954052671	\N		2024-02-22 00:00:00-05	t	f	2024-03-18 18:17:33.390731-05	\N	f	2024-03-18 18:16:09.554679-05	2024-03-18 18:17:33.391943-05	15	1	A	EP	1	\N	\N	\N
410	Juan		t	918215954	\N		2024-02-22 00:00:00-05	t	f	2024-03-18 18:17:33.396182-05	\N	f	2024-03-18 18:16:09.545452-05	2024-03-18 18:17:33.396894-05	16	1	A	EP	1	\N	\N	\N
409	Nadia		t	932368246	\N		2024-02-22 00:00:00-05	t	f	2024-03-18 18:17:33.4025-05	\N	f	2024-03-18 18:16:09.536524-05	2024-03-18 18:17:33.403959-05	14	1	A	EP	1	\N	\N	\N
408	Yessica		t	988582978	\N		2024-02-22 00:00:00-05	t	f	2024-03-18 18:17:33.408719-05	\N	f	2024-03-18 18:16:09.529373-05	2024-03-18 18:17:33.409501-05	15	1	A	EP	1	\N	\N	\N
406	Sergio		t	951848821	\N		2024-02-22 00:00:00-05	t	f	2024-03-18 18:17:33.422749-05	\N	f	2024-03-18 18:16:09.510624-05	2024-03-18 18:17:33.423895-05	14	1	A	EP	1	\N	\N	\N
405	Hugo		t	957865510	\N		2024-02-22 00:00:00-05	t	f	2024-03-18 18:17:33.429554-05	\N	f	2024-03-18 18:16:09.499582-05	2024-03-18 18:17:33.430554-05	15	1	A	EP	1	\N	\N	\N
404	Samuel		t	958242542	\N		2024-02-22 00:00:00-05	t	f	2024-03-18 18:17:33.438363-05	\N	f	2024-03-18 18:16:09.490033-05	2024-03-18 18:17:33.439355-05	16	1	A	EP	1	\N	\N	\N
403	Alfredo		t	942761268	\N		2024-02-22 00:00:00-05	t	f	2024-03-18 18:17:33.444581-05	\N	f	2024-03-18 18:16:09.480763-05	2024-03-18 18:17:33.445631-05	14	1	A	EP	1	\N	\N	\N
401	Victor		t	982691593	\N		2024-02-22 00:00:00-05	t	f	2024-03-18 18:17:33.458346-05	\N	f	2024-03-18 18:16:09.463623-05	2024-03-18 18:17:33.459482-05	16	1	A	EP	1	\N	\N	\N
400	Luc칤a		t	985138245	\N		2024-02-22 00:00:00-05	t	f	2024-03-18 18:17:33.465994-05	\N	f	2024-03-18 18:16:09.455566-05	2024-03-18 18:17:33.467288-05	14	1	A	EP	1	\N	\N	\N
399	S/N		t	952643301	\N		2024-02-22 00:00:00-05	t	f	2024-03-18 18:17:33.47283-05	\N	f	2024-03-18 18:16:09.447276-05	2024-03-18 18:17:33.473916-05	15	1	A	EP	1	\N	\N	\N
398	Mariela		t	959386200	\N		2024-02-22 00:00:00-05	t	f	2024-03-18 18:17:33.479072-05	\N	f	2024-03-18 18:16:09.437727-05	2024-03-18 18:17:33.480021-05	16	1	A	EP	1	\N	\N	\N
397	Bernardo		t	957946578	\N		2024-02-22 00:00:00-05	t	f	2024-03-18 18:17:33.493439-05	\N	f	2024-03-18 18:16:09.42144-05	2024-03-18 18:17:33.495341-05	14	1	A	EP	1	\N	\N	\N
395	Mily		t	986580844	\N		2024-02-22 00:00:00-05	t	f	2024-03-18 18:17:33.508548-05	\N	f	2024-03-18 18:16:09.403968-05	2024-03-18 18:17:33.509509-05	16	1	A	EP	1	\N	\N	\N
394	S/N		t	977719785	\N		2024-02-22 00:00:00-05	t	f	2024-03-18 18:17:33.514956-05	\N	f	2024-03-18 18:16:09.394437-05	2024-03-18 18:17:33.517054-05	14	1	A	EP	1	\N	\N	\N
393	Gerardo		t	980682822	\N		2024-02-22 00:00:00-05	t	f	2024-03-18 18:17:33.52314-05	\N	f	2024-03-18 18:16:09.38425-05	2024-03-18 18:17:33.524191-05	15	1	A	EP	1	\N	\N	\N
392	Jacinto		t	946633824	\N		2024-02-21 00:00:00-05	t	f	2024-03-18 18:17:33.529241-05	\N	f	2024-03-18 18:16:09.374274-05	2024-03-18 18:17:33.530277-05	16	1	A	EP	1	\N	\N	\N
390	S/N		t	951640026	\N		2024-02-21 00:00:00-05	t	f	2024-03-18 18:17:33.543505-05	\N	f	2024-03-18 18:16:09.353681-05	2024-03-18 18:17:33.544485-05	15	1	A	EP	1	\N	\N	\N
389	Alfredo		t	950856669	\N		2024-02-21 00:00:00-05	t	f	2024-03-18 18:17:33.550817-05	\N	f	2024-03-18 18:16:09.344735-05	2024-03-18 18:17:33.552856-05	16	1	A	EP	1	\N	\N	\N
388	S/N		t	998740161	\N		2024-02-21 00:00:00-05	t	f	2024-03-18 18:17:33.558084-05	\N	f	2024-03-18 18:16:09.334827-05	2024-03-18 18:17:33.55914-05	14	1	A	EP	1	\N	\N	\N
387	S/N		t	954615401	\N		2024-02-21 00:00:00-05	t	f	2024-03-18 18:17:33.564125-05	\N	f	2024-03-18 18:16:09.326052-05	2024-03-18 18:17:33.565619-05	15	1	A	EP	1	\N	\N	\N
385	S/N		t	982539027	\N		2024-02-21 00:00:00-05	t	f	2024-03-18 18:17:33.577296-05	\N	f	2024-03-18 18:16:09.309601-05	2024-03-18 18:17:33.578359-05	14	1	A	EP	1	\N	\N	\N
384	S/N		t	956284503	\N		2024-02-21 00:00:00-05	t	f	2024-03-18 18:17:33.584804-05	\N	f	2024-03-18 18:16:09.301114-05	2024-03-18 18:17:33.585922-05	15	1	A	EP	1	\N	\N	\N
383	Dayana		t	966873523	\N		2024-02-21 00:00:00-05	t	f	2024-03-18 18:17:33.590874-05	\N	f	2024-03-18 18:16:09.293973-05	2024-03-18 18:17:33.591929-05	16	1	A	EP	1	\N	\N	\N
382	S/N		t	950748037	\N		2024-02-21 00:00:00-05	t	f	2024-03-18 18:17:33.597304-05	\N	f	2024-03-18 18:16:09.28468-05	2024-03-18 18:17:33.599079-05	14	1	A	EP	1	\N	\N	\N
381	Elena		t	958745256	\N		2024-02-21 00:00:00-05	t	f	2024-03-18 18:17:33.604145-05	\N	f	2024-03-18 18:16:09.276102-05	2024-03-18 18:17:33.604908-05	15	1	A	EP	1	\N	\N	\N
379	S/N		t	943045084	\N		2024-02-21 00:00:00-05	t	f	2024-03-18 18:17:33.618158-05	\N	f	2024-03-18 18:16:09.256819-05	2024-03-18 18:17:33.619532-05	14	1	A	EP	1	\N	\N	\N
378	Nilton		t	917459728	\N		2024-02-21 00:00:00-05	t	f	2024-03-18 18:17:33.625284-05	\N	f	2024-03-18 18:16:09.247018-05	2024-03-18 18:17:33.626392-05	15	1	A	EP	1	\N	\N	\N
377	Eleana		t	988802810	\N		2024-02-21 00:00:00-05	t	f	2024-03-18 18:17:33.633284-05	\N	f	2024-03-18 18:16:09.238118-05	2024-03-18 18:17:33.634624-05	16	1	A	EP	1	\N	\N	\N
376	Paola		t	974394322	\N		2024-02-21 00:00:00-05	t	f	2024-03-18 18:17:33.639849-05	\N	f	2024-03-18 18:16:09.230252-05	2024-03-18 18:17:33.640598-05	14	1	A	EP	1	\N	\N	\N
374	Luzmarina		t	959585651	\N		2024-02-21 00:00:00-05	t	f	2024-03-18 18:17:33.65447-05	\N	f	2024-03-18 18:16:09.215319-05	2024-03-18 18:17:33.655718-05	16	1	A	EP	1	\N	\N	\N
373	Maria		t	951325550	\N		2024-02-21 00:00:00-05	t	f	2024-03-18 18:17:33.661254-05	\N	f	2024-03-18 18:16:09.208507-05	2024-03-18 18:17:33.662213-05	14	1	A	EP	1	\N	\N	\N
372	Genaro		t	965328780	\N		2024-02-21 00:00:00-05	t	f	2024-03-18 18:17:33.668978-05	\N	f	2024-03-18 18:16:09.198848-05	2024-03-18 18:17:33.670522-05	15	1	A	EP	1	\N	\N	\N
371	Jorge		t	926252392	\N		2024-02-21 00:00:00-05	t	f	2024-03-18 18:17:33.677197-05	\N	f	2024-03-18 18:16:09.189187-05	2024-03-18 18:17:33.678312-05	16	1	A	EP	1	\N	\N	\N
369	Myriam		t	959997208	\N		2024-02-21 00:00:00-05	t	f	2024-03-18 18:17:33.692669-05	\N	f	2024-03-18 18:16:09.162516-05	2024-03-18 18:17:33.693779-05	15	1	A	EP	1	\N	\N	\N
368	Yvan		t	924216494	\N		2024-02-21 00:00:00-05	t	f	2024-03-18 18:17:33.702021-05	\N	f	2024-03-18 18:16:09.153651-05	2024-03-18 18:17:33.704003-05	16	1	A	EP	1	\N	\N	\N
367	Lidia		t	983347539	\N		2024-02-21 00:00:00-05	t	f	2024-03-18 18:17:33.709796-05	\N	f	2024-03-18 18:16:09.145357-05	2024-03-18 18:17:33.710737-05	14	1	A	EP	1	\N	\N	\N
366	S/N		t	918500582	\N		2024-02-21 00:00:00-05	t	f	2024-03-18 18:17:33.716534-05	\N	f	2024-03-18 18:16:09.13689-05	2024-03-18 18:17:33.718125-05	15	1	A	EP	1	\N	\N	\N
364	Felipe		t	990408855	\N		2024-02-21 00:00:00-05	t	f	2024-03-18 18:17:33.731308-05	\N	f	2024-03-18 18:16:09.119857-05	2024-03-18 18:17:33.732956-05	14	1	A	EP	1	\N	\N	\N
363	Rodrigo		t	939558992	\N		2024-02-21 00:00:00-05	t	f	2024-03-18 18:17:33.742426-05	\N	f	2024-03-18 18:16:09.112666-05	2024-03-18 18:17:33.7441-05	15	1	A	EP	1	\N	\N	\N
362	Martin		t	944915252	\N		2024-02-20 00:00:00-05	t	f	2024-03-18 18:17:33.75524-05	\N	f	2024-03-18 18:16:09.104057-05	2024-03-18 18:17:33.7564-05	16	1	A	EP	1	\N	\N	\N
361	Juan Carlos		t	940067298	\N		2024-02-20 00:00:00-05	t	f	2024-03-18 18:17:33.762237-05	\N	f	2024-03-18 18:16:09.095894-05	2024-03-18 18:17:33.763689-05	14	1	A	EP	1	\N	\N	\N
359	Nilda		t	957077316	\N		2024-02-20 00:00:00-05	t	f	2024-03-18 18:17:33.775349-05	\N	f	2024-03-18 18:16:09.078927-05	2024-03-18 18:17:33.776058-05	16	1	A	EP	1	\N	\N	\N
358	S/N		t	904729555	\N		2024-02-20 00:00:00-05	t	f	2024-03-18 18:17:33.780046-05	\N	f	2024-03-18 18:16:09.069209-05	2024-03-18 18:17:33.780964-05	14	1	A	EP	1	\N	\N	\N
357	Jose		t	928856293	\N		2024-02-20 00:00:00-05	t	f	2024-03-18 18:17:33.786827-05	\N	f	2024-03-18 18:16:09.060078-05	2024-03-18 18:17:33.787589-05	15	1	A	EP	1	\N	\N	\N
356	Nico		t	923454514	\N		2024-02-20 00:00:00-05	t	f	2024-03-18 18:17:33.792943-05	\N	f	2024-03-18 18:16:09.050178-05	2024-03-18 18:17:33.794194-05	16	1	A	EP	1	\N	\N	\N
355	Juan		t	940420445	\N		2024-02-20 00:00:00-05	t	f	2024-03-18 18:17:33.800714-05	\N	f	2024-03-18 18:16:09.040662-05	2024-03-18 18:17:33.801768-05	14	1	A	EP	1	\N	\N	\N
353	Jose		t	955427297	\N		2024-02-20 00:00:00-05	t	f	2024-03-18 18:17:33.812004-05	\N	f	2024-03-18 18:16:09.02109-05	2024-03-18 18:17:33.813168-05	16	1	A	EP	1	\N	\N	\N
352	S/N		t	996111171	\N		2024-02-20 00:00:00-05	t	f	2024-03-18 18:17:33.819155-05	\N	f	2024-03-18 18:16:09.01147-05	2024-03-18 18:17:33.819995-05	14	1	A	EP	1	\N	\N	\N
469	Fernando		t	948047343	\N		2024-02-24 00:00:01-05	t	f	2024-03-18 18:17:32-05	\N	f	2024-03-18 18:16:10-05	2024-03-18 18:52:43.540382-05	14	1	A	EP	1	\N	\N	\N
468	S/N		t	983627310	\N		2024-02-24 00:00:00-05	t	f	2024-03-18 18:17:32.844395-05	\N	f	2024-03-18 18:16:10.080885-05	2024-03-18 18:17:32.845695-05	15	1	A	EP	1	\N	\N	\N
467	S/N		t	956567174	\N		2024-02-24 00:00:00-05	t	f	2024-03-18 18:17:32.852548-05	\N	f	2024-03-18 18:16:10.071372-05	2024-03-18 18:17:32.853669-05	16	1	A	EP	1	\N	\N	\N
466	Rous		t	998770441	\N		2024-02-24 00:00:00-05	t	f	2024-03-18 18:17:32.860224-05	\N	f	2024-03-18 18:16:10.061814-05	2024-03-18 18:17:32.861401-05	14	1	A	EP	1	\N	\N	\N
465	Felix		t	949202117	\N		2024-02-24 00:00:00-05	t	f	2024-03-18 18:17:32.871506-05	\N	f	2024-03-18 18:16:10.052601-05	2024-03-18 18:17:32.873355-05	15	1	A	EP	1	\N	\N	\N
464	S/N		t	958240134	\N		2024-02-24 00:00:00-05	t	f	2024-03-18 18:17:32.882344-05	\N	f	2024-03-18 18:16:10.044313-05	2024-03-18 18:17:32.884071-05	16	1	A	EP	1	\N	\N	\N
463	S/N		t	900999492	\N		2024-02-24 00:00:00-05	t	f	2024-03-18 18:17:32.892828-05	\N	f	2024-03-18 18:16:10.035281-05	2024-03-18 18:17:32.894604-05	14	1	A	EP	1	\N	\N	\N
462	S/N		t	978669762	\N		2024-02-24 00:00:00-05	t	f	2024-03-18 18:17:32.903562-05	\N	f	2024-03-18 18:16:10.025413-05	2024-03-18 18:17:32.904794-05	15	1	A	EP	1	\N	\N	\N
461	S/N		t	999993882	\N		2024-02-23 00:00:00-05	t	f	2024-03-18 18:17:32.910916-05	\N	f	2024-03-18 18:16:10.015345-05	2024-03-18 18:17:32.912338-05	16	1	A	EP	1	\N	\N	\N
460	Alejandro		t	953024428	\N		2024-02-23 00:00:00-05	t	f	2024-03-18 18:17:32.920697-05	\N	f	2024-03-18 18:16:10.005802-05	2024-03-18 18:17:32.922309-05	14	1	A	EP	1	\N	\N	\N
459	S/N		t	939375312	\N		2024-02-23 00:00:00-05	t	f	2024-03-18 18:17:32.928599-05	\N	f	2024-03-18 18:16:09.998208-05	2024-03-18 18:17:32.930119-05	15	1	A	EP	1	\N	\N	\N
458	Carlor		t	976669579	\N		2024-02-23 00:00:00-05	t	f	2024-03-18 18:17:32.937215-05	\N	f	2024-03-18 18:16:09.991169-05	2024-03-18 18:17:32.93828-05	16	1	A	EP	1	\N	\N	\N
457	Paula		t	959691853	\N		2024-02-23 00:00:00-05	t	f	2024-03-18 18:17:32.943334-05	\N	f	2024-03-18 18:16:09.981124-05	2024-03-18 18:17:32.944332-05	14	1	A	EP	1	\N	\N	\N
456	Romulo		t	904630153	\N		2024-02-23 00:00:00-05	t	f	2024-03-18 18:17:32.951067-05	\N	f	2024-03-18 18:16:09.971774-05	2024-03-18 18:17:32.952199-05	15	1	A	EP	1	\N	\N	\N
455	Wiber		t	969729815	\N		2024-02-23 00:00:00-05	t	f	2024-03-18 18:17:32.958557-05	\N	f	2024-03-18 18:16:09.964258-05	2024-03-18 18:17:32.96139-05	16	1	A	EP	1	\N	\N	\N
454	S/N		t	971088953	\N		2024-02-23 00:00:00-05	t	f	2024-03-18 18:17:32.96775-05	\N	f	2024-03-18 18:16:09.955692-05	2024-03-18 18:17:32.968931-05	14	1	A	EP	1	\N	\N	\N
453	Gabriela		t	914453213	\N		2024-02-23 00:00:00-05	t	f	2024-03-18 18:17:32.974664-05	\N	f	2024-03-18 18:16:09.946517-05	2024-03-18 18:17:32.975642-05	15	1	A	EP	1	\N	\N	\N
452	Oscar		t	937723373	\N		2024-02-23 00:00:00-05	t	f	2024-03-18 18:17:32.982362-05	\N	f	2024-03-18 18:16:09.936979-05	2024-03-18 18:17:32.985248-05	16	1	A	EP	1	\N	\N	\N
451	Kelly		t	931489693	\N		2024-02-23 00:00:00-05	t	f	2024-03-18 18:17:32.993862-05	\N	f	2024-03-18 18:16:09.922296-05	2024-03-18 18:17:32.995898-05	14	1	A	EP	1	\N	\N	\N
450	Yanina		t	958647281	\N		2024-02-23 00:00:00-05	t	f	2024-03-18 18:17:33.005559-05	\N	f	2024-03-18 18:16:09.913783-05	2024-03-18 18:17:33.00667-05	15	1	A	EP	1	\N	\N	\N
449	Arthur		t	976340861	\N		2024-02-23 00:00:00-05	t	f	2024-03-18 18:17:33.011705-05	\N	f	2024-03-18 18:16:09.905347-05	2024-03-18 18:17:33.01271-05	16	1	A	EP	1	\N	\N	\N
448	Mayra		t	930275306	\N		2024-02-23 00:00:00-05	t	f	2024-03-18 18:17:33.020502-05	\N	f	2024-03-18 18:16:09.896345-05	2024-03-18 18:17:33.023401-05	14	1	A	EP	1	\N	\N	\N
447	Jesus		t	977135782	\N		2024-02-23 00:00:00-05	t	f	2024-03-18 18:17:33.031033-05	\N	f	2024-03-18 18:16:09.88781-05	2024-03-18 18:17:33.032684-05	15	1	A	EP	1	\N	\N	\N
446	Gonzalo		t	959457194	\N		2024-02-23 00:00:00-05	t	f	2024-03-18 18:17:33.038812-05	\N	f	2024-03-18 18:16:09.879667-05	2024-03-18 18:17:33.039817-05	16	1	A	EP	1	\N	\N	\N
445	S/N		t	900581040	\N		2024-02-23 00:00:00-05	t	f	2024-03-18 18:17:33.046079-05	\N	f	2024-03-18 18:16:09.870572-05	2024-03-18 18:17:33.047747-05	14	1	A	EP	1	\N	\N	\N
444	Marlene		t	976757405	\N		2024-02-23 00:00:00-05	t	f	2024-03-18 18:17:33.056329-05	\N	f	2024-03-18 18:16:09.863127-05	2024-03-18 18:17:33.057679-05	15	1	A	EP	1	\N	\N	\N
443	Cesar		t	992576900	\N		2024-02-23 00:00:00-05	t	f	2024-03-18 18:17:33.07323-05	\N	f	2024-03-18 18:16:09.855047-05	2024-03-18 18:17:33.07466-05	16	1	A	EP	1	\N	\N	\N
442	Kevin		t	974721243	\N		2024-02-23 00:00:00-05	t	f	2024-03-18 18:17:33.081579-05	\N	f	2024-03-18 18:16:09.845781-05	2024-03-18 18:17:33.083217-05	14	1	A	EP	1	\N	\N	\N
441	Carlos		t	940612853	\N		2024-02-23 00:00:00-05	t	f	2024-03-18 18:17:33.093231-05	\N	f	2024-03-18 18:16:09.837352-05	2024-03-18 18:17:33.095196-05	15	1	A	EP	1	\N	\N	\N
440	Carmen		t	979001454	\N		2024-02-23 00:00:00-05	t	f	2024-03-18 18:17:33.10296-05	\N	f	2024-03-18 18:16:09.828343-05	2024-03-18 18:17:33.104325-05	16	1	A	EP	1	\N	\N	\N
439	Jhonatan		t	976658191	\N		2024-02-23 00:00:00-05	t	f	2024-03-18 18:17:33.112036-05	\N	f	2024-03-18 18:16:09.819336-05	2024-03-18 18:17:33.11408-05	14	1	A	EP	1	\N	\N	\N
438	Rosa		t	958672572	\N		2024-02-23 00:00:00-05	t	f	2024-03-18 18:17:33.121466-05	\N	f	2024-03-18 18:16:09.810579-05	2024-03-18 18:17:33.123247-05	15	1	A	EP	1	\N	\N	\N
437	S/N		t	927063332	\N		2024-02-23 00:00:00-05	t	f	2024-03-18 18:17:33.132718-05	\N	f	2024-03-18 18:16:09.801151-05	2024-03-18 18:17:33.134138-05	16	1	A	EP	1	\N	\N	\N
436	Jorge		t	963957101	\N		2024-02-23 00:00:00-05	t	f	2024-03-18 18:17:33.143046-05	\N	f	2024-03-18 18:16:09.791633-05	2024-03-18 18:17:33.144357-05	14	1	A	EP	1	\N	\N	\N
435	Victor		t	959096596	\N		2024-02-23 00:00:00-05	t	f	2024-03-18 18:17:33.151224-05	\N	f	2024-03-18 18:16:09.781816-05	2024-03-18 18:17:33.152662-05	15	1	A	EP	1	\N	\N	\N
434	Franco		t	953284204	\N		2024-02-23 00:00:00-05	t	f	2024-03-18 18:17:33.161559-05	\N	f	2024-03-18 18:16:09.772388-05	2024-03-18 18:17:33.163524-05	16	1	A	EP	1	\N	\N	\N
433	Maria		t	980028226	\N		2024-02-23 00:00:00-05	t	f	2024-03-18 18:17:33.172227-05	\N	f	2024-03-18 18:16:09.762679-05	2024-03-18 18:17:33.174587-05	14	1	A	EP	1	\N	\N	\N
432	Fernando		t	959628128	\N		2024-02-23 00:00:00-05	t	f	2024-03-18 18:17:33.184724-05	\N	f	2024-03-18 18:16:09.75398-05	2024-03-18 18:17:33.186284-05	15	1	A	EP	1	\N	\N	\N
431	Hector		t	993152687	\N		2024-02-23 00:00:00-05	t	f	2024-03-18 18:17:33.193303-05	\N	f	2024-03-18 18:16:09.745803-05	2024-03-18 18:17:33.194211-05	16	1	A	EP	1	\N	\N	\N
430	Braulio		t	955921915	\N		2024-02-23 00:00:00-05	t	f	2024-03-18 18:17:33.20229-05	\N	f	2024-03-18 18:16:09.736731-05	2024-03-18 18:17:33.204027-05	14	1	A	EP	1	\N	\N	\N
429	S/N		t	966633463	\N		2024-02-23 00:00:00-05	t	f	2024-03-18 18:17:33.213552-05	\N	f	2024-03-18 18:16:09.729662-05	2024-03-18 18:17:33.21524-05	15	1	A	EP	1	\N	\N	\N
428	Sandro		t	962888664	\N		2024-02-23 00:00:00-05	t	f	2024-03-18 18:17:33.22249-05	\N	f	2024-03-18 18:16:09.720998-05	2024-03-18 18:17:33.226039-05	16	1	A	EP	1	\N	\N	\N
427	Juan Carlos		t	963714463	\N		2024-02-23 00:00:00-05	t	f	2024-03-18 18:17:33.237787-05	\N	f	2024-03-18 18:16:09.713469-05	2024-03-18 18:17:33.239587-05	14	1	A	EP	1	\N	\N	\N
426	Taipe		t	959249013	\N		2024-02-23 00:00:00-05	t	f	2024-03-18 18:17:33.251894-05	\N	f	2024-03-18 18:16:09.704862-05	2024-03-18 18:17:33.253684-05	15	1	A	EP	1	\N	\N	\N
425	Nelly		t	981977307	\N		2024-02-23 00:00:00-05	t	f	2024-03-18 18:17:33.263418-05	\N	f	2024-03-18 18:16:09.696282-05	2024-03-18 18:17:33.26582-05	16	1	A	EP	1	\N	\N	\N
424	Angel		t	963583382	\N		2024-02-23 00:00:00-05	t	f	2024-03-18 18:17:33.272416-05	\N	f	2024-03-18 18:16:09.686129-05	2024-03-18 18:17:33.276277-05	14	1	A	EP	1	\N	\N	\N
423	Mariela		t	966361186	\N		2024-02-22 00:00:00-05	t	f	2024-03-18 18:17:33.287722-05	\N	f	2024-03-18 18:16:09.667138-05	2024-03-18 18:17:33.289057-05	15	1	A	EP	1	\N	\N	\N
422	Norah		t	981070404	\N		2024-02-22 00:00:00-05	t	f	2024-03-18 18:17:33.298912-05	\N	f	2024-03-18 18:16:09.657623-05	2024-03-18 18:17:33.301587-05	16	1	A	EP	1	\N	\N	\N
421	Miguel		t	990313791	\N		2024-02-22 00:00:00-05	t	f	2024-03-18 18:17:33.313277-05	\N	f	2024-03-18 18:16:09.647723-05	2024-03-18 18:17:33.316076-05	14	1	A	EP	1	\N	\N	\N
420	Maria Milagro		t	978360056	\N		2024-02-22 00:00:00-05	t	f	2024-03-18 18:17:33.322272-05	\N	f	2024-03-18 18:16:09.638468-05	2024-03-18 18:17:33.323404-05	15	1	A	EP	1	\N	\N	\N
419	Omar		t	989871625	\N		2024-02-22 00:00:00-05	t	f	2024-03-18 18:17:33.32886-05	\N	f	2024-03-18 18:16:09.628112-05	2024-03-18 18:17:33.329868-05	16	1	A	EP	1	\N	\N	\N
418	Vicente		t	955272257	\N		2024-02-22 00:00:00-05	t	f	2024-03-18 18:17:33.33875-05	\N	f	2024-03-18 18:16:09.6181-05	2024-03-18 18:17:33.33989-05	14	1	A	EP	1	\N	\N	\N
417	S/N		t	939147481	\N		2024-02-22 00:00:00-05	t	f	2024-03-18 18:17:33.346979-05	\N	f	2024-03-18 18:16:09.608736-05	2024-03-18 18:17:33.348432-05	15	1	A	EP	1	\N	\N	\N
416	Renzo		t	921198336	\N		2024-02-22 00:00:00-05	t	f	2024-03-18 18:17:33.355972-05	\N	f	2024-03-18 18:16:09.599096-05	2024-03-18 18:17:33.356817-05	16	1	A	EP	1	\N	\N	\N
412	Gilber		t	930322554	\N		2024-02-22 00:00:00-05	t	f	2024-03-18 18:17:33.382636-05	\N	f	2024-03-18 18:16:09.562732-05	2024-03-18 18:17:33.384209-05	14	1	A	EP	1	\N	\N	\N
407	Grimaldo		t	989661177	\N		2024-02-22 00:00:00-05	t	f	2024-03-18 18:17:33.413904-05	\N	f	2024-03-18 18:16:09.520417-05	2024-03-18 18:17:33.416029-05	16	1	A	EP	1	\N	\N	\N
402	Juan		t	960973458	\N		2024-02-22 00:00:00-05	t	f	2024-03-18 18:17:33.452227-05	\N	f	2024-03-18 18:16:09.47088-05	2024-03-18 18:17:33.45328-05	15	1	A	EP	1	\N	\N	\N
396	Jarif		t	943820054	\N		2024-02-22 00:00:00-05	t	f	2024-03-18 18:17:33.502152-05	\N	f	2024-03-18 18:16:09.41354-05	2024-03-18 18:17:33.503394-05	15	1	A	EP	1	\N	\N	\N
391	Omar		t	984399647	\N		2024-02-21 00:00:00-05	t	f	2024-03-18 18:17:33.537177-05	\N	f	2024-03-18 18:16:09.364744-05	2024-03-18 18:17:33.538201-05	14	1	A	EP	1	\N	\N	\N
386	Elena		t	932698686	\N		2024-02-21 00:00:00-05	t	f	2024-03-18 18:17:33.571041-05	\N	f	2024-03-18 18:16:09.317017-05	2024-03-18 18:17:33.571974-05	16	1	A	EP	1	\N	\N	\N
380	Jorge		t	997801346	\N		2024-02-21 00:00:00-05	t	f	2024-03-18 18:17:33.610494-05	\N	f	2024-03-18 18:16:09.266816-05	2024-03-18 18:17:33.611672-05	16	1	A	EP	1	\N	\N	\N
375	Katy		t	982178579	\N		2024-02-21 00:00:00-05	t	f	2024-03-18 18:17:33.646158-05	\N	f	2024-03-18 18:16:09.222701-05	2024-03-18 18:17:33.647069-05	15	1	A	EP	1	\N	\N	\N
370	Sol		t	914642675	\N		2024-02-21 00:00:00-05	t	f	2024-03-18 18:17:33.685766-05	\N	f	2024-03-18 18:16:09.171206-05	2024-03-18 18:17:33.687313-05	14	1	A	EP	1	\N	\N	\N
365	Sebasti치n		t	915390284	\N		2024-02-21 00:00:00-05	t	f	2024-03-18 18:17:33.724006-05	\N	f	2024-03-18 18:16:09.128647-05	2024-03-18 18:17:33.724963-05	16	1	A	EP	1	\N	\N	\N
360	Maria del Carmen		t	981381322	\N		2024-02-20 00:00:00-05	t	f	2024-03-18 18:17:33.770154-05	\N	f	2024-03-18 18:16:09.087498-05	2024-03-18 18:17:33.770999-05	15	1	A	EP	1	\N	\N	\N
354	Mauge		t	974578292	\N		2024-02-20 00:00:00-05	t	f	2024-03-18 18:17:33.806405-05	\N	f	2024-03-18 18:16:09.030782-05	2024-03-18 18:17:33.807097-05	15	1	A	EP	1	\N	\N	\N
351	S/N		t	901689693	\N		2024-02-20 00:00:00-05	t	f	2024-03-18 18:17:33.825571-05	\N	f	2024-03-18 18:16:09.002792-05	2024-03-18 18:17:33.826417-05	15	1	A	EP	1	\N	\N	\N
347	Lucero		t	967073768	\N		2024-02-20 00:00:00-05	t	f	2024-03-18 18:17:33.851896-05	\N	f	2024-03-18 18:16:08.966841-05	2024-03-18 18:17:33.852949-05	16	1	A	EP	1	\N	\N	\N
342	Jhunior		t	940728181	\N		2024-02-20 00:00:00-05	t	f	2024-03-18 18:17:33.893938-05	\N	f	2024-03-18 18:16:08.915238-05	2024-03-18 18:17:33.894696-05	15	1	A	EP	1	\N	\N	\N
336	Fred		t	951729897	\N		2024-02-19 00:00:00-05	t	f	2024-03-18 18:17:33.93414-05	\N	f	2024-03-18 18:16:08.859589-05	2024-03-18 18:17:33.935392-05	15	1	A	EP	1	\N	\N	\N
331	Luis Fernando		t	901523501	\N		2024-02-19 00:00:00-05	t	f	2024-03-18 18:17:33.97049-05	\N	f	2024-03-18 18:16:08.807097-05	2024-03-18 18:17:33.971291-05	14	1	A	EP	1	\N	\N	\N
325	Mia		t	958964259	\N		2024-02-19 00:00:00-05	t	f	2024-03-18 18:17:34.01266-05	\N	f	2024-03-18 18:16:08.752565-05	2024-03-18 18:17:34.013412-05	14	1	A	EP	1	\N	\N	\N
320	S/N		t	951756829	\N		2024-02-19 00:00:00-05	t	f	2024-03-18 18:17:34.04663-05	\N	f	2024-03-18 18:16:08.713026-05	2024-03-18 18:17:34.047629-05	16	1	A	EP	1	\N	\N	\N
315	S/N		t	950336859	\N		2024-02-19 00:00:00-05	t	f	2024-03-18 18:17:34.080581-05	\N	f	2024-03-18 18:16:08.65662-05	2024-03-18 18:17:34.08243-05	15	1	A	EP	1	\N	\N	\N
310	Eva		t	976628321	\N		2024-02-19 00:00:00-05	t	f	2024-03-18 18:17:34.114093-05	\N	f	2024-03-18 18:16:08.605648-05	2024-03-18 18:17:34.115751-05	14	1	A	EP	1	\N	\N	\N
304	S/N		t	924446651	\N		2024-02-18 00:00:00-05	t	f	2024-03-18 18:17:34.153225-05	\N	f	2024-03-18 18:16:08.554401-05	2024-03-18 18:17:34.153973-05	14	1	A	EP	1	\N	\N	\N
299	Beto		t	953769359	\N		2024-02-18 00:00:00-05	t	f	2024-03-18 18:17:34.183564-05	\N	f	2024-03-18 18:16:08.513935-05	2024-03-18 18:17:34.184887-05	16	1	A	EP	1	\N	\N	\N
294	Ximena		t	994331831	\N		2024-02-18 00:00:00-05	t	f	2024-03-18 18:17:34.219171-05	\N	f	2024-03-18 18:16:08.472089-05	2024-03-18 18:17:34.220395-05	15	1	A	EP	1	\N	\N	\N
288	Ruben		t	913558382	\N		2024-02-18 00:00:00-05	t	f	2024-03-18 18:17:34.268626-05	\N	f	2024-03-18 18:16:08.409828-05	2024-03-18 18:17:34.269771-05	15	1	A	EP	1	\N	\N	\N
286	Jessica		t	958961214	\N		2024-02-18 00:00:00-05	t	f	2024-03-18 18:17:34.282553-05	\N	f	2024-03-18 18:16:08.393038-05	2024-03-18 18:17:34.284079-05	14	1	A	EP	1	\N	\N	\N
282	S/N		t	982749383	\N		2024-02-18 00:00:00-05	t	f	2024-03-18 18:17:34.309089-05	\N	f	2024-03-18 18:16:08.357511-05	2024-03-18 18:17:34.310062-05	15	1	A	EP	1	\N	\N	\N
276	Rosario		t	958728887	\N		2024-02-17 00:00:00-05	t	f	2024-03-18 18:17:34.346936-05	\N	f	2024-03-18 18:16:08.30771-05	2024-03-18 18:17:34.348245-05	15	1	A	EP	1	\N	\N	\N
271	Vilma		t	936546580	\N		2024-02-17 00:00:00-05	t	f	2024-03-18 18:17:34.379505-05	\N	f	2024-03-18 18:16:08.260393-05	2024-03-18 18:17:34.380448-05	14	1	A	EP	1	\N	\N	\N
266	Luis		t	974783781	\N		2024-02-17 00:00:00-05	t	f	2024-03-18 18:17:34.41437-05	\N	f	2024-03-18 18:16:08.215358-05	2024-03-18 18:17:34.416106-05	16	1	A	EP	1	\N	\N	\N
260	Edith		t	957574888	\N		2024-02-17 00:00:00-05	t	f	2024-03-18 18:17:34.455148-05	\N	f	2024-03-18 18:16:08.146151-05	2024-03-18 18:17:34.456153-05	16	1	A	EP	1	\N	\N	\N
255	S/N		t	943834566	\N		2024-02-17 00:00:00-05	t	f	2024-03-18 18:17:34.493902-05	\N	f	2024-03-18 18:16:08.102311-05	2024-03-18 18:17:34.494855-05	15	1	A	EP	1	\N	\N	\N
250	Paulita		t	967642581	\N		2024-02-17 00:00:00-05	t	f	2024-03-18 18:17:34.527631-05	\N	f	2024-03-18 18:16:08.055759-05	2024-03-18 18:17:34.528622-05	14	1	A	EP	1	\N	\N	\N
245	Ivan		t	977137930	\N		2024-02-17 00:00:00-05	t	f	2024-03-18 18:17:34.562041-05	\N	f	2024-03-18 18:16:08.016075-05	2024-03-18 18:17:34.562923-05	16	1	A	EP	1	\N	\N	\N
239	S/N		t	969719407	\N		2024-02-17 00:00:00-05	t	f	2024-03-18 18:17:34.599546-05	\N	f	2024-03-18 18:16:07.96637-05	2024-03-18 18:17:34.600726-05	16	1	A	EP	1	\N	\N	\N
234	Cesar		t	987845618	\N		2024-02-16 00:00:00-05	t	f	2024-03-18 18:17:34.632679-05	\N	f	2024-03-18 18:16:07.914377-05	2024-03-18 18:17:34.633671-05	15	1	A	EP	1	\N	\N	\N
229	Loreni		t	983469987	\N		2024-02-16 00:00:00-05	t	f	2024-03-18 18:17:34.666786-05	\N	f	2024-03-18 18:16:07.87119-05	2024-03-18 18:17:34.668001-05	14	1	A	EP	1	\N	\N	\N
223	Jenny		t	931207251	\N		2024-02-16 00:00:00-05	t	f	2024-03-18 18:17:34.706299-05	\N	f	2024-03-18 18:16:07.821011-05	2024-03-18 18:17:34.707056-05	14	1	A	EP	1	\N	\N	\N
221	Allison		t	932574275	\N		2024-02-16 00:00:00-05	t	f	2024-03-18 18:17:34.719135-05	\N	f	2024-03-18 18:16:07.802844-05	2024-03-18 18:17:34.720186-05	16	1	A	EP	1	\N	\N	\N
217	Anibal		t	994924546	\N		2024-02-16 00:00:00-05	t	f	2024-03-18 18:17:34.753636-05	\N	f	2024-03-18 18:16:07.760713-05	2024-03-18 18:17:34.75457-05	14	1	A	EP	1	\N	\N	\N
211	Raquel		t	959374465	\N		2024-02-16 00:00:00-05	t	f	2024-03-18 18:17:34.792785-05	\N	f	2024-03-18 18:16:07.704557-05	2024-03-18 18:17:34.793561-05	14	1	A	EP	1	\N	\N	\N
206	Bonifacio		t	992277740	\N		2024-02-16 00:00:00-05	t	f	2024-03-18 18:17:34.824854-05	\N	f	2024-03-18 18:16:07.653036-05	2024-03-18 18:17:34.826015-05	16	1	A	EP	1	\N	\N	\N
201	S/N		t	958686885	\N		2024-02-16 00:00:00-05	t	f	2024-03-18 18:17:34.858339-05	\N	f	2024-03-18 18:16:07.603063-05	2024-03-18 18:17:34.859078-05	15	1	A	EP	1	\N	\N	\N
195	Guadalupe		t	960720879	\N		2024-02-15 00:00:00-05	t	f	2024-03-18 18:17:34.893735-05	\N	f	2024-03-18 18:16:07.546587-05	2024-03-18 18:17:34.894765-05	15	1	A	EP	1	\N	\N	\N
190	Carolina		t	949835351	\N		2024-02-15 00:00:00-05	t	f	2024-03-18 18:17:34.926299-05	\N	f	2024-03-18 18:16:07.503335-05	2024-03-18 18:17:34.926988-05	14	1	A	EP	1	\N	\N	\N
185	S/N		t	5.21669E+12	\N		2024-02-15 00:00:00-05	t	f	2024-03-18 18:17:34.957266-05	\N	f	2024-03-18 18:16:07.46279-05	2024-03-18 18:17:34.958423-05	16	1	A	EP	1	\N	\N	\N
180	S/N		t	982986820	\N		2024-02-15 00:00:00-05	t	f	2024-03-18 18:17:34.994438-05	\N	f	2024-03-18 18:16:07.411791-05	2024-03-18 18:17:34.996764-05	15	1	A	EP	1	\N	\N	\N
174	Irma		t	959903073	\N		2024-02-15 00:00:00-05	t	f	2024-03-18 18:17:35.035312-05	\N	f	2024-03-18 18:16:07.35753-05	2024-03-18 18:17:35.036464-05	15	1	A	EP	1	\N	\N	\N
169	Reina		t	985824334	\N		2024-02-14 00:00:00-05	t	f	2024-03-18 18:17:35.068568-05	\N	f	2024-03-18 18:16:07.313517-05	2024-03-18 18:17:35.069749-05	14	1	A	EP	1	\N	\N	\N
164	Diego		t	959223796	\N		2024-02-14 00:00:00-05	t	f	2024-03-18 18:17:35.100613-05	\N	f	2024-03-18 18:16:07.269775-05	2024-03-18 18:17:35.101848-05	16	1	A	EP	1	\N	\N	\N
158	Victor		t	958358516	\N		2024-02-14 00:00:00-05	t	f	2024-03-18 18:17:35.140313-05	\N	f	2024-03-18 18:16:07.215217-05	2024-03-18 18:17:35.140977-05	16	1	A	EP	1	\N	\N	\N
156	Luz		t	940456210	\N		2024-02-14 00:00:00-05	t	f	2024-03-18 18:17:35.154368-05	\N	f	2024-03-18 18:16:07.197303-05	2024-03-18 18:17:35.155124-05	15	1	A	EP	1	\N	\N	\N
152	Cahuide		t	993435258	\N		2024-02-14 00:00:00-05	t	f	2024-03-18 18:17:35.179382-05	\N	f	2024-03-18 18:16:07.139256-05	2024-03-18 18:17:35.18029-05	16	1	A	EP	1	\N	\N	\N
146	Jhoel		t	943570617	\N		2024-02-13 00:00:00-05	t	f	2024-03-18 18:17:35.223842-05	\N	f	2024-03-18 18:16:07.079617-05	2024-03-18 18:17:35.22522-05	16	1	A	EP	1	\N	\N	\N
141	Victor		t	958425260	\N		2024-02-13 00:00:00-05	t	f	2024-03-18 18:17:35.267457-05	\N	f	2024-03-18 18:16:07.033588-05	2024-03-18 18:17:35.269055-05	15	1	A	EP	1	\N	\N	\N
136	Angel		t	958748758	\N		2024-02-13 00:00:00-05	t	f	2024-03-18 18:17:35.303472-05	\N	f	2024-03-18 18:16:06.98518-05	2024-03-18 18:17:35.304562-05	14	1	A	EP	1	\N	\N	\N
130	Margot		t	974936309	\N		2024-02-12 00:00:00-05	t	f	2024-03-18 18:17:35.343261-05	\N	f	2024-03-18 18:16:06.924507-05	2024-03-18 18:17:35.344295-05	14	1	A	EP	1	\N	\N	\N
125	Mariela		t	954738139	\N		2024-02-12 00:00:00-05	t	f	2024-03-18 18:17:35.378354-05	\N	f	2024-03-18 18:16:06.879264-05	2024-03-18 18:17:35.379389-05	16	1	A	EP	1	\N	\N	\N
120	Olga		t	974784006	\N		2024-02-11 00:00:00-05	t	f	2024-03-18 18:17:35.410361-05	\N	f	2024-03-18 18:16:06.833429-05	2024-03-18 18:17:35.411405-05	15	1	A	EP	1	\N	\N	\N
115	Ed Rey		t	928296028	\N		2024-02-11 00:00:00-05	t	f	2024-03-18 18:17:35.444669-05	\N	f	2024-03-18 18:16:06.785531-05	2024-03-18 18:17:35.44574-05	14	1	A	EP	1	\N	\N	\N
109	Bianca		t	987108487	\N		2024-02-11 00:00:00-05	t	f	2024-03-18 18:17:35.495167-05	\N	f	2024-03-18 18:16:06.724278-05	2024-03-18 18:17:35.496066-05	14	1	A	EP	1	\N	\N	\N
104	Luz		t	948639070	\N		2024-02-11 00:00:00-05	t	f	2024-03-18 18:17:35.525467-05	\N	f	2024-03-18 18:16:06.682773-05	2024-03-18 18:17:35.526562-05	16	1	A	EP	1	\N	\N	\N
99	Diomi		t	994313718	\N		2024-02-11 00:00:00-05	t	f	2024-03-18 18:17:35.558909-05	\N	f	2024-03-18 18:16:06.635032-05	2024-03-18 18:17:35.559942-05	15	1	A	EP	1	\N	\N	\N
93	Julio		t	918689510	\N		2024-02-10 00:00:00-05	t	f	2024-03-18 18:17:35.596273-05	\N	f	2024-03-18 18:16:06.585455-05	2024-03-18 18:17:35.597116-05	15	1	A	EP	1	\N	\N	\N
91	Andr칠s		t	953268917	\N		2024-02-10 00:00:00-05	t	f	2024-03-18 18:17:35.609161-05	\N	f	2024-03-18 18:16:06.56826-05	2024-03-18 18:17:35.609967-05	14	1	A	EP	1	\N	\N	\N
88	Maria		t	989874260	\N		2024-02-10 00:00:00-05	t	f	2024-03-18 18:17:35.626759-05	\N	f	2024-03-18 18:16:06.544461-05	2024-03-18 18:17:35.627617-05	14	1	A	EP	1	\N	\N	\N
82	Reldy		t	941289117	\N		2024-02-10 00:00:00-05	t	f	2024-03-18 18:17:35.671855-05	\N	f	2024-03-18 18:16:06.488309-05	2024-03-18 18:17:35.673129-05	14	1	A	EP	1	\N	\N	\N
77	Ang칠lica		t	959896430	\N		2024-02-10 00:00:00-05	t	f	2024-03-18 18:17:35.706383-05	\N	f	2024-03-18 18:16:06.441016-05	2024-03-18 18:17:35.70705-05	16	1	A	EP	1	\N	\N	\N
72	Jorge		t	959683480	\N		2024-02-09 00:00:00-05	t	f	2024-03-18 18:17:35.740758-05	\N	f	2024-03-18 18:16:06.391818-05	2024-03-18 18:17:35.744228-05	15	1	A	EP	1	\N	\N	\N
67	Ang칠lica		t	950896072	\N		2024-02-09 00:00:00-05	t	f	2024-03-18 18:17:35.780209-05	\N	f	2024-03-18 18:16:06.34528-05	2024-03-18 18:17:35.781903-05	14	1	A	EP	1	\N	\N	\N
61	Miguel		t	995952972	\N		2024-02-08 00:00:00-05	t	f	2024-03-18 18:17:35.821841-05	\N	f	2024-03-18 18:16:06.29204-05	2024-03-18 18:17:35.822863-05	14	1	A	EP	1	\N	\N	\N
56	Eilleen		t	997478920	\N		2024-02-08 00:00:00-05	t	f	2024-03-18 18:17:35.855104-05	\N	f	2024-03-18 18:16:06.247501-05	2024-03-18 18:17:35.855899-05	16	1	A	EP	1	\N	\N	\N
51	Everson		t	915157824	\N		2024-02-07 00:00:00-05	t	f	2024-03-18 18:17:35.890594-05	\N	f	2024-03-18 18:16:06.203371-05	2024-03-18 18:17:35.891466-05	15	1	A	EP	1	\N	\N	\N
45	Roberto		t	941284195	\N		2024-02-07 00:00:00-05	t	f	2024-03-18 18:17:35.925442-05	\N	f	2024-03-18 18:16:06.14289-05	2024-03-18 18:17:35.926536-05	15	1	A	EP	1	\N	\N	\N
41	Mariluz		t	985990402	\N	Atencion urgente	2024-02-07 00:00:00-05	t	f	2024-03-18 18:17:35.953241-05	\N	f	2024-03-18 18:16:06.105556-05	2024-03-18 18:17:35.954454-05	16	1	A	EP	1	\N	\N	\N
34	Ysabel		t	949788489	913949194	Quiere atencion inmediata	2024-02-06 00:00:00-05	t	f	2024-03-18 18:17:36.00223-05	\N	f	2024-03-18 18:16:06.046277-05	2024-03-18 18:17:36.003215-05	14	1	A	EP	1	\N	\N	\N
28			t	958227562	\N		2024-02-01 00:00:00-05	t	f	2024-03-18 18:17:36.039269-05	\N	f	2024-03-18 18:16:05.995267-05	2024-03-18 18:17:36.039965-05	14	1	A	EP	1	\N	\N	\N
\.


--
-- Data for Name: ventas_llamada; Type: TABLE DATA; Schema: public; Owner: postgres
--

COPY public.ventas_llamada (id, detalle, contesto, fecha_creacion, fecha_actualizacion, asesor_id, estado_id, lead_id, objecion_id, "usuarioActualizador_id", "usuarioCreador_id") FROM stdin;
\.


--
-- Data for Name: ventas_objecion; Type: TABLE DATA; Schema: public; Owner: postgres
--

COPY public.ventas_objecion (id, nombre, estado_id) FROM stdin;
1	Ninguna	A
2	No estoy interesado	A
3	N칰mero equivocado	A
4	Muy caro	A
5	Yo les devuelvo la llamada	A
6	Vu칠lveme a llamar	A
7	La ubicaci칩n no me gusta	A
\.


--
-- Data for Name: ventas_precio; Type: TABLE DATA; Schema: public; Owner: postgres
--

COPY public.ventas_precio (id, precio, cotizacion_id, estado_id, "tipoProducto_id") FROM stdin;
\.


--
-- Data for Name: ventas_producto; Type: TABLE DATA; Schema: public; Owner: postgres
--

COPY public.ventas_producto (id, nombre, codigo, reservado, numero, area, fecha_creacion, fecha_actualizacion, estado_id, proyecto_id, tipo_id, "usuarioActualizador_id", "usuarioCreador_id") FROM stdin;
\.


--
-- Data for Name: ventas_proyectotipoproducto; Type: TABLE DATA; Schema: public; Owner: postgres
--

COPY public.ventas_proyectotipoproducto (id, proyecto_id, tipo_producto_id) FROM stdin;
\.


--
-- Data for Name: ventas_tipocotizacion; Type: TABLE DATA; Schema: public; Owner: postgres
--

COPY public.ventas_tipocotizacion (id, nombre, estado_id) FROM stdin;
\.


--
-- Data for Name: ventas_tipocuota; Type: TABLE DATA; Schema: public; Owner: postgres
--

COPY public.ventas_tipocuota (id, nombre, estado_id) FROM stdin;
1	Pago Contado	A
\.


--
-- Data for Name: ventas_tipoevento; Type: TABLE DATA; Schema: public; Owner: postgres
--

COPY public.ventas_tipoevento (id, nombre, estado_id, color) FROM stdin;
1	Visita Campo	A	\N
2	Visita Oficina	A	\N
\.


--
-- Data for Name: ventas_tipoproducto; Type: TABLE DATA; Schema: public; Owner: postgres
--

COPY public.ventas_tipoproducto (id, nombre, estado_id) FROM stdin;
1	Departamento	A
2	Lote	A
3	Cochera	A
4	Deposito	A
5	Condominio	A
\.


--
-- Data for Name: ventas_whatsapp; Type: TABLE DATA; Schema: public; Owner: postgres
--

COPY public.ventas_whatsapp (id, detalle, respondio, fecha_creacion, fecha_actualizacion, asesor_id, estado_id, lead_id, objecion_id, "usuarioActualizador_id", "usuarioCreador_id") FROM stdin;
1	Bueno	t	2024-03-17 19:46:26.152079-05	2024-03-17 19:46:26.152375-05	14	A	\N	5	\N	14
\.


--
-- Name: auth_group_id_seq; Type: SEQUENCE SET; Schema: public; Owner: postgres
--

SELECT pg_catalog.setval('public.auth_group_id_seq', 3, true);


--
-- Name: auth_group_permissions_id_seq; Type: SEQUENCE SET; Schema: public; Owner: postgres
--

SELECT pg_catalog.setval('public.auth_group_permissions_id_seq', 60, true);


--
-- Name: auth_permission_id_seq; Type: SEQUENCE SET; Schema: public; Owner: postgres
--

SELECT pg_catalog.setval('public.auth_permission_id_seq', 180, true);


--
-- Name: cuenta_modulo_id_seq; Type: SEQUENCE SET; Schema: public; Owner: postgres
--

SELECT pg_catalog.setval('public.cuenta_modulo_id_seq', 7, true);


--
-- Name: cuenta_user_groups_id_seq; Type: SEQUENCE SET; Schema: public; Owner: postgres
--

SELECT pg_catalog.setval('public.cuenta_user_groups_id_seq', 11, true);


--
-- Name: cuenta_user_id_seq; Type: SEQUENCE SET; Schema: public; Owner: postgres
--

SELECT pg_catalog.setval('public.cuenta_user_id_seq', 18, true);


--
-- Name: cuenta_user_user_permissions_id_seq; Type: SEQUENCE SET; Schema: public; Owner: postgres
--

SELECT pg_catalog.setval('public.cuenta_user_user_permissions_id_seq', 1, false);


--
-- Name: django_admin_log_id_seq; Type: SEQUENCE SET; Schema: public; Owner: postgres
--

SELECT pg_catalog.setval('public.django_admin_log_id_seq', 53, true);


--
-- Name: django_celery_beat_clockedschedule_id_seq; Type: SEQUENCE SET; Schema: public; Owner: postgres
--

SELECT pg_catalog.setval('public.django_celery_beat_clockedschedule_id_seq', 1, false);


--
-- Name: django_celery_beat_crontabschedule_id_seq; Type: SEQUENCE SET; Schema: public; Owner: postgres
--

SELECT pg_catalog.setval('public.django_celery_beat_crontabschedule_id_seq', 1, false);


--
-- Name: django_celery_beat_intervalschedule_id_seq; Type: SEQUENCE SET; Schema: public; Owner: postgres
--

SELECT pg_catalog.setval('public.django_celery_beat_intervalschedule_id_seq', 1, false);


--
-- Name: django_celery_beat_periodictask_id_seq; Type: SEQUENCE SET; Schema: public; Owner: postgres
--

SELECT pg_catalog.setval('public.django_celery_beat_periodictask_id_seq', 1, false);


--
-- Name: django_celery_beat_solarschedule_id_seq; Type: SEQUENCE SET; Schema: public; Owner: postgres
--

SELECT pg_catalog.setval('public.django_celery_beat_solarschedule_id_seq', 1, false);


--
-- Name: django_content_type_id_seq; Type: SEQUENCE SET; Schema: public; Owner: postgres
--

SELECT pg_catalog.setval('public.django_content_type_id_seq', 45, true);


--
-- Name: django_migrations_id_seq; Type: SEQUENCE SET; Schema: public; Owner: postgres
--

SELECT pg_catalog.setval('public.django_migrations_id_seq', 61, true);


--
-- Name: marketing_campania_id_seq; Type: SEQUENCE SET; Schema: public; Owner: postgres
--

SELECT pg_catalog.setval('public.marketing_campania_id_seq', 6, true);


--
-- Name: marketing_categoria_id_seq; Type: SEQUENCE SET; Schema: public; Owner: postgres
--

SELECT pg_catalog.setval('public.marketing_categoria_id_seq', 7, true);


--
-- Name: marketing_gastocampania_id_seq; Type: SEQUENCE SET; Schema: public; Owner: postgres
--

SELECT pg_catalog.setval('public.marketing_gastocampania_id_seq', 10, true);


--
-- Name: marketing_presupuestoproyecto_id_seq; Type: SEQUENCE SET; Schema: public; Owner: postgres
--

SELECT pg_catalog.setval('public.marketing_presupuestoproyecto_id_seq', 3, true);


--
-- Name: marketing_proyecto_id_seq; Type: SEQUENCE SET; Schema: public; Owner: postgres
--

SELECT pg_catalog.setval('public.marketing_proyecto_id_seq', 2, true);


--
-- Name: multimedia_imagenproducto_id_seq; Type: SEQUENCE SET; Schema: public; Owner: postgres
--

SELECT pg_catalog.setval('public.multimedia_imagenproducto_id_seq', 1, false);


--
-- Name: multimedia_imagenproyecto_id_seq; Type: SEQUENCE SET; Schema: public; Owner: postgres
--

SELECT pg_catalog.setval('public.multimedia_imagenproyecto_id_seq', 2, true);


--
-- Name: multimedia_videoproducto_id_seq; Type: SEQUENCE SET; Schema: public; Owner: postgres
--

SELECT pg_catalog.setval('public.multimedia_videoproducto_id_seq', 1, false);


--
-- Name: multimedia_videoproyecto_id_seq; Type: SEQUENCE SET; Schema: public; Owner: postgres
--

SELECT pg_catalog.setval('public.multimedia_videoproyecto_id_seq', 1, false);


--
-- Name: token_blacklist_blacklistedtoken_id_seq; Type: SEQUENCE SET; Schema: public; Owner: postgres
--

SELECT pg_catalog.setval('public.token_blacklist_blacklistedtoken_id_seq', 1, false);


--
-- Name: token_blacklist_outstandingtoken_id_seq; Type: SEQUENCE SET; Schema: public; Owner: postgres
--

SELECT pg_catalog.setval('public.token_blacklist_outstandingtoken_id_seq', 44, true);


--
-- Name: ventas_cotizacion_id_seq; Type: SEQUENCE SET; Schema: public; Owner: postgres
--

SELECT pg_catalog.setval('public.ventas_cotizacion_id_seq', 1, false);


--
-- Name: ventas_cuota_id_seq; Type: SEQUENCE SET; Schema: public; Owner: postgres
--

SELECT pg_catalog.setval('public.ventas_cuota_id_seq', 1, false);


--
-- Name: ventas_desasignacionconfiguracion_id_seq; Type: SEQUENCE SET; Schema: public; Owner: postgres
--

SELECT pg_catalog.setval('public.ventas_desasignacionconfiguracion_id_seq', 1, false);


--
-- Name: ventas_desasignacionleadasesor_id_seq; Type: SEQUENCE SET; Schema: public; Owner: postgres
--

SELECT pg_catalog.setval('public.ventas_desasignacionleadasesor_id_seq', 13, true);


--
-- Name: ventas_estadoevento_id_seq; Type: SEQUENCE SET; Schema: public; Owner: postgres
--

SELECT pg_catalog.setval('public.ventas_estadoevento_id_seq', 3, true);


--
-- Name: ventas_estadoseparacionlead_id_seq; Type: SEQUENCE SET; Schema: public; Owner: postgres
--

SELECT pg_catalog.setval('public.ventas_estadoseparacionlead_id_seq', 5, true);


--
-- Name: ventas_evento_id_seq; Type: SEQUENCE SET; Schema: public; Owner: postgres
--

SELECT pg_catalog.setval('public.ventas_evento_id_seq', 1, true);


--
-- Name: ventas_historicoleadasesor_id_seq; Type: SEQUENCE SET; Schema: public; Owner: postgres
--

SELECT pg_catalog.setval('public.ventas_historicoleadasesor_id_seq', 463, true);


--
-- Name: ventas_lead_id_seq; Type: SEQUENCE SET; Schema: public; Owner: postgres
--

SELECT pg_catalog.setval('public.ventas_lead_id_seq', 469, true);


--
-- Name: ventas_llamada_id_seq; Type: SEQUENCE SET; Schema: public; Owner: postgres
--

SELECT pg_catalog.setval('public.ventas_llamada_id_seq', 1, false);


--
-- Name: ventas_objecion_id_seq; Type: SEQUENCE SET; Schema: public; Owner: postgres
--

SELECT pg_catalog.setval('public.ventas_objecion_id_seq', 7, true);


--
-- Name: ventas_precio_id_seq; Type: SEQUENCE SET; Schema: public; Owner: postgres
--

SELECT pg_catalog.setval('public.ventas_precio_id_seq', 1, false);


--
-- Name: ventas_producto_id_seq; Type: SEQUENCE SET; Schema: public; Owner: postgres
--

SELECT pg_catalog.setval('public.ventas_producto_id_seq', 1, false);


--
-- Name: ventas_proyectotipoproducto_id_seq; Type: SEQUENCE SET; Schema: public; Owner: postgres
--

SELECT pg_catalog.setval('public.ventas_proyectotipoproducto_id_seq', 1, false);


--
-- Name: ventas_tipocotizacion_id_seq; Type: SEQUENCE SET; Schema: public; Owner: postgres
--

SELECT pg_catalog.setval('public.ventas_tipocotizacion_id_seq', 1, false);


--
-- Name: ventas_tipocuota_id_seq; Type: SEQUENCE SET; Schema: public; Owner: postgres
--

SELECT pg_catalog.setval('public.ventas_tipocuota_id_seq', 1, true);


--
-- Name: ventas_tipoevento_id_seq; Type: SEQUENCE SET; Schema: public; Owner: postgres
--

SELECT pg_catalog.setval('public.ventas_tipoevento_id_seq', 2, true);


--
-- Name: ventas_tipoproducto_id_seq; Type: SEQUENCE SET; Schema: public; Owner: postgres
--

SELECT pg_catalog.setval('public.ventas_tipoproducto_id_seq', 5, true);


--
-- Name: ventas_whatsapp_id_seq; Type: SEQUENCE SET; Schema: public; Owner: postgres
--

SELECT pg_catalog.setval('public.ventas_whatsapp_id_seq', 1, true);


--
-- Name: auth_group auth_group_name_key; Type: CONSTRAINT; Schema: public; Owner: postgres
--

ALTER TABLE ONLY public.auth_group
    ADD CONSTRAINT auth_group_name_key UNIQUE (name);


--
-- Name: auth_group_permissions auth_group_permissions_group_id_permission_id_0cd325b0_uniq; Type: CONSTRAINT; Schema: public; Owner: postgres
--

ALTER TABLE ONLY public.auth_group_permissions
    ADD CONSTRAINT auth_group_permissions_group_id_permission_id_0cd325b0_uniq UNIQUE (group_id, permission_id);


--
-- Name: auth_group_permissions auth_group_permissions_pkey; Type: CONSTRAINT; Schema: public; Owner: postgres
--

ALTER TABLE ONLY public.auth_group_permissions
    ADD CONSTRAINT auth_group_permissions_pkey PRIMARY KEY (id);


--
-- Name: auth_group auth_group_pkey; Type: CONSTRAINT; Schema: public; Owner: postgres
--

ALTER TABLE ONLY public.auth_group
    ADD CONSTRAINT auth_group_pkey PRIMARY KEY (id);


--
-- Name: auth_permission auth_permission_content_type_id_codename_01ab375a_uniq; Type: CONSTRAINT; Schema: public; Owner: postgres
--

ALTER TABLE ONLY public.auth_permission
    ADD CONSTRAINT auth_permission_content_type_id_codename_01ab375a_uniq UNIQUE (content_type_id, codename);


--
-- Name: auth_permission auth_permission_pkey; Type: CONSTRAINT; Schema: public; Owner: postgres
--

ALTER TABLE ONLY public.auth_permission
    ADD CONSTRAINT auth_permission_pkey PRIMARY KEY (id);


--
-- Name: cuenta_estadoregistro cuenta_estadoregistro_pkey; Type: CONSTRAINT; Schema: public; Owner: postgres
--

ALTER TABLE ONLY public.cuenta_estadoregistro
    ADD CONSTRAINT cuenta_estadoregistro_pkey PRIMARY KEY (estado);


--
-- Name: cuenta_modulo cuenta_modulo_pkey; Type: CONSTRAINT; Schema: public; Owner: postgres
--

ALTER TABLE ONLY public.cuenta_modulo
    ADD CONSTRAINT cuenta_modulo_pkey PRIMARY KEY (id);


--
-- Name: cuenta_user cuenta_user_codigoAsesor_key; Type: CONSTRAINT; Schema: public; Owner: postgres
--

ALTER TABLE ONLY public.cuenta_user
    ADD CONSTRAINT "cuenta_user_codigoAsesor_key" UNIQUE ("codigoAsesor");


--
-- Name: cuenta_user_groups cuenta_user_groups_pkey; Type: CONSTRAINT; Schema: public; Owner: postgres
--

ALTER TABLE ONLY public.cuenta_user_groups
    ADD CONSTRAINT cuenta_user_groups_pkey PRIMARY KEY (id);


--
-- Name: cuenta_user_groups cuenta_user_groups_user_id_group_id_aa2c9476_uniq; Type: CONSTRAINT; Schema: public; Owner: postgres
--

ALTER TABLE ONLY public.cuenta_user_groups
    ADD CONSTRAINT cuenta_user_groups_user_id_group_id_aa2c9476_uniq UNIQUE (user_id, group_id);


--
-- Name: cuenta_user cuenta_user_pkey; Type: CONSTRAINT; Schema: public; Owner: postgres
--

ALTER TABLE ONLY public.cuenta_user
    ADD CONSTRAINT cuenta_user_pkey PRIMARY KEY (id);


--
-- Name: cuenta_user_user_permissions cuenta_user_user_permiss_user_id_permission_id_4ab227af_uniq; Type: CONSTRAINT; Schema: public; Owner: postgres
--

ALTER TABLE ONLY public.cuenta_user_user_permissions
    ADD CONSTRAINT cuenta_user_user_permiss_user_id_permission_id_4ab227af_uniq UNIQUE (user_id, permission_id);


--
-- Name: cuenta_user_user_permissions cuenta_user_user_permissions_pkey; Type: CONSTRAINT; Schema: public; Owner: postgres
--

ALTER TABLE ONLY public.cuenta_user_user_permissions
    ADD CONSTRAINT cuenta_user_user_permissions_pkey PRIMARY KEY (id);


--
-- Name: cuenta_user cuenta_user_username_key; Type: CONSTRAINT; Schema: public; Owner: postgres
--

ALTER TABLE ONLY public.cuenta_user
    ADD CONSTRAINT cuenta_user_username_key UNIQUE (username);


--
-- Name: django_admin_log django_admin_log_pkey; Type: CONSTRAINT; Schema: public; Owner: postgres
--

ALTER TABLE ONLY public.django_admin_log
    ADD CONSTRAINT django_admin_log_pkey PRIMARY KEY (id);


--
-- Name: django_celery_beat_clockedschedule django_celery_beat_clockedschedule_pkey; Type: CONSTRAINT; Schema: public; Owner: postgres
--

ALTER TABLE ONLY public.django_celery_beat_clockedschedule
    ADD CONSTRAINT django_celery_beat_clockedschedule_pkey PRIMARY KEY (id);


--
-- Name: django_celery_beat_crontabschedule django_celery_beat_crontabschedule_pkey; Type: CONSTRAINT; Schema: public; Owner: postgres
--

ALTER TABLE ONLY public.django_celery_beat_crontabschedule
    ADD CONSTRAINT django_celery_beat_crontabschedule_pkey PRIMARY KEY (id);


--
-- Name: django_celery_beat_intervalschedule django_celery_beat_intervalschedule_pkey; Type: CONSTRAINT; Schema: public; Owner: postgres
--

ALTER TABLE ONLY public.django_celery_beat_intervalschedule
    ADD CONSTRAINT django_celery_beat_intervalschedule_pkey PRIMARY KEY (id);


--
-- Name: django_celery_beat_periodictask django_celery_beat_periodictask_name_key; Type: CONSTRAINT; Schema: public; Owner: postgres
--

ALTER TABLE ONLY public.django_celery_beat_periodictask
    ADD CONSTRAINT django_celery_beat_periodictask_name_key UNIQUE (name);


--
-- Name: django_celery_beat_periodictask django_celery_beat_periodictask_pkey; Type: CONSTRAINT; Schema: public; Owner: postgres
--

ALTER TABLE ONLY public.django_celery_beat_periodictask
    ADD CONSTRAINT django_celery_beat_periodictask_pkey PRIMARY KEY (id);


--
-- Name: django_celery_beat_periodictasks django_celery_beat_periodictasks_pkey; Type: CONSTRAINT; Schema: public; Owner: postgres
--

ALTER TABLE ONLY public.django_celery_beat_periodictasks
    ADD CONSTRAINT django_celery_beat_periodictasks_pkey PRIMARY KEY (ident);


--
-- Name: django_celery_beat_solarschedule django_celery_beat_solar_event_latitude_longitude_ba64999a_uniq; Type: CONSTRAINT; Schema: public; Owner: postgres
--

ALTER TABLE ONLY public.django_celery_beat_solarschedule
    ADD CONSTRAINT django_celery_beat_solar_event_latitude_longitude_ba64999a_uniq UNIQUE (event, latitude, longitude);


--
-- Name: django_celery_beat_solarschedule django_celery_beat_solarschedule_pkey; Type: CONSTRAINT; Schema: public; Owner: postgres
--

ALTER TABLE ONLY public.django_celery_beat_solarschedule
    ADD CONSTRAINT django_celery_beat_solarschedule_pkey PRIMARY KEY (id);


--
-- Name: django_content_type django_content_type_app_label_model_76bd3d3b_uniq; Type: CONSTRAINT; Schema: public; Owner: postgres
--

ALTER TABLE ONLY public.django_content_type
    ADD CONSTRAINT django_content_type_app_label_model_76bd3d3b_uniq UNIQUE (app_label, model);


--
-- Name: django_content_type django_content_type_pkey; Type: CONSTRAINT; Schema: public; Owner: postgres
--

ALTER TABLE ONLY public.django_content_type
    ADD CONSTRAINT django_content_type_pkey PRIMARY KEY (id);


--
-- Name: django_migrations django_migrations_pkey; Type: CONSTRAINT; Schema: public; Owner: postgres
--

ALTER TABLE ONLY public.django_migrations
    ADD CONSTRAINT django_migrations_pkey PRIMARY KEY (id);


--
-- Name: django_session django_session_pkey; Type: CONSTRAINT; Schema: public; Owner: postgres
--

ALTER TABLE ONLY public.django_session
    ADD CONSTRAINT django_session_pkey PRIMARY KEY (session_key);


--
-- Name: marketing_campania marketing_campania_codigo_key; Type: CONSTRAINT; Schema: public; Owner: postgres
--

ALTER TABLE ONLY public.marketing_campania
    ADD CONSTRAINT marketing_campania_codigo_key UNIQUE (codigo);


--
-- Name: marketing_campania marketing_campania_nombre_key; Type: CONSTRAINT; Schema: public; Owner: postgres
--

ALTER TABLE ONLY public.marketing_campania
    ADD CONSTRAINT marketing_campania_nombre_key UNIQUE (nombre);


--
-- Name: marketing_campania marketing_campania_pkey; Type: CONSTRAINT; Schema: public; Owner: postgres
--

ALTER TABLE ONLY public.marketing_campania
    ADD CONSTRAINT marketing_campania_pkey PRIMARY KEY (id);


--
-- Name: marketing_categoria marketing_categoria_codigo_key; Type: CONSTRAINT; Schema: public; Owner: postgres
--

ALTER TABLE ONLY public.marketing_categoria
    ADD CONSTRAINT marketing_categoria_codigo_key UNIQUE (codigo);


--
-- Name: marketing_categoria marketing_categoria_nombre_key; Type: CONSTRAINT; Schema: public; Owner: postgres
--

ALTER TABLE ONLY public.marketing_categoria
    ADD CONSTRAINT marketing_categoria_nombre_key UNIQUE (nombre);


--
-- Name: marketing_categoria marketing_categoria_pkey; Type: CONSTRAINT; Schema: public; Owner: postgres
--

ALTER TABLE ONLY public.marketing_categoria
    ADD CONSTRAINT marketing_categoria_pkey PRIMARY KEY (id);


--
-- Name: marketing_gastocampania marketing_gastocampania_pkey; Type: CONSTRAINT; Schema: public; Owner: postgres
--

ALTER TABLE ONLY public.marketing_gastocampania
    ADD CONSTRAINT marketing_gastocampania_pkey PRIMARY KEY (id);


--
-- Name: marketing_presupuestoproyecto marketing_presupuestoproyecto_pkey; Type: CONSTRAINT; Schema: public; Owner: postgres
--

ALTER TABLE ONLY public.marketing_presupuestoproyecto
    ADD CONSTRAINT marketing_presupuestoproyecto_pkey PRIMARY KEY (id);


--
-- Name: marketing_proyecto marketing_proyecto_codigo_key; Type: CONSTRAINT; Schema: public; Owner: postgres
--

ALTER TABLE ONLY public.marketing_proyecto
    ADD CONSTRAINT marketing_proyecto_codigo_key UNIQUE (codigo);


--
-- Name: marketing_proyecto marketing_proyecto_nombre_key; Type: CONSTRAINT; Schema: public; Owner: postgres
--

ALTER TABLE ONLY public.marketing_proyecto
    ADD CONSTRAINT marketing_proyecto_nombre_key UNIQUE (nombre);


--
-- Name: marketing_proyecto marketing_proyecto_pkey; Type: CONSTRAINT; Schema: public; Owner: postgres
--

ALTER TABLE ONLY public.marketing_proyecto
    ADD CONSTRAINT marketing_proyecto_pkey PRIMARY KEY (id);


--
-- Name: multimedia_imagenproducto multimedia_imagenproducto_pkey; Type: CONSTRAINT; Schema: public; Owner: postgres
--

ALTER TABLE ONLY public.multimedia_imagenproducto
    ADD CONSTRAINT multimedia_imagenproducto_pkey PRIMARY KEY (id);


--
-- Name: multimedia_imagenproyecto multimedia_imagenproyecto_pkey; Type: CONSTRAINT; Schema: public; Owner: postgres
--

ALTER TABLE ONLY public.multimedia_imagenproyecto
    ADD CONSTRAINT multimedia_imagenproyecto_pkey PRIMARY KEY (id);


--
-- Name: multimedia_videoproducto multimedia_videoproducto_pkey; Type: CONSTRAINT; Schema: public; Owner: postgres
--

ALTER TABLE ONLY public.multimedia_videoproducto
    ADD CONSTRAINT multimedia_videoproducto_pkey PRIMARY KEY (id);


--
-- Name: multimedia_videoproyecto multimedia_videoproyecto_pkey; Type: CONSTRAINT; Schema: public; Owner: postgres
--

ALTER TABLE ONLY public.multimedia_videoproyecto
    ADD CONSTRAINT multimedia_videoproyecto_pkey PRIMARY KEY (id);


--
-- Name: token_blacklist_blacklistedtoken token_blacklist_blacklistedtoken_pkey; Type: CONSTRAINT; Schema: public; Owner: postgres
--

ALTER TABLE ONLY public.token_blacklist_blacklistedtoken
    ADD CONSTRAINT token_blacklist_blacklistedtoken_pkey PRIMARY KEY (id);


--
-- Name: token_blacklist_blacklistedtoken token_blacklist_blacklistedtoken_token_id_key; Type: CONSTRAINT; Schema: public; Owner: postgres
--

ALTER TABLE ONLY public.token_blacklist_blacklistedtoken
    ADD CONSTRAINT token_blacklist_blacklistedtoken_token_id_key UNIQUE (token_id);


--
-- Name: token_blacklist_outstandingtoken token_blacklist_outstandingtoken_jti_hex_d9bdf6f7_uniq; Type: CONSTRAINT; Schema: public; Owner: postgres
--

ALTER TABLE ONLY public.token_blacklist_outstandingtoken
    ADD CONSTRAINT token_blacklist_outstandingtoken_jti_hex_d9bdf6f7_uniq UNIQUE (jti);


--
-- Name: token_blacklist_outstandingtoken token_blacklist_outstandingtoken_pkey; Type: CONSTRAINT; Schema: public; Owner: postgres
--

ALTER TABLE ONLY public.token_blacklist_outstandingtoken
    ADD CONSTRAINT token_blacklist_outstandingtoken_pkey PRIMARY KEY (id);


--
-- Name: ventas_cotizacion ventas_cotizacion_pkey; Type: CONSTRAINT; Schema: public; Owner: postgres
--

ALTER TABLE ONLY public.ventas_cotizacion
    ADD CONSTRAINT ventas_cotizacion_pkey PRIMARY KEY (id);


--
-- Name: ventas_cuota ventas_cuota_pkey; Type: CONSTRAINT; Schema: public; Owner: postgres
--

ALTER TABLE ONLY public.ventas_cuota
    ADD CONSTRAINT ventas_cuota_pkey PRIMARY KEY (id);


--
-- Name: ventas_desasignacionconfiguracion ventas_desasignacionconfiguracion_pkey; Type: CONSTRAINT; Schema: public; Owner: postgres
--

ALTER TABLE ONLY public.ventas_desasignacionconfiguracion
    ADD CONSTRAINT ventas_desasignacionconfiguracion_pkey PRIMARY KEY (id);


--
-- Name: ventas_desasignacionleadasesor ventas_desasignacionleadasesor_pkey; Type: CONSTRAINT; Schema: public; Owner: postgres
--

ALTER TABLE ONLY public.ventas_desasignacionleadasesor
    ADD CONSTRAINT ventas_desasignacionleadasesor_pkey PRIMARY KEY (id);


--
-- Name: ventas_estadoevento ventas_estadoevento_pkey; Type: CONSTRAINT; Schema: public; Owner: postgres
--

ALTER TABLE ONLY public.ventas_estadoevento
    ADD CONSTRAINT ventas_estadoevento_pkey PRIMARY KEY (id);


--
-- Name: ventas_estadolead ventas_estadolead_pkey; Type: CONSTRAINT; Schema: public; Owner: postgres
--

ALTER TABLE ONLY public.ventas_estadolead
    ADD CONSTRAINT ventas_estadolead_pkey PRIMARY KEY (nombre);


--
-- Name: ventas_estadoseparacionlead ventas_estadoseparacionlead_pkey; Type: CONSTRAINT; Schema: public; Owner: postgres
--

ALTER TABLE ONLY public.ventas_estadoseparacionlead
    ADD CONSTRAINT ventas_estadoseparacionlead_pkey PRIMARY KEY (id);


--
-- Name: ventas_evento ventas_evento_pkey; Type: CONSTRAINT; Schema: public; Owner: postgres
--

ALTER TABLE ONLY public.ventas_evento
    ADD CONSTRAINT ventas_evento_pkey PRIMARY KEY (id);


--
-- Name: ventas_historicoleadasesor ventas_historicoleadasesor_pkey; Type: CONSTRAINT; Schema: public; Owner: postgres
--

ALTER TABLE ONLY public.ventas_historicoleadasesor
    ADD CONSTRAINT ventas_historicoleadasesor_pkey PRIMARY KEY (id);


--
-- Name: ventas_lead ventas_lead_pkey; Type: CONSTRAINT; Schema: public; Owner: postgres
--

ALTER TABLE ONLY public.ventas_lead
    ADD CONSTRAINT ventas_lead_pkey PRIMARY KEY (id);


--
-- Name: ventas_llamada ventas_llamada_pkey; Type: CONSTRAINT; Schema: public; Owner: postgres
--

ALTER TABLE ONLY public.ventas_llamada
    ADD CONSTRAINT ventas_llamada_pkey PRIMARY KEY (id);


--
-- Name: ventas_objecion ventas_objecion_nombre_key; Type: CONSTRAINT; Schema: public; Owner: postgres
--

ALTER TABLE ONLY public.ventas_objecion
    ADD CONSTRAINT ventas_objecion_nombre_key UNIQUE (nombre);


--
-- Name: ventas_objecion ventas_objecion_pkey; Type: CONSTRAINT; Schema: public; Owner: postgres
--

ALTER TABLE ONLY public.ventas_objecion
    ADD CONSTRAINT ventas_objecion_pkey PRIMARY KEY (id);


--
-- Name: ventas_precio ventas_precio_pkey; Type: CONSTRAINT; Schema: public; Owner: postgres
--

ALTER TABLE ONLY public.ventas_precio
    ADD CONSTRAINT ventas_precio_pkey PRIMARY KEY (id);


--
-- Name: ventas_producto ventas_producto_codigo_key; Type: CONSTRAINT; Schema: public; Owner: postgres
--

ALTER TABLE ONLY public.ventas_producto
    ADD CONSTRAINT ventas_producto_codigo_key UNIQUE (codigo);


--
-- Name: ventas_producto ventas_producto_pkey; Type: CONSTRAINT; Schema: public; Owner: postgres
--

ALTER TABLE ONLY public.ventas_producto
    ADD CONSTRAINT ventas_producto_pkey PRIMARY KEY (id);


--
-- Name: ventas_proyectotipoproducto ventas_proyectotipoproducto_pkey; Type: CONSTRAINT; Schema: public; Owner: postgres
--

ALTER TABLE ONLY public.ventas_proyectotipoproducto
    ADD CONSTRAINT ventas_proyectotipoproducto_pkey PRIMARY KEY (id);


--
-- Name: ventas_tipocotizacion ventas_tipocotizacion_pkey; Type: CONSTRAINT; Schema: public; Owner: postgres
--

ALTER TABLE ONLY public.ventas_tipocotizacion
    ADD CONSTRAINT ventas_tipocotizacion_pkey PRIMARY KEY (id);


--
-- Name: ventas_tipocuota ventas_tipocuota_pkey; Type: CONSTRAINT; Schema: public; Owner: postgres
--

ALTER TABLE ONLY public.ventas_tipocuota
    ADD CONSTRAINT ventas_tipocuota_pkey PRIMARY KEY (id);


--
-- Name: ventas_tipoevento ventas_tipoevento_pkey; Type: CONSTRAINT; Schema: public; Owner: postgres
--

ALTER TABLE ONLY public.ventas_tipoevento
    ADD CONSTRAINT ventas_tipoevento_pkey PRIMARY KEY (id);


--
-- Name: ventas_tipoproducto ventas_tipoproducto_pkey; Type: CONSTRAINT; Schema: public; Owner: postgres
--

ALTER TABLE ONLY public.ventas_tipoproducto
    ADD CONSTRAINT ventas_tipoproducto_pkey PRIMARY KEY (id);


--
-- Name: ventas_whatsapp ventas_whatsapp_pkey; Type: CONSTRAINT; Schema: public; Owner: postgres
--

ALTER TABLE ONLY public.ventas_whatsapp
    ADD CONSTRAINT ventas_whatsapp_pkey PRIMARY KEY (id);


--
-- Name: auth_group_name_a6ea08ec_like; Type: INDEX; Schema: public; Owner: postgres
--

CREATE INDEX auth_group_name_a6ea08ec_like ON public.auth_group USING btree (name varchar_pattern_ops);


--
-- Name: auth_group_permissions_group_id_b120cbf9; Type: INDEX; Schema: public; Owner: postgres
--

CREATE INDEX auth_group_permissions_group_id_b120cbf9 ON public.auth_group_permissions USING btree (group_id);


--
-- Name: auth_group_permissions_permission_id_84c5c92e; Type: INDEX; Schema: public; Owner: postgres
--

CREATE INDEX auth_group_permissions_permission_id_84c5c92e ON public.auth_group_permissions USING btree (permission_id);


--
-- Name: auth_permission_content_type_id_2f476e4b; Type: INDEX; Schema: public; Owner: postgres
--

CREATE INDEX auth_permission_content_type_id_2f476e4b ON public.auth_permission USING btree (content_type_id);


--
-- Name: cuenta_estadoregistro_estado_97a7a969_like; Type: INDEX; Schema: public; Owner: postgres
--

CREATE INDEX cuenta_estadoregistro_estado_97a7a969_like ON public.cuenta_estadoregistro USING btree (estado varchar_pattern_ops);


--
-- Name: cuenta_modulo_contentType_id_2a61d120; Type: INDEX; Schema: public; Owner: postgres
--

CREATE INDEX "cuenta_modulo_contentType_id_2a61d120" ON public.cuenta_modulo USING btree ("contentType_id");


--
-- Name: cuenta_modulo_estado_id_5859d6c7; Type: INDEX; Schema: public; Owner: postgres
--

CREATE INDEX cuenta_modulo_estado_id_5859d6c7 ON public.cuenta_modulo USING btree (estado_id);


--
-- Name: cuenta_modulo_estado_id_5859d6c7_like; Type: INDEX; Schema: public; Owner: postgres
--

CREATE INDEX cuenta_modulo_estado_id_5859d6c7_like ON public.cuenta_modulo USING btree (estado_id varchar_pattern_ops);


--
-- Name: cuenta_user_codigoAsesor_0db83882_like; Type: INDEX; Schema: public; Owner: postgres
--

CREATE INDEX "cuenta_user_codigoAsesor_0db83882_like" ON public.cuenta_user USING btree ("codigoAsesor" varchar_pattern_ops);


--
-- Name: cuenta_user_estado_id_d5a492ba; Type: INDEX; Schema: public; Owner: postgres
--

CREATE INDEX cuenta_user_estado_id_d5a492ba ON public.cuenta_user USING btree (estado_id);


--
-- Name: cuenta_user_estado_id_d5a492ba_like; Type: INDEX; Schema: public; Owner: postgres
--

CREATE INDEX cuenta_user_estado_id_d5a492ba_like ON public.cuenta_user USING btree (estado_id varchar_pattern_ops);


--
-- Name: cuenta_user_groups_group_id_cf2ca9f2; Type: INDEX; Schema: public; Owner: postgres
--

CREATE INDEX cuenta_user_groups_group_id_cf2ca9f2 ON public.cuenta_user_groups USING btree (group_id);


--
-- Name: cuenta_user_groups_user_id_70f894f5; Type: INDEX; Schema: public; Owner: postgres
--

CREATE INDEX cuenta_user_groups_user_id_70f894f5 ON public.cuenta_user_groups USING btree (user_id);


--
-- Name: cuenta_user_user_permissions_permission_id_401431f5; Type: INDEX; Schema: public; Owner: postgres
--

CREATE INDEX cuenta_user_user_permissions_permission_id_401431f5 ON public.cuenta_user_user_permissions USING btree (permission_id);


--
-- Name: cuenta_user_user_permissions_user_id_7b5627c2; Type: INDEX; Schema: public; Owner: postgres
--

CREATE INDEX cuenta_user_user_permissions_user_id_7b5627c2 ON public.cuenta_user_user_permissions USING btree (user_id);


--
-- Name: cuenta_user_username_7a232732_like; Type: INDEX; Schema: public; Owner: postgres
--

CREATE INDEX cuenta_user_username_7a232732_like ON public.cuenta_user USING btree (username varchar_pattern_ops);


--
-- Name: django_admin_log_content_type_id_c4bce8eb; Type: INDEX; Schema: public; Owner: postgres
--

CREATE INDEX django_admin_log_content_type_id_c4bce8eb ON public.django_admin_log USING btree (content_type_id);


--
-- Name: django_admin_log_user_id_c564eba6; Type: INDEX; Schema: public; Owner: postgres
--

CREATE INDEX django_admin_log_user_id_c564eba6 ON public.django_admin_log USING btree (user_id);


--
-- Name: django_celery_beat_periodictask_clocked_id_47a69f82; Type: INDEX; Schema: public; Owner: postgres
--

CREATE INDEX django_celery_beat_periodictask_clocked_id_47a69f82 ON public.django_celery_beat_periodictask USING btree (clocked_id);


--
-- Name: django_celery_beat_periodictask_crontab_id_d3cba168; Type: INDEX; Schema: public; Owner: postgres
--

CREATE INDEX django_celery_beat_periodictask_crontab_id_d3cba168 ON public.django_celery_beat_periodictask USING btree (crontab_id);


--
-- Name: django_celery_beat_periodictask_interval_id_a8ca27da; Type: INDEX; Schema: public; Owner: postgres
--

CREATE INDEX django_celery_beat_periodictask_interval_id_a8ca27da ON public.django_celery_beat_periodictask USING btree (interval_id);


--
-- Name: django_celery_beat_periodictask_name_265a36b7_like; Type: INDEX; Schema: public; Owner: postgres
--

CREATE INDEX django_celery_beat_periodictask_name_265a36b7_like ON public.django_celery_beat_periodictask USING btree (name varchar_pattern_ops);


--
-- Name: django_celery_beat_periodictask_solar_id_a87ce72c; Type: INDEX; Schema: public; Owner: postgres
--

CREATE INDEX django_celery_beat_periodictask_solar_id_a87ce72c ON public.django_celery_beat_periodictask USING btree (solar_id);


--
-- Name: django_session_expire_date_a5c62663; Type: INDEX; Schema: public; Owner: postgres
--

CREATE INDEX django_session_expire_date_a5c62663 ON public.django_session USING btree (expire_date);


--
-- Name: django_session_session_key_c0390e0f_like; Type: INDEX; Schema: public; Owner: postgres
--

CREATE INDEX django_session_session_key_c0390e0f_like ON public.django_session USING btree (session_key varchar_pattern_ops);


--
-- Name: marketing_campania_categoria_id_947d87f4; Type: INDEX; Schema: public; Owner: postgres
--

CREATE INDEX marketing_campania_categoria_id_947d87f4 ON public.marketing_campania USING btree (categoria_id);


--
-- Name: marketing_campania_codigo_3ca493fd_like; Type: INDEX; Schema: public; Owner: postgres
--

CREATE INDEX marketing_campania_codigo_3ca493fd_like ON public.marketing_campania USING btree (codigo varchar_pattern_ops);


--
-- Name: marketing_campania_estado_id_8af5896d; Type: INDEX; Schema: public; Owner: postgres
--

CREATE INDEX marketing_campania_estado_id_8af5896d ON public.marketing_campania USING btree (estado_id);


--
-- Name: marketing_campania_estado_id_8af5896d_like; Type: INDEX; Schema: public; Owner: postgres
--

CREATE INDEX marketing_campania_estado_id_8af5896d_like ON public.marketing_campania USING btree (estado_id varchar_pattern_ops);


--
-- Name: marketing_campania_nombre_fb034c88_like; Type: INDEX; Schema: public; Owner: postgres
--

CREATE INDEX marketing_campania_nombre_fb034c88_like ON public.marketing_campania USING btree (nombre varchar_pattern_ops);


--
-- Name: marketing_campania_proyecto_id_c61271da; Type: INDEX; Schema: public; Owner: postgres
--

CREATE INDEX marketing_campania_proyecto_id_c61271da ON public.marketing_campania USING btree (proyecto_id);


--
-- Name: marketing_campania_usuarioActualizador_id_26cc158f; Type: INDEX; Schema: public; Owner: postgres
--

CREATE INDEX "marketing_campania_usuarioActualizador_id_26cc158f" ON public.marketing_campania USING btree ("usuarioActualizador_id");


--
-- Name: marketing_campania_usuarioCreador_id_cc3ec0ac; Type: INDEX; Schema: public; Owner: postgres
--

CREATE INDEX "marketing_campania_usuarioCreador_id_cc3ec0ac" ON public.marketing_campania USING btree ("usuarioCreador_id");


--
-- Name: marketing_categoria_codigo_eec4fe94_like; Type: INDEX; Schema: public; Owner: postgres
--

CREATE INDEX marketing_categoria_codigo_eec4fe94_like ON public.marketing_categoria USING btree (codigo varchar_pattern_ops);


--
-- Name: marketing_categoria_estado_id_0601d1ae; Type: INDEX; Schema: public; Owner: postgres
--

CREATE INDEX marketing_categoria_estado_id_0601d1ae ON public.marketing_categoria USING btree (estado_id);


--
-- Name: marketing_categoria_estado_id_0601d1ae_like; Type: INDEX; Schema: public; Owner: postgres
--

CREATE INDEX marketing_categoria_estado_id_0601d1ae_like ON public.marketing_categoria USING btree (estado_id varchar_pattern_ops);


--
-- Name: marketing_categoria_nombre_8436bce3_like; Type: INDEX; Schema: public; Owner: postgres
--

CREATE INDEX marketing_categoria_nombre_8436bce3_like ON public.marketing_categoria USING btree (nombre varchar_pattern_ops);


--
-- Name: marketing_gastocampania_campania_id_6fb3fd34; Type: INDEX; Schema: public; Owner: postgres
--

CREATE INDEX marketing_gastocampania_campania_id_6fb3fd34 ON public.marketing_gastocampania USING btree (campania_id);


--
-- Name: marketing_gastocampania_estado_id_fe5439ef; Type: INDEX; Schema: public; Owner: postgres
--

CREATE INDEX marketing_gastocampania_estado_id_fe5439ef ON public.marketing_gastocampania USING btree (estado_id);


--
-- Name: marketing_gastocampania_estado_id_fe5439ef_like; Type: INDEX; Schema: public; Owner: postgres
--

CREATE INDEX marketing_gastocampania_estado_id_fe5439ef_like ON public.marketing_gastocampania USING btree (estado_id varchar_pattern_ops);


--
-- Name: marketing_gastocampania_presupuestoProyecto_id_df552315; Type: INDEX; Schema: public; Owner: postgres
--

CREATE INDEX "marketing_gastocampania_presupuestoProyecto_id_df552315" ON public.marketing_gastocampania USING btree ("presupuestoProyecto_id");


--
-- Name: marketing_gastocampania_usuarioActualizador_id_baaf3e31; Type: INDEX; Schema: public; Owner: postgres
--

CREATE INDEX "marketing_gastocampania_usuarioActualizador_id_baaf3e31" ON public.marketing_gastocampania USING btree ("usuarioActualizador_id");


--
-- Name: marketing_gastocampania_usuarioCreador_id_56a44e00; Type: INDEX; Schema: public; Owner: postgres
--

CREATE INDEX "marketing_gastocampania_usuarioCreador_id_56a44e00" ON public.marketing_gastocampania USING btree ("usuarioCreador_id");


--
-- Name: marketing_presupuestoproyecto_estado_id_bc699b14; Type: INDEX; Schema: public; Owner: postgres
--

CREATE INDEX marketing_presupuestoproyecto_estado_id_bc699b14 ON public.marketing_presupuestoproyecto USING btree (estado_id);


--
-- Name: marketing_presupuestoproyecto_estado_id_bc699b14_like; Type: INDEX; Schema: public; Owner: postgres
--

CREATE INDEX marketing_presupuestoproyecto_estado_id_bc699b14_like ON public.marketing_presupuestoproyecto USING btree (estado_id varchar_pattern_ops);


--
-- Name: marketing_presupuestoproyecto_proyecto_id_83365fcd; Type: INDEX; Schema: public; Owner: postgres
--

CREATE INDEX marketing_presupuestoproyecto_proyecto_id_83365fcd ON public.marketing_presupuestoproyecto USING btree (proyecto_id);


--
-- Name: marketing_presupuestoproyecto_usuarioActualizador_id_d32e45e3; Type: INDEX; Schema: public; Owner: postgres
--

CREATE INDEX "marketing_presupuestoproyecto_usuarioActualizador_id_d32e45e3" ON public.marketing_presupuestoproyecto USING btree ("usuarioActualizador_id");


--
-- Name: marketing_presupuestoproyecto_usuarioCreador_id_a8538403; Type: INDEX; Schema: public; Owner: postgres
--

CREATE INDEX "marketing_presupuestoproyecto_usuarioCreador_id_a8538403" ON public.marketing_presupuestoproyecto USING btree ("usuarioCreador_id");


--
-- Name: marketing_proyecto_codigo_192b48c5_like; Type: INDEX; Schema: public; Owner: postgres
--

CREATE INDEX marketing_proyecto_codigo_192b48c5_like ON public.marketing_proyecto USING btree (codigo varchar_pattern_ops);


--
-- Name: marketing_proyecto_estado_id_a4076a2a; Type: INDEX; Schema: public; Owner: postgres
--

CREATE INDEX marketing_proyecto_estado_id_a4076a2a ON public.marketing_proyecto USING btree (estado_id);


--
-- Name: marketing_proyecto_estado_id_a4076a2a_like; Type: INDEX; Schema: public; Owner: postgres
--

CREATE INDEX marketing_proyecto_estado_id_a4076a2a_like ON public.marketing_proyecto USING btree (estado_id varchar_pattern_ops);


--
-- Name: marketing_proyecto_nombre_2f05dab4_like; Type: INDEX; Schema: public; Owner: postgres
--

CREATE INDEX marketing_proyecto_nombre_2f05dab4_like ON public.marketing_proyecto USING btree (nombre varchar_pattern_ops);


--
-- Name: marketing_proyecto_usuarioActualizador_id_798e545a; Type: INDEX; Schema: public; Owner: postgres
--

CREATE INDEX "marketing_proyecto_usuarioActualizador_id_798e545a" ON public.marketing_proyecto USING btree ("usuarioActualizador_id");


--
-- Name: marketing_proyecto_usuarioCreador_id_c864e0fc; Type: INDEX; Schema: public; Owner: postgres
--

CREATE INDEX "marketing_proyecto_usuarioCreador_id_c864e0fc" ON public.marketing_proyecto USING btree ("usuarioCreador_id");


--
-- Name: multimedia_imagenproducto_producto_id_13dd33a4; Type: INDEX; Schema: public; Owner: postgres
--

CREATE INDEX multimedia_imagenproducto_producto_id_13dd33a4 ON public.multimedia_imagenproducto USING btree (producto_id);


--
-- Name: multimedia_imagenproyecto_proyecto_id_c3dc9bd9; Type: INDEX; Schema: public; Owner: postgres
--

CREATE INDEX multimedia_imagenproyecto_proyecto_id_c3dc9bd9 ON public.multimedia_imagenproyecto USING btree (proyecto_id);


--
-- Name: multimedia_videoproducto_producto_id_5fc246d7; Type: INDEX; Schema: public; Owner: postgres
--

CREATE INDEX multimedia_videoproducto_producto_id_5fc246d7 ON public.multimedia_videoproducto USING btree (producto_id);


--
-- Name: multimedia_videoproyecto_proyecto_id_2602a1bb; Type: INDEX; Schema: public; Owner: postgres
--

CREATE INDEX multimedia_videoproyecto_proyecto_id_2602a1bb ON public.multimedia_videoproyecto USING btree (proyecto_id);


--
-- Name: token_blacklist_outstandingtoken_jti_hex_d9bdf6f7_like; Type: INDEX; Schema: public; Owner: postgres
--

CREATE INDEX token_blacklist_outstandingtoken_jti_hex_d9bdf6f7_like ON public.token_blacklist_outstandingtoken USING btree (jti varchar_pattern_ops);


--
-- Name: token_blacklist_outstandingtoken_user_id_83bc629a; Type: INDEX; Schema: public; Owner: postgres
--

CREATE INDEX token_blacklist_outstandingtoken_user_id_83bc629a ON public.token_blacklist_outstandingtoken USING btree (user_id);


--
-- Name: ventas_cotizacion_estado_id_4c03ed64; Type: INDEX; Schema: public; Owner: postgres
--

CREATE INDEX ventas_cotizacion_estado_id_4c03ed64 ON public.ventas_cotizacion USING btree (estado_id);


--
-- Name: ventas_cotizacion_estado_id_4c03ed64_like; Type: INDEX; Schema: public; Owner: postgres
--

CREATE INDEX ventas_cotizacion_estado_id_4c03ed64_like ON public.ventas_cotizacion USING btree (estado_id varchar_pattern_ops);


--
-- Name: ventas_cotizacion_proyecto_id_5133ce3a; Type: INDEX; Schema: public; Owner: postgres
--

CREATE INDEX ventas_cotizacion_proyecto_id_5133ce3a ON public.ventas_cotizacion USING btree (proyecto_id);


--
-- Name: ventas_cotizacion_tipo_id_76158ba5; Type: INDEX; Schema: public; Owner: postgres
--

CREATE INDEX ventas_cotizacion_tipo_id_76158ba5 ON public.ventas_cotizacion USING btree (tipo_id);


--
-- Name: ventas_cuota_cotizacion_id_03c69e16; Type: INDEX; Schema: public; Owner: postgres
--

CREATE INDEX ventas_cuota_cotizacion_id_03c69e16 ON public.ventas_cuota USING btree (cotizacion_id);


--
-- Name: ventas_cuota_estado_id_7e2e6470; Type: INDEX; Schema: public; Owner: postgres
--

CREATE INDEX ventas_cuota_estado_id_7e2e6470 ON public.ventas_cuota USING btree (estado_id);


--
-- Name: ventas_cuota_estado_id_7e2e6470_like; Type: INDEX; Schema: public; Owner: postgres
--

CREATE INDEX ventas_cuota_estado_id_7e2e6470_like ON public.ventas_cuota USING btree (estado_id varchar_pattern_ops);


--
-- Name: ventas_cuota_tipo_id_7ef78424; Type: INDEX; Schema: public; Owner: postgres
--

CREATE INDEX ventas_cuota_tipo_id_7ef78424 ON public.ventas_cuota USING btree (tipo_id);


--
-- Name: ventas_desasignacionleadasesor_lead_id_9c79fb06; Type: INDEX; Schema: public; Owner: postgres
--

CREATE INDEX ventas_desasignacionleadasesor_lead_id_9c79fb06 ON public.ventas_desasignacionleadasesor USING btree (lead_id);


--
-- Name: ventas_desasignacionleadasesor_usuario_id_2767a2a3; Type: INDEX; Schema: public; Owner: postgres
--

CREATE INDEX ventas_desasignacionleadasesor_usuario_id_2767a2a3 ON public.ventas_desasignacionleadasesor USING btree (usuario_id);


--
-- Name: ventas_estadoevento_estado_id_c129a6f0; Type: INDEX; Schema: public; Owner: postgres
--

CREATE INDEX ventas_estadoevento_estado_id_c129a6f0 ON public.ventas_estadoevento USING btree (estado_id);


--
-- Name: ventas_estadoevento_estado_id_c129a6f0_like; Type: INDEX; Schema: public; Owner: postgres
--

CREATE INDEX ventas_estadoevento_estado_id_c129a6f0_like ON public.ventas_estadoevento USING btree (estado_id varchar_pattern_ops);


--
-- Name: ventas_estadolead_estado_id_bb594f1b; Type: INDEX; Schema: public; Owner: postgres
--

CREATE INDEX ventas_estadolead_estado_id_bb594f1b ON public.ventas_estadolead USING btree (estado_id);


--
-- Name: ventas_estadolead_estado_id_bb594f1b_like; Type: INDEX; Schema: public; Owner: postgres
--

CREATE INDEX ventas_estadolead_estado_id_bb594f1b_like ON public.ventas_estadolead USING btree (estado_id varchar_pattern_ops);


--
-- Name: ventas_estadolead_nombre_70866519_like; Type: INDEX; Schema: public; Owner: postgres
--

CREATE INDEX ventas_estadolead_nombre_70866519_like ON public.ventas_estadolead USING btree (nombre varchar_pattern_ops);


--
-- Name: ventas_estadoseparacionlead_estado_id_5a88d3d7; Type: INDEX; Schema: public; Owner: postgres
--

CREATE INDEX ventas_estadoseparacionlead_estado_id_5a88d3d7 ON public.ventas_estadoseparacionlead USING btree (estado_id);


--
-- Name: ventas_estadoseparacionlead_estado_id_5a88d3d7_like; Type: INDEX; Schema: public; Owner: postgres
--

CREATE INDEX ventas_estadoseparacionlead_estado_id_5a88d3d7_like ON public.ventas_estadoseparacionlead USING btree (estado_id varchar_pattern_ops);


--
-- Name: ventas_evento_asesor_id_ea375381; Type: INDEX; Schema: public; Owner: postgres
--

CREATE INDEX ventas_evento_asesor_id_ea375381 ON public.ventas_evento USING btree (asesor_id);


--
-- Name: ventas_evento_estadoEvento_id_fd2e2eb2; Type: INDEX; Schema: public; Owner: postgres
--

CREATE INDEX "ventas_evento_estadoEvento_id_fd2e2eb2" ON public.ventas_evento USING btree ("estadoEvento_id");


--
-- Name: ventas_evento_estado_id_e829db5d; Type: INDEX; Schema: public; Owner: postgres
--

CREATE INDEX ventas_evento_estado_id_e829db5d ON public.ventas_evento USING btree (estado_id);


--
-- Name: ventas_evento_estado_id_e829db5d_like; Type: INDEX; Schema: public; Owner: postgres
--

CREATE INDEX ventas_evento_estado_id_e829db5d_like ON public.ventas_evento USING btree (estado_id varchar_pattern_ops);


--
-- Name: ventas_evento_lead_id_08e70c93; Type: INDEX; Schema: public; Owner: postgres
--

CREATE INDEX ventas_evento_lead_id_08e70c93 ON public.ventas_evento USING btree (lead_id);


--
-- Name: ventas_evento_objecion_id_469e0133; Type: INDEX; Schema: public; Owner: postgres
--

CREATE INDEX ventas_evento_objecion_id_469e0133 ON public.ventas_evento USING btree (objecion_id);


--
-- Name: ventas_evento_tipo_id_78657756; Type: INDEX; Schema: public; Owner: postgres
--

CREATE INDEX ventas_evento_tipo_id_78657756 ON public.ventas_evento USING btree (tipo_id);


--
-- Name: ventas_evento_usuarioActualizador_id_88d7c969; Type: INDEX; Schema: public; Owner: postgres
--

CREATE INDEX "ventas_evento_usuarioActualizador_id_88d7c969" ON public.ventas_evento USING btree ("usuarioActualizador_id");


--
-- Name: ventas_evento_usuarioCreador_id_67d617c4; Type: INDEX; Schema: public; Owner: postgres
--

CREATE INDEX "ventas_evento_usuarioCreador_id_67d617c4" ON public.ventas_evento USING btree ("usuarioCreador_id");


--
-- Name: ventas_historicoleadasesor_lead_id_19bc7b14; Type: INDEX; Schema: public; Owner: postgres
--

CREATE INDEX ventas_historicoleadasesor_lead_id_19bc7b14 ON public.ventas_historicoleadasesor USING btree (lead_id);


--
-- Name: ventas_historicoleadasesor_usuario_id_88ac90e1; Type: INDEX; Schema: public; Owner: postgres
--

CREATE INDEX ventas_historicoleadasesor_usuario_id_88ac90e1 ON public.ventas_historicoleadasesor USING btree (usuario_id);


--
-- Name: ventas_lead_asesor_id_dd870e0e; Type: INDEX; Schema: public; Owner: postgres
--

CREATE INDEX ventas_lead_asesor_id_dd870e0e ON public.ventas_lead USING btree (asesor_id);


--
-- Name: ventas_lead_campania_id_f4e01b2b; Type: INDEX; Schema: public; Owner: postgres
--

CREATE INDEX ventas_lead_campania_id_f4e01b2b ON public.ventas_lead USING btree (campania_id);


--
-- Name: ventas_lead_estadoLead_id_d1be3161; Type: INDEX; Schema: public; Owner: postgres
--

CREATE INDEX "ventas_lead_estadoLead_id_d1be3161" ON public.ventas_lead USING btree ("estadoLead_id");


--
-- Name: ventas_lead_estadoLead_id_d1be3161_like; Type: INDEX; Schema: public; Owner: postgres
--

CREATE INDEX "ventas_lead_estadoLead_id_d1be3161_like" ON public.ventas_lead USING btree ("estadoLead_id" varchar_pattern_ops);


--
-- Name: ventas_lead_estadoSeparacionLead_id_8a386dde; Type: INDEX; Schema: public; Owner: postgres
--

CREATE INDEX "ventas_lead_estadoSeparacionLead_id_8a386dde" ON public.ventas_lead USING btree ("estadoSeparacionLead_id");


--
-- Name: ventas_lead_estado_id_54a193d0; Type: INDEX; Schema: public; Owner: postgres
--

CREATE INDEX ventas_lead_estado_id_54a193d0 ON public.ventas_lead USING btree (estado_id);


--
-- Name: ventas_lead_estado_id_54a193d0_like; Type: INDEX; Schema: public; Owner: postgres
--

CREATE INDEX ventas_lead_estado_id_54a193d0_like ON public.ventas_lead USING btree (estado_id varchar_pattern_ops);


--
-- Name: ventas_lead_objecion_id_0176a2b4; Type: INDEX; Schema: public; Owner: postgres
--

CREATE INDEX ventas_lead_objecion_id_0176a2b4 ON public.ventas_lead USING btree (objecion_id);


--
-- Name: ventas_lead_usuarioActualizador_id_a33040e6; Type: INDEX; Schema: public; Owner: postgres
--

CREATE INDEX "ventas_lead_usuarioActualizador_id_a33040e6" ON public.ventas_lead USING btree ("usuarioActualizador_id");


--
-- Name: ventas_lead_usuarioCreador_id_a34d2acb; Type: INDEX; Schema: public; Owner: postgres
--

CREATE INDEX "ventas_lead_usuarioCreador_id_a34d2acb" ON public.ventas_lead USING btree ("usuarioCreador_id");


--
-- Name: ventas_llamada_asesor_id_8151be6e; Type: INDEX; Schema: public; Owner: postgres
--

CREATE INDEX ventas_llamada_asesor_id_8151be6e ON public.ventas_llamada USING btree (asesor_id);


--
-- Name: ventas_llamada_estado_id_0cfebce4; Type: INDEX; Schema: public; Owner: postgres
--

CREATE INDEX ventas_llamada_estado_id_0cfebce4 ON public.ventas_llamada USING btree (estado_id);


--
-- Name: ventas_llamada_estado_id_0cfebce4_like; Type: INDEX; Schema: public; Owner: postgres
--

CREATE INDEX ventas_llamada_estado_id_0cfebce4_like ON public.ventas_llamada USING btree (estado_id varchar_pattern_ops);


--
-- Name: ventas_llamada_lead_id_78d422d7; Type: INDEX; Schema: public; Owner: postgres
--

CREATE INDEX ventas_llamada_lead_id_78d422d7 ON public.ventas_llamada USING btree (lead_id);


--
-- Name: ventas_llamada_objecion_id_132f66c4; Type: INDEX; Schema: public; Owner: postgres
--

CREATE INDEX ventas_llamada_objecion_id_132f66c4 ON public.ventas_llamada USING btree (objecion_id);


--
-- Name: ventas_llamada_usuarioActualizador_id_53da2ff0; Type: INDEX; Schema: public; Owner: postgres
--

CREATE INDEX "ventas_llamada_usuarioActualizador_id_53da2ff0" ON public.ventas_llamada USING btree ("usuarioActualizador_id");


--
-- Name: ventas_llamada_usuarioCreador_id_c5f588ab; Type: INDEX; Schema: public; Owner: postgres
--

CREATE INDEX "ventas_llamada_usuarioCreador_id_c5f588ab" ON public.ventas_llamada USING btree ("usuarioCreador_id");


--
-- Name: ventas_objecion_estado_id_e3665317; Type: INDEX; Schema: public; Owner: postgres
--

CREATE INDEX ventas_objecion_estado_id_e3665317 ON public.ventas_objecion USING btree (estado_id);


--
-- Name: ventas_objecion_estado_id_e3665317_like; Type: INDEX; Schema: public; Owner: postgres
--

CREATE INDEX ventas_objecion_estado_id_e3665317_like ON public.ventas_objecion USING btree (estado_id varchar_pattern_ops);


--
-- Name: ventas_objecion_nombre_48d83928_like; Type: INDEX; Schema: public; Owner: postgres
--

CREATE INDEX ventas_objecion_nombre_48d83928_like ON public.ventas_objecion USING btree (nombre varchar_pattern_ops);


--
-- Name: ventas_precio_cotizacion_id_723444f0; Type: INDEX; Schema: public; Owner: postgres
--

CREATE INDEX ventas_precio_cotizacion_id_723444f0 ON public.ventas_precio USING btree (cotizacion_id);


--
-- Name: ventas_precio_estado_id_0c23bcdc; Type: INDEX; Schema: public; Owner: postgres
--

CREATE INDEX ventas_precio_estado_id_0c23bcdc ON public.ventas_precio USING btree (estado_id);


--
-- Name: ventas_precio_estado_id_0c23bcdc_like; Type: INDEX; Schema: public; Owner: postgres
--

CREATE INDEX ventas_precio_estado_id_0c23bcdc_like ON public.ventas_precio USING btree (estado_id varchar_pattern_ops);


--
-- Name: ventas_precio_tipoProducto_id_db5855af; Type: INDEX; Schema: public; Owner: postgres
--

CREATE INDEX "ventas_precio_tipoProducto_id_db5855af" ON public.ventas_precio USING btree ("tipoProducto_id");


--
-- Name: ventas_producto_codigo_7c2d1be4_like; Type: INDEX; Schema: public; Owner: postgres
--

CREATE INDEX ventas_producto_codigo_7c2d1be4_like ON public.ventas_producto USING btree (codigo varchar_pattern_ops);


--
-- Name: ventas_producto_estado_id_24db19a3; Type: INDEX; Schema: public; Owner: postgres
--

CREATE INDEX ventas_producto_estado_id_24db19a3 ON public.ventas_producto USING btree (estado_id);


--
-- Name: ventas_producto_estado_id_24db19a3_like; Type: INDEX; Schema: public; Owner: postgres
--

CREATE INDEX ventas_producto_estado_id_24db19a3_like ON public.ventas_producto USING btree (estado_id varchar_pattern_ops);


--
-- Name: ventas_producto_proyecto_id_50e7196a; Type: INDEX; Schema: public; Owner: postgres
--

CREATE INDEX ventas_producto_proyecto_id_50e7196a ON public.ventas_producto USING btree (proyecto_id);


--
-- Name: ventas_producto_tipo_id_12a8cb82; Type: INDEX; Schema: public; Owner: postgres
--

CREATE INDEX ventas_producto_tipo_id_12a8cb82 ON public.ventas_producto USING btree (tipo_id);


--
-- Name: ventas_producto_usuarioActualizador_id_71ae7343; Type: INDEX; Schema: public; Owner: postgres
--

CREATE INDEX "ventas_producto_usuarioActualizador_id_71ae7343" ON public.ventas_producto USING btree ("usuarioActualizador_id");


--
-- Name: ventas_producto_usuarioCreador_id_69bcb9f9; Type: INDEX; Schema: public; Owner: postgres
--

CREATE INDEX "ventas_producto_usuarioCreador_id_69bcb9f9" ON public.ventas_producto USING btree ("usuarioCreador_id");


--
-- Name: ventas_proyectotipoproducto_proyecto_id_49eff36f; Type: INDEX; Schema: public; Owner: postgres
--

CREATE INDEX ventas_proyectotipoproducto_proyecto_id_49eff36f ON public.ventas_proyectotipoproducto USING btree (proyecto_id);


--
-- Name: ventas_proyectotipoproducto_tipo_producto_id_8af26c72; Type: INDEX; Schema: public; Owner: postgres
--

CREATE INDEX ventas_proyectotipoproducto_tipo_producto_id_8af26c72 ON public.ventas_proyectotipoproducto USING btree (tipo_producto_id);


--
-- Name: ventas_tipocotizacion_estado_id_65417f55; Type: INDEX; Schema: public; Owner: postgres
--

CREATE INDEX ventas_tipocotizacion_estado_id_65417f55 ON public.ventas_tipocotizacion USING btree (estado_id);


--
-- Name: ventas_tipocotizacion_estado_id_65417f55_like; Type: INDEX; Schema: public; Owner: postgres
--

CREATE INDEX ventas_tipocotizacion_estado_id_65417f55_like ON public.ventas_tipocotizacion USING btree (estado_id varchar_pattern_ops);


--
-- Name: ventas_tipocuota_estado_id_9266ec5f; Type: INDEX; Schema: public; Owner: postgres
--

CREATE INDEX ventas_tipocuota_estado_id_9266ec5f ON public.ventas_tipocuota USING btree (estado_id);


--
-- Name: ventas_tipocuota_estado_id_9266ec5f_like; Type: INDEX; Schema: public; Owner: postgres
--

CREATE INDEX ventas_tipocuota_estado_id_9266ec5f_like ON public.ventas_tipocuota USING btree (estado_id varchar_pattern_ops);


--
-- Name: ventas_tipoevento_estado_id_9c7fb81b; Type: INDEX; Schema: public; Owner: postgres
--

CREATE INDEX ventas_tipoevento_estado_id_9c7fb81b ON public.ventas_tipoevento USING btree (estado_id);


--
-- Name: ventas_tipoevento_estado_id_9c7fb81b_like; Type: INDEX; Schema: public; Owner: postgres
--

CREATE INDEX ventas_tipoevento_estado_id_9c7fb81b_like ON public.ventas_tipoevento USING btree (estado_id varchar_pattern_ops);


--
-- Name: ventas_tipoproducto_estado_id_34c73ef0; Type: INDEX; Schema: public; Owner: postgres
--

CREATE INDEX ventas_tipoproducto_estado_id_34c73ef0 ON public.ventas_tipoproducto USING btree (estado_id);


--
-- Name: ventas_tipoproducto_estado_id_34c73ef0_like; Type: INDEX; Schema: public; Owner: postgres
--

CREATE INDEX ventas_tipoproducto_estado_id_34c73ef0_like ON public.ventas_tipoproducto USING btree (estado_id varchar_pattern_ops);


--
-- Name: ventas_whatsapp_asesor_id_5ce5d395; Type: INDEX; Schema: public; Owner: postgres
--

CREATE INDEX ventas_whatsapp_asesor_id_5ce5d395 ON public.ventas_whatsapp USING btree (asesor_id);


--
-- Name: ventas_whatsapp_estado_id_6e36a6d1; Type: INDEX; Schema: public; Owner: postgres
--

CREATE INDEX ventas_whatsapp_estado_id_6e36a6d1 ON public.ventas_whatsapp USING btree (estado_id);


--
-- Name: ventas_whatsapp_estado_id_6e36a6d1_like; Type: INDEX; Schema: public; Owner: postgres
--

CREATE INDEX ventas_whatsapp_estado_id_6e36a6d1_like ON public.ventas_whatsapp USING btree (estado_id varchar_pattern_ops);


--
-- Name: ventas_whatsapp_lead_id_49f8bd1e; Type: INDEX; Schema: public; Owner: postgres
--

CREATE INDEX ventas_whatsapp_lead_id_49f8bd1e ON public.ventas_whatsapp USING btree (lead_id);


--
-- Name: ventas_whatsapp_objecion_id_b79425dd; Type: INDEX; Schema: public; Owner: postgres
--

CREATE INDEX ventas_whatsapp_objecion_id_b79425dd ON public.ventas_whatsapp USING btree (objecion_id);


--
-- Name: ventas_whatsapp_usuarioActualizador_id_1d344f29; Type: INDEX; Schema: public; Owner: postgres
--

CREATE INDEX "ventas_whatsapp_usuarioActualizador_id_1d344f29" ON public.ventas_whatsapp USING btree ("usuarioActualizador_id");


--
-- Name: ventas_whatsapp_usuarioCreador_id_b47920f5; Type: INDEX; Schema: public; Owner: postgres
--

CREATE INDEX "ventas_whatsapp_usuarioCreador_id_b47920f5" ON public.ventas_whatsapp USING btree ("usuarioCreador_id");


--
-- Name: auth_group_permissions auth_group_permissio_permission_id_84c5c92e_fk_auth_perm; Type: FK CONSTRAINT; Schema: public; Owner: postgres
--

ALTER TABLE ONLY public.auth_group_permissions
    ADD CONSTRAINT auth_group_permissio_permission_id_84c5c92e_fk_auth_perm FOREIGN KEY (permission_id) REFERENCES public.auth_permission(id) DEFERRABLE INITIALLY DEFERRED;


--
-- Name: auth_group_permissions auth_group_permissions_group_id_b120cbf9_fk_auth_group_id; Type: FK CONSTRAINT; Schema: public; Owner: postgres
--

ALTER TABLE ONLY public.auth_group_permissions
    ADD CONSTRAINT auth_group_permissions_group_id_b120cbf9_fk_auth_group_id FOREIGN KEY (group_id) REFERENCES public.auth_group(id) DEFERRABLE INITIALLY DEFERRED;


--
-- Name: auth_permission auth_permission_content_type_id_2f476e4b_fk_django_co; Type: FK CONSTRAINT; Schema: public; Owner: postgres
--

ALTER TABLE ONLY public.auth_permission
    ADD CONSTRAINT auth_permission_content_type_id_2f476e4b_fk_django_co FOREIGN KEY (content_type_id) REFERENCES public.django_content_type(id) DEFERRABLE INITIALLY DEFERRED;


--
-- Name: cuenta_modulo cuenta_modulo_contentType_id_2a61d120_fk_django_content_type_id; Type: FK CONSTRAINT; Schema: public; Owner: postgres
--

ALTER TABLE ONLY public.cuenta_modulo
    ADD CONSTRAINT "cuenta_modulo_contentType_id_2a61d120_fk_django_content_type_id" FOREIGN KEY ("contentType_id") REFERENCES public.django_content_type(id) DEFERRABLE INITIALLY DEFERRED;


--
-- Name: cuenta_modulo cuenta_modulo_estado_id_5859d6c7_fk_cuenta_es; Type: FK CONSTRAINT; Schema: public; Owner: postgres
--

ALTER TABLE ONLY public.cuenta_modulo
    ADD CONSTRAINT cuenta_modulo_estado_id_5859d6c7_fk_cuenta_es FOREIGN KEY (estado_id) REFERENCES public.cuenta_estadoregistro(estado) DEFERRABLE INITIALLY DEFERRED;


--
-- Name: cuenta_user cuenta_user_estado_id_d5a492ba_fk_cuenta_estadoregistro_estado; Type: FK CONSTRAINT; Schema: public; Owner: postgres
--

ALTER TABLE ONLY public.cuenta_user
    ADD CONSTRAINT cuenta_user_estado_id_d5a492ba_fk_cuenta_estadoregistro_estado FOREIGN KEY (estado_id) REFERENCES public.cuenta_estadoregistro(estado) DEFERRABLE INITIALLY DEFERRED;


--
-- Name: cuenta_user_groups cuenta_user_groups_group_id_cf2ca9f2_fk_auth_group_id; Type: FK CONSTRAINT; Schema: public; Owner: postgres
--

ALTER TABLE ONLY public.cuenta_user_groups
    ADD CONSTRAINT cuenta_user_groups_group_id_cf2ca9f2_fk_auth_group_id FOREIGN KEY (group_id) REFERENCES public.auth_group(id) DEFERRABLE INITIALLY DEFERRED;


--
-- Name: cuenta_user_groups cuenta_user_groups_user_id_70f894f5_fk_cuenta_user_id; Type: FK CONSTRAINT; Schema: public; Owner: postgres
--

ALTER TABLE ONLY public.cuenta_user_groups
    ADD CONSTRAINT cuenta_user_groups_user_id_70f894f5_fk_cuenta_user_id FOREIGN KEY (user_id) REFERENCES public.cuenta_user(id) DEFERRABLE INITIALLY DEFERRED;


--
-- Name: cuenta_user_user_permissions cuenta_user_user_per_permission_id_401431f5_fk_auth_perm; Type: FK CONSTRAINT; Schema: public; Owner: postgres
--

ALTER TABLE ONLY public.cuenta_user_user_permissions
    ADD CONSTRAINT cuenta_user_user_per_permission_id_401431f5_fk_auth_perm FOREIGN KEY (permission_id) REFERENCES public.auth_permission(id) DEFERRABLE INITIALLY DEFERRED;


--
-- Name: cuenta_user_user_permissions cuenta_user_user_permissions_user_id_7b5627c2_fk_cuenta_user_id; Type: FK CONSTRAINT; Schema: public; Owner: postgres
--

ALTER TABLE ONLY public.cuenta_user_user_permissions
    ADD CONSTRAINT cuenta_user_user_permissions_user_id_7b5627c2_fk_cuenta_user_id FOREIGN KEY (user_id) REFERENCES public.cuenta_user(id) DEFERRABLE INITIALLY DEFERRED;


--
-- Name: django_admin_log django_admin_log_content_type_id_c4bce8eb_fk_django_co; Type: FK CONSTRAINT; Schema: public; Owner: postgres
--

ALTER TABLE ONLY public.django_admin_log
    ADD CONSTRAINT django_admin_log_content_type_id_c4bce8eb_fk_django_co FOREIGN KEY (content_type_id) REFERENCES public.django_content_type(id) DEFERRABLE INITIALLY DEFERRED;


--
-- Name: django_admin_log django_admin_log_user_id_c564eba6_fk_cuenta_user_id; Type: FK CONSTRAINT; Schema: public; Owner: postgres
--

ALTER TABLE ONLY public.django_admin_log
    ADD CONSTRAINT django_admin_log_user_id_c564eba6_fk_cuenta_user_id FOREIGN KEY (user_id) REFERENCES public.cuenta_user(id) DEFERRABLE INITIALLY DEFERRED;


--
-- Name: django_celery_beat_periodictask django_celery_beat_p_clocked_id_47a69f82_fk_django_ce; Type: FK CONSTRAINT; Schema: public; Owner: postgres
--

ALTER TABLE ONLY public.django_celery_beat_periodictask
    ADD CONSTRAINT django_celery_beat_p_clocked_id_47a69f82_fk_django_ce FOREIGN KEY (clocked_id) REFERENCES public.django_celery_beat_clockedschedule(id) DEFERRABLE INITIALLY DEFERRED;


--
-- Name: django_celery_beat_periodictask django_celery_beat_p_crontab_id_d3cba168_fk_django_ce; Type: FK CONSTRAINT; Schema: public; Owner: postgres
--

ALTER TABLE ONLY public.django_celery_beat_periodictask
    ADD CONSTRAINT django_celery_beat_p_crontab_id_d3cba168_fk_django_ce FOREIGN KEY (crontab_id) REFERENCES public.django_celery_beat_crontabschedule(id) DEFERRABLE INITIALLY DEFERRED;


--
-- Name: django_celery_beat_periodictask django_celery_beat_p_interval_id_a8ca27da_fk_django_ce; Type: FK CONSTRAINT; Schema: public; Owner: postgres
--

ALTER TABLE ONLY public.django_celery_beat_periodictask
    ADD CONSTRAINT django_celery_beat_p_interval_id_a8ca27da_fk_django_ce FOREIGN KEY (interval_id) REFERENCES public.django_celery_beat_intervalschedule(id) DEFERRABLE INITIALLY DEFERRED;


--
-- Name: django_celery_beat_periodictask django_celery_beat_p_solar_id_a87ce72c_fk_django_ce; Type: FK CONSTRAINT; Schema: public; Owner: postgres
--

ALTER TABLE ONLY public.django_celery_beat_periodictask
    ADD CONSTRAINT django_celery_beat_p_solar_id_a87ce72c_fk_django_ce FOREIGN KEY (solar_id) REFERENCES public.django_celery_beat_solarschedule(id) DEFERRABLE INITIALLY DEFERRED;


--
-- Name: marketing_campania marketing_campania_categoria_id_947d87f4_fk_marketing; Type: FK CONSTRAINT; Schema: public; Owner: postgres
--

ALTER TABLE ONLY public.marketing_campania
    ADD CONSTRAINT marketing_campania_categoria_id_947d87f4_fk_marketing FOREIGN KEY (categoria_id) REFERENCES public.marketing_categoria(id) DEFERRABLE INITIALLY DEFERRED;


--
-- Name: marketing_campania marketing_campania_estado_id_8af5896d_fk_cuenta_es; Type: FK CONSTRAINT; Schema: public; Owner: postgres
--

ALTER TABLE ONLY public.marketing_campania
    ADD CONSTRAINT marketing_campania_estado_id_8af5896d_fk_cuenta_es FOREIGN KEY (estado_id) REFERENCES public.cuenta_estadoregistro(estado) DEFERRABLE INITIALLY DEFERRED;


--
-- Name: marketing_campania marketing_campania_proyecto_id_c61271da_fk_marketing; Type: FK CONSTRAINT; Schema: public; Owner: postgres
--

ALTER TABLE ONLY public.marketing_campania
    ADD CONSTRAINT marketing_campania_proyecto_id_c61271da_fk_marketing FOREIGN KEY (proyecto_id) REFERENCES public.marketing_proyecto(id) DEFERRABLE INITIALLY DEFERRED;


--
-- Name: marketing_campania marketing_campania_usuarioActualizador__26cc158f_fk_cuenta_us; Type: FK CONSTRAINT; Schema: public; Owner: postgres
--

ALTER TABLE ONLY public.marketing_campania
    ADD CONSTRAINT "marketing_campania_usuarioActualizador__26cc158f_fk_cuenta_us" FOREIGN KEY ("usuarioActualizador_id") REFERENCES public.cuenta_user(id) DEFERRABLE INITIALLY DEFERRED;


--
-- Name: marketing_campania marketing_campania_usuarioCreador_id_cc3ec0ac_fk_cuenta_user_id; Type: FK CONSTRAINT; Schema: public; Owner: postgres
--

ALTER TABLE ONLY public.marketing_campania
    ADD CONSTRAINT "marketing_campania_usuarioCreador_id_cc3ec0ac_fk_cuenta_user_id" FOREIGN KEY ("usuarioCreador_id") REFERENCES public.cuenta_user(id) DEFERRABLE INITIALLY DEFERRED;


--
-- Name: marketing_categoria marketing_categoria_estado_id_0601d1ae_fk_cuenta_es; Type: FK CONSTRAINT; Schema: public; Owner: postgres
--

ALTER TABLE ONLY public.marketing_categoria
    ADD CONSTRAINT marketing_categoria_estado_id_0601d1ae_fk_cuenta_es FOREIGN KEY (estado_id) REFERENCES public.cuenta_estadoregistro(estado) DEFERRABLE INITIALLY DEFERRED;


--
-- Name: marketing_gastocampania marketing_gastocampa_campania_id_6fb3fd34_fk_marketing; Type: FK CONSTRAINT; Schema: public; Owner: postgres
--

ALTER TABLE ONLY public.marketing_gastocampania
    ADD CONSTRAINT marketing_gastocampa_campania_id_6fb3fd34_fk_marketing FOREIGN KEY (campania_id) REFERENCES public.marketing_campania(id) DEFERRABLE INITIALLY DEFERRED;


--
-- Name: marketing_gastocampania marketing_gastocampa_estado_id_fe5439ef_fk_cuenta_es; Type: FK CONSTRAINT; Schema: public; Owner: postgres
--

ALTER TABLE ONLY public.marketing_gastocampania
    ADD CONSTRAINT marketing_gastocampa_estado_id_fe5439ef_fk_cuenta_es FOREIGN KEY (estado_id) REFERENCES public.cuenta_estadoregistro(estado) DEFERRABLE INITIALLY DEFERRED;


--
-- Name: marketing_gastocampania marketing_gastocampa_presupuestoProyecto__df552315_fk_marketing; Type: FK CONSTRAINT; Schema: public; Owner: postgres
--

ALTER TABLE ONLY public.marketing_gastocampania
    ADD CONSTRAINT "marketing_gastocampa_presupuestoProyecto__df552315_fk_marketing" FOREIGN KEY ("presupuestoProyecto_id") REFERENCES public.marketing_presupuestoproyecto(id) DEFERRABLE INITIALLY DEFERRED;


--
-- Name: marketing_gastocampania marketing_gastocampa_usuarioActualizador__baaf3e31_fk_cuenta_us; Type: FK CONSTRAINT; Schema: public; Owner: postgres
--

ALTER TABLE ONLY public.marketing_gastocampania
    ADD CONSTRAINT "marketing_gastocampa_usuarioActualizador__baaf3e31_fk_cuenta_us" FOREIGN KEY ("usuarioActualizador_id") REFERENCES public.cuenta_user(id) DEFERRABLE INITIALLY DEFERRED;


--
-- Name: marketing_gastocampania marketing_gastocampa_usuarioCreador_id_56a44e00_fk_cuenta_us; Type: FK CONSTRAINT; Schema: public; Owner: postgres
--

ALTER TABLE ONLY public.marketing_gastocampania
    ADD CONSTRAINT "marketing_gastocampa_usuarioCreador_id_56a44e00_fk_cuenta_us" FOREIGN KEY ("usuarioCreador_id") REFERENCES public.cuenta_user(id) DEFERRABLE INITIALLY DEFERRED;


--
-- Name: marketing_presupuestoproyecto marketing_presupuest_estado_id_bc699b14_fk_cuenta_es; Type: FK CONSTRAINT; Schema: public; Owner: postgres
--

ALTER TABLE ONLY public.marketing_presupuestoproyecto
    ADD CONSTRAINT marketing_presupuest_estado_id_bc699b14_fk_cuenta_es FOREIGN KEY (estado_id) REFERENCES public.cuenta_estadoregistro(estado) DEFERRABLE INITIALLY DEFERRED;


--
-- Name: marketing_presupuestoproyecto marketing_presupuest_proyecto_id_83365fcd_fk_marketing; Type: FK CONSTRAINT; Schema: public; Owner: postgres
--

ALTER TABLE ONLY public.marketing_presupuestoproyecto
    ADD CONSTRAINT marketing_presupuest_proyecto_id_83365fcd_fk_marketing FOREIGN KEY (proyecto_id) REFERENCES public.marketing_proyecto(id) DEFERRABLE INITIALLY DEFERRED;


--
-- Name: marketing_presupuestoproyecto marketing_presupuest_usuarioActualizador__d32e45e3_fk_cuenta_us; Type: FK CONSTRAINT; Schema: public; Owner: postgres
--

ALTER TABLE ONLY public.marketing_presupuestoproyecto
    ADD CONSTRAINT "marketing_presupuest_usuarioActualizador__d32e45e3_fk_cuenta_us" FOREIGN KEY ("usuarioActualizador_id") REFERENCES public.cuenta_user(id) DEFERRABLE INITIALLY DEFERRED;


--
-- Name: marketing_presupuestoproyecto marketing_presupuest_usuarioCreador_id_a8538403_fk_cuenta_us; Type: FK CONSTRAINT; Schema: public; Owner: postgres
--

ALTER TABLE ONLY public.marketing_presupuestoproyecto
    ADD CONSTRAINT "marketing_presupuest_usuarioCreador_id_a8538403_fk_cuenta_us" FOREIGN KEY ("usuarioCreador_id") REFERENCES public.cuenta_user(id) DEFERRABLE INITIALLY DEFERRED;


--
-- Name: marketing_proyecto marketing_proyecto_estado_id_a4076a2a_fk_cuenta_es; Type: FK CONSTRAINT; Schema: public; Owner: postgres
--

ALTER TABLE ONLY public.marketing_proyecto
    ADD CONSTRAINT marketing_proyecto_estado_id_a4076a2a_fk_cuenta_es FOREIGN KEY (estado_id) REFERENCES public.cuenta_estadoregistro(estado) DEFERRABLE INITIALLY DEFERRED;


--
-- Name: marketing_proyecto marketing_proyecto_usuarioActualizador__798e545a_fk_cuenta_us; Type: FK CONSTRAINT; Schema: public; Owner: postgres
--

ALTER TABLE ONLY public.marketing_proyecto
    ADD CONSTRAINT "marketing_proyecto_usuarioActualizador__798e545a_fk_cuenta_us" FOREIGN KEY ("usuarioActualizador_id") REFERENCES public.cuenta_user(id) DEFERRABLE INITIALLY DEFERRED;


--
-- Name: marketing_proyecto marketing_proyecto_usuarioCreador_id_c864e0fc_fk_cuenta_user_id; Type: FK CONSTRAINT; Schema: public; Owner: postgres
--

ALTER TABLE ONLY public.marketing_proyecto
    ADD CONSTRAINT "marketing_proyecto_usuarioCreador_id_c864e0fc_fk_cuenta_user_id" FOREIGN KEY ("usuarioCreador_id") REFERENCES public.cuenta_user(id) DEFERRABLE INITIALLY DEFERRED;


--
-- Name: multimedia_imagenproducto multimedia_imagenpro_producto_id_13dd33a4_fk_ventas_pr; Type: FK CONSTRAINT; Schema: public; Owner: postgres
--

ALTER TABLE ONLY public.multimedia_imagenproducto
    ADD CONSTRAINT multimedia_imagenpro_producto_id_13dd33a4_fk_ventas_pr FOREIGN KEY (producto_id) REFERENCES public.ventas_producto(id) DEFERRABLE INITIALLY DEFERRED;


--
-- Name: multimedia_imagenproyecto multimedia_imagenpro_proyecto_id_c3dc9bd9_fk_marketing; Type: FK CONSTRAINT; Schema: public; Owner: postgres
--

ALTER TABLE ONLY public.multimedia_imagenproyecto
    ADD CONSTRAINT multimedia_imagenpro_proyecto_id_c3dc9bd9_fk_marketing FOREIGN KEY (proyecto_id) REFERENCES public.marketing_proyecto(id) DEFERRABLE INITIALLY DEFERRED;


--
-- Name: multimedia_videoproducto multimedia_videoprod_producto_id_5fc246d7_fk_ventas_pr; Type: FK CONSTRAINT; Schema: public; Owner: postgres
--

ALTER TABLE ONLY public.multimedia_videoproducto
    ADD CONSTRAINT multimedia_videoprod_producto_id_5fc246d7_fk_ventas_pr FOREIGN KEY (producto_id) REFERENCES public.ventas_producto(id) DEFERRABLE INITIALLY DEFERRED;


--
-- Name: multimedia_videoproyecto multimedia_videoproy_proyecto_id_2602a1bb_fk_marketing; Type: FK CONSTRAINT; Schema: public; Owner: postgres
--

ALTER TABLE ONLY public.multimedia_videoproyecto
    ADD CONSTRAINT multimedia_videoproy_proyecto_id_2602a1bb_fk_marketing FOREIGN KEY (proyecto_id) REFERENCES public.marketing_proyecto(id) DEFERRABLE INITIALLY DEFERRED;


--
-- Name: token_blacklist_blacklistedtoken token_blacklist_blacklistedtoken_token_id_3cc7fe56_fk; Type: FK CONSTRAINT; Schema: public; Owner: postgres
--

ALTER TABLE ONLY public.token_blacklist_blacklistedtoken
    ADD CONSTRAINT token_blacklist_blacklistedtoken_token_id_3cc7fe56_fk FOREIGN KEY (token_id) REFERENCES public.token_blacklist_outstandingtoken(id) DEFERRABLE INITIALLY DEFERRED;


--
-- Name: token_blacklist_outstandingtoken token_blacklist_outs_user_id_83bc629a_fk_cuenta_us; Type: FK CONSTRAINT; Schema: public; Owner: postgres
--

ALTER TABLE ONLY public.token_blacklist_outstandingtoken
    ADD CONSTRAINT token_blacklist_outs_user_id_83bc629a_fk_cuenta_us FOREIGN KEY (user_id) REFERENCES public.cuenta_user(id) DEFERRABLE INITIALLY DEFERRED;


--
-- Name: ventas_cotizacion ventas_cotizacion_estado_id_4c03ed64_fk_cuenta_es; Type: FK CONSTRAINT; Schema: public; Owner: postgres
--

ALTER TABLE ONLY public.ventas_cotizacion
    ADD CONSTRAINT ventas_cotizacion_estado_id_4c03ed64_fk_cuenta_es FOREIGN KEY (estado_id) REFERENCES public.cuenta_estadoregistro(estado) DEFERRABLE INITIALLY DEFERRED;


--
-- Name: ventas_cotizacion ventas_cotizacion_proyecto_id_5133ce3a_fk_marketing_proyecto_id; Type: FK CONSTRAINT; Schema: public; Owner: postgres
--

ALTER TABLE ONLY public.ventas_cotizacion
    ADD CONSTRAINT ventas_cotizacion_proyecto_id_5133ce3a_fk_marketing_proyecto_id FOREIGN KEY (proyecto_id) REFERENCES public.marketing_proyecto(id) DEFERRABLE INITIALLY DEFERRED;


--
-- Name: ventas_cotizacion ventas_cotizacion_tipo_id_76158ba5_fk_ventas_tipocotizacion_id; Type: FK CONSTRAINT; Schema: public; Owner: postgres
--

ALTER TABLE ONLY public.ventas_cotizacion
    ADD CONSTRAINT ventas_cotizacion_tipo_id_76158ba5_fk_ventas_tipocotizacion_id FOREIGN KEY (tipo_id) REFERENCES public.ventas_tipocotizacion(id) DEFERRABLE INITIALLY DEFERRED;


--
-- Name: ventas_cuota ventas_cuota_cotizacion_id_03c69e16_fk_ventas_cotizacion_id; Type: FK CONSTRAINT; Schema: public; Owner: postgres
--

ALTER TABLE ONLY public.ventas_cuota
    ADD CONSTRAINT ventas_cuota_cotizacion_id_03c69e16_fk_ventas_cotizacion_id FOREIGN KEY (cotizacion_id) REFERENCES public.ventas_cotizacion(id) DEFERRABLE INITIALLY DEFERRED;


--
-- Name: ventas_cuota ventas_cuota_estado_id_7e2e6470_fk_cuenta_estadoregistro_estado; Type: FK CONSTRAINT; Schema: public; Owner: postgres
--

ALTER TABLE ONLY public.ventas_cuota
    ADD CONSTRAINT ventas_cuota_estado_id_7e2e6470_fk_cuenta_estadoregistro_estado FOREIGN KEY (estado_id) REFERENCES public.cuenta_estadoregistro(estado) DEFERRABLE INITIALLY DEFERRED;


--
-- Name: ventas_cuota ventas_cuota_tipo_id_7ef78424_fk_ventas_tipocuota_id; Type: FK CONSTRAINT; Schema: public; Owner: postgres
--

ALTER TABLE ONLY public.ventas_cuota
    ADD CONSTRAINT ventas_cuota_tipo_id_7ef78424_fk_ventas_tipocuota_id FOREIGN KEY (tipo_id) REFERENCES public.ventas_tipocuota(id) DEFERRABLE INITIALLY DEFERRED;


--
-- Name: ventas_desasignacionleadasesor ventas_desasignacion_lead_id_9c79fb06_fk_ventas_le; Type: FK CONSTRAINT; Schema: public; Owner: postgres
--

ALTER TABLE ONLY public.ventas_desasignacionleadasesor
    ADD CONSTRAINT ventas_desasignacion_lead_id_9c79fb06_fk_ventas_le FOREIGN KEY (lead_id) REFERENCES public.ventas_lead(id) DEFERRABLE INITIALLY DEFERRED;


--
-- Name: ventas_desasignacionleadasesor ventas_desasignacion_usuario_id_2767a2a3_fk_cuenta_us; Type: FK CONSTRAINT; Schema: public; Owner: postgres
--

ALTER TABLE ONLY public.ventas_desasignacionleadasesor
    ADD CONSTRAINT ventas_desasignacion_usuario_id_2767a2a3_fk_cuenta_us FOREIGN KEY (usuario_id) REFERENCES public.cuenta_user(id) DEFERRABLE INITIALLY DEFERRED;


--
-- Name: ventas_estadoevento ventas_estadoevento_estado_id_c129a6f0_fk_cuenta_es; Type: FK CONSTRAINT; Schema: public; Owner: postgres
--

ALTER TABLE ONLY public.ventas_estadoevento
    ADD CONSTRAINT ventas_estadoevento_estado_id_c129a6f0_fk_cuenta_es FOREIGN KEY (estado_id) REFERENCES public.cuenta_estadoregistro(estado) DEFERRABLE INITIALLY DEFERRED;


--
-- Name: ventas_estadolead ventas_estadolead_estado_id_bb594f1b_fk_cuenta_es; Type: FK CONSTRAINT; Schema: public; Owner: postgres
--

ALTER TABLE ONLY public.ventas_estadolead
    ADD CONSTRAINT ventas_estadolead_estado_id_bb594f1b_fk_cuenta_es FOREIGN KEY (estado_id) REFERENCES public.cuenta_estadoregistro(estado) DEFERRABLE INITIALLY DEFERRED;


--
-- Name: ventas_estadoseparacionlead ventas_estadoseparac_estado_id_5a88d3d7_fk_cuenta_es; Type: FK CONSTRAINT; Schema: public; Owner: postgres
--

ALTER TABLE ONLY public.ventas_estadoseparacionlead
    ADD CONSTRAINT ventas_estadoseparac_estado_id_5a88d3d7_fk_cuenta_es FOREIGN KEY (estado_id) REFERENCES public.cuenta_estadoregistro(estado) DEFERRABLE INITIALLY DEFERRED;


--
-- Name: ventas_evento ventas_evento_asesor_id_ea375381_fk_cuenta_user_id; Type: FK CONSTRAINT; Schema: public; Owner: postgres
--

ALTER TABLE ONLY public.ventas_evento
    ADD CONSTRAINT ventas_evento_asesor_id_ea375381_fk_cuenta_user_id FOREIGN KEY (asesor_id) REFERENCES public.cuenta_user(id) DEFERRABLE INITIALLY DEFERRED;


--
-- Name: ventas_evento ventas_evento_estadoEvento_id_fd2e2eb2_fk_ventas_es; Type: FK CONSTRAINT; Schema: public; Owner: postgres
--

ALTER TABLE ONLY public.ventas_evento
    ADD CONSTRAINT "ventas_evento_estadoEvento_id_fd2e2eb2_fk_ventas_es" FOREIGN KEY ("estadoEvento_id") REFERENCES public.ventas_estadoevento(id) DEFERRABLE INITIALLY DEFERRED;


--
-- Name: ventas_evento ventas_evento_estado_id_e829db5d_fk_cuenta_es; Type: FK CONSTRAINT; Schema: public; Owner: postgres
--

ALTER TABLE ONLY public.ventas_evento
    ADD CONSTRAINT ventas_evento_estado_id_e829db5d_fk_cuenta_es FOREIGN KEY (estado_id) REFERENCES public.cuenta_estadoregistro(estado) DEFERRABLE INITIALLY DEFERRED;


--
-- Name: ventas_evento ventas_evento_lead_id_08e70c93_fk_ventas_lead_id; Type: FK CONSTRAINT; Schema: public; Owner: postgres
--

ALTER TABLE ONLY public.ventas_evento
    ADD CONSTRAINT ventas_evento_lead_id_08e70c93_fk_ventas_lead_id FOREIGN KEY (lead_id) REFERENCES public.ventas_lead(id) DEFERRABLE INITIALLY DEFERRED;


--
-- Name: ventas_evento ventas_evento_objecion_id_469e0133_fk_ventas_objecion_id; Type: FK CONSTRAINT; Schema: public; Owner: postgres
--

ALTER TABLE ONLY public.ventas_evento
    ADD CONSTRAINT ventas_evento_objecion_id_469e0133_fk_ventas_objecion_id FOREIGN KEY (objecion_id) REFERENCES public.ventas_objecion(id) DEFERRABLE INITIALLY DEFERRED;


--
-- Name: ventas_evento ventas_evento_tipo_id_78657756_fk_ventas_tipoevento_id; Type: FK CONSTRAINT; Schema: public; Owner: postgres
--

ALTER TABLE ONLY public.ventas_evento
    ADD CONSTRAINT ventas_evento_tipo_id_78657756_fk_ventas_tipoevento_id FOREIGN KEY (tipo_id) REFERENCES public.ventas_tipoevento(id) DEFERRABLE INITIALLY DEFERRED;


--
-- Name: ventas_evento ventas_evento_usuarioActualizador_id_88d7c969_fk_cuenta_user_id; Type: FK CONSTRAINT; Schema: public; Owner: postgres
--

ALTER TABLE ONLY public.ventas_evento
    ADD CONSTRAINT "ventas_evento_usuarioActualizador_id_88d7c969_fk_cuenta_user_id" FOREIGN KEY ("usuarioActualizador_id") REFERENCES public.cuenta_user(id) DEFERRABLE INITIALLY DEFERRED;


--
-- Name: ventas_evento ventas_evento_usuarioCreador_id_67d617c4_fk_cuenta_user_id; Type: FK CONSTRAINT; Schema: public; Owner: postgres
--

ALTER TABLE ONLY public.ventas_evento
    ADD CONSTRAINT "ventas_evento_usuarioCreador_id_67d617c4_fk_cuenta_user_id" FOREIGN KEY ("usuarioCreador_id") REFERENCES public.cuenta_user(id) DEFERRABLE INITIALLY DEFERRED;


--
-- Name: ventas_historicoleadasesor ventas_historicolead_usuario_id_88ac90e1_fk_cuenta_us; Type: FK CONSTRAINT; Schema: public; Owner: postgres
--

ALTER TABLE ONLY public.ventas_historicoleadasesor
    ADD CONSTRAINT ventas_historicolead_usuario_id_88ac90e1_fk_cuenta_us FOREIGN KEY (usuario_id) REFERENCES public.cuenta_user(id) DEFERRABLE INITIALLY DEFERRED;


--
-- Name: ventas_historicoleadasesor ventas_historicoleadasesor_lead_id_19bc7b14_fk_ventas_lead_id; Type: FK CONSTRAINT; Schema: public; Owner: postgres
--

ALTER TABLE ONLY public.ventas_historicoleadasesor
    ADD CONSTRAINT ventas_historicoleadasesor_lead_id_19bc7b14_fk_ventas_lead_id FOREIGN KEY (lead_id) REFERENCES public.ventas_lead(id) DEFERRABLE INITIALLY DEFERRED;


--
-- Name: ventas_lead ventas_lead_asesor_id_dd870e0e_fk_cuenta_user_id; Type: FK CONSTRAINT; Schema: public; Owner: postgres
--

ALTER TABLE ONLY public.ventas_lead
    ADD CONSTRAINT ventas_lead_asesor_id_dd870e0e_fk_cuenta_user_id FOREIGN KEY (asesor_id) REFERENCES public.cuenta_user(id) DEFERRABLE INITIALLY DEFERRED;


--
-- Name: ventas_lead ventas_lead_campania_id_f4e01b2b_fk_marketing_campania_id; Type: FK CONSTRAINT; Schema: public; Owner: postgres
--

ALTER TABLE ONLY public.ventas_lead
    ADD CONSTRAINT ventas_lead_campania_id_f4e01b2b_fk_marketing_campania_id FOREIGN KEY (campania_id) REFERENCES public.marketing_campania(id) DEFERRABLE INITIALLY DEFERRED;


--
-- Name: ventas_lead ventas_lead_estadoLead_id_d1be3161_fk_ventas_estadolead_nombre; Type: FK CONSTRAINT; Schema: public; Owner: postgres
--

ALTER TABLE ONLY public.ventas_lead
    ADD CONSTRAINT "ventas_lead_estadoLead_id_d1be3161_fk_ventas_estadolead_nombre" FOREIGN KEY ("estadoLead_id") REFERENCES public.ventas_estadolead(nombre) DEFERRABLE INITIALLY DEFERRED;


--
-- Name: ventas_lead ventas_lead_estadoSeparacionLead_8a386dde_fk_ventas_es; Type: FK CONSTRAINT; Schema: public; Owner: postgres
--

ALTER TABLE ONLY public.ventas_lead
    ADD CONSTRAINT "ventas_lead_estadoSeparacionLead_8a386dde_fk_ventas_es" FOREIGN KEY ("estadoSeparacionLead_id") REFERENCES public.ventas_estadoseparacionlead(id) DEFERRABLE INITIALLY DEFERRED;


--
-- Name: ventas_lead ventas_lead_estado_id_54a193d0_fk_cuenta_estadoregistro_estado; Type: FK CONSTRAINT; Schema: public; Owner: postgres
--

ALTER TABLE ONLY public.ventas_lead
    ADD CONSTRAINT ventas_lead_estado_id_54a193d0_fk_cuenta_estadoregistro_estado FOREIGN KEY (estado_id) REFERENCES public.cuenta_estadoregistro(estado) DEFERRABLE INITIALLY DEFERRED;


--
-- Name: ventas_lead ventas_lead_objecion_id_0176a2b4_fk_ventas_objecion_id; Type: FK CONSTRAINT; Schema: public; Owner: postgres
--

ALTER TABLE ONLY public.ventas_lead
    ADD CONSTRAINT ventas_lead_objecion_id_0176a2b4_fk_ventas_objecion_id FOREIGN KEY (objecion_id) REFERENCES public.ventas_objecion(id) DEFERRABLE INITIALLY DEFERRED;


--
-- Name: ventas_lead ventas_lead_usuarioActualizador_id_a33040e6_fk_cuenta_user_id; Type: FK CONSTRAINT; Schema: public; Owner: postgres
--

ALTER TABLE ONLY public.ventas_lead
    ADD CONSTRAINT "ventas_lead_usuarioActualizador_id_a33040e6_fk_cuenta_user_id" FOREIGN KEY ("usuarioActualizador_id") REFERENCES public.cuenta_user(id) DEFERRABLE INITIALLY DEFERRED;


--
-- Name: ventas_lead ventas_lead_usuarioCreador_id_a34d2acb_fk_cuenta_user_id; Type: FK CONSTRAINT; Schema: public; Owner: postgres
--

ALTER TABLE ONLY public.ventas_lead
    ADD CONSTRAINT "ventas_lead_usuarioCreador_id_a34d2acb_fk_cuenta_user_id" FOREIGN KEY ("usuarioCreador_id") REFERENCES public.cuenta_user(id) DEFERRABLE INITIALLY DEFERRED;


--
-- Name: ventas_llamada ventas_llamada_asesor_id_8151be6e_fk_cuenta_user_id; Type: FK CONSTRAINT; Schema: public; Owner: postgres
--

ALTER TABLE ONLY public.ventas_llamada
    ADD CONSTRAINT ventas_llamada_asesor_id_8151be6e_fk_cuenta_user_id FOREIGN KEY (asesor_id) REFERENCES public.cuenta_user(id) DEFERRABLE INITIALLY DEFERRED;


--
-- Name: ventas_llamada ventas_llamada_estado_id_0cfebce4_fk_cuenta_es; Type: FK CONSTRAINT; Schema: public; Owner: postgres
--

ALTER TABLE ONLY public.ventas_llamada
    ADD CONSTRAINT ventas_llamada_estado_id_0cfebce4_fk_cuenta_es FOREIGN KEY (estado_id) REFERENCES public.cuenta_estadoregistro(estado) DEFERRABLE INITIALLY DEFERRED;


--
-- Name: ventas_llamada ventas_llamada_lead_id_78d422d7_fk_ventas_lead_id; Type: FK CONSTRAINT; Schema: public; Owner: postgres
--

ALTER TABLE ONLY public.ventas_llamada
    ADD CONSTRAINT ventas_llamada_lead_id_78d422d7_fk_ventas_lead_id FOREIGN KEY (lead_id) REFERENCES public.ventas_lead(id) DEFERRABLE INITIALLY DEFERRED;


--
-- Name: ventas_llamada ventas_llamada_objecion_id_132f66c4_fk_ventas_objecion_id; Type: FK CONSTRAINT; Schema: public; Owner: postgres
--

ALTER TABLE ONLY public.ventas_llamada
    ADD CONSTRAINT ventas_llamada_objecion_id_132f66c4_fk_ventas_objecion_id FOREIGN KEY (objecion_id) REFERENCES public.ventas_objecion(id) DEFERRABLE INITIALLY DEFERRED;


--
-- Name: ventas_llamada ventas_llamada_usuarioActualizador__53da2ff0_fk_cuenta_us; Type: FK CONSTRAINT; Schema: public; Owner: postgres
--

ALTER TABLE ONLY public.ventas_llamada
    ADD CONSTRAINT "ventas_llamada_usuarioActualizador__53da2ff0_fk_cuenta_us" FOREIGN KEY ("usuarioActualizador_id") REFERENCES public.cuenta_user(id) DEFERRABLE INITIALLY DEFERRED;


--
-- Name: ventas_llamada ventas_llamada_usuarioCreador_id_c5f588ab_fk_cuenta_user_id; Type: FK CONSTRAINT; Schema: public; Owner: postgres
--

ALTER TABLE ONLY public.ventas_llamada
    ADD CONSTRAINT "ventas_llamada_usuarioCreador_id_c5f588ab_fk_cuenta_user_id" FOREIGN KEY ("usuarioCreador_id") REFERENCES public.cuenta_user(id) DEFERRABLE INITIALLY DEFERRED;


--
-- Name: ventas_objecion ventas_objecion_estado_id_e3665317_fk_cuenta_es; Type: FK CONSTRAINT; Schema: public; Owner: postgres
--

ALTER TABLE ONLY public.ventas_objecion
    ADD CONSTRAINT ventas_objecion_estado_id_e3665317_fk_cuenta_es FOREIGN KEY (estado_id) REFERENCES public.cuenta_estadoregistro(estado) DEFERRABLE INITIALLY DEFERRED;


--
-- Name: ventas_precio ventas_precio_cotizacion_id_723444f0_fk_ventas_cotizacion_id; Type: FK CONSTRAINT; Schema: public; Owner: postgres
--

ALTER TABLE ONLY public.ventas_precio
    ADD CONSTRAINT ventas_precio_cotizacion_id_723444f0_fk_ventas_cotizacion_id FOREIGN KEY (cotizacion_id) REFERENCES public.ventas_cotizacion(id) DEFERRABLE INITIALLY DEFERRED;


--
-- Name: ventas_precio ventas_precio_estado_id_0c23bcdc_fk_cuenta_es; Type: FK CONSTRAINT; Schema: public; Owner: postgres
--

ALTER TABLE ONLY public.ventas_precio
    ADD CONSTRAINT ventas_precio_estado_id_0c23bcdc_fk_cuenta_es FOREIGN KEY (estado_id) REFERENCES public.cuenta_estadoregistro(estado) DEFERRABLE INITIALLY DEFERRED;


--
-- Name: ventas_precio ventas_precio_tipoProducto_id_db5855af_fk_ventas_ti; Type: FK CONSTRAINT; Schema: public; Owner: postgres
--

ALTER TABLE ONLY public.ventas_precio
    ADD CONSTRAINT "ventas_precio_tipoProducto_id_db5855af_fk_ventas_ti" FOREIGN KEY ("tipoProducto_id") REFERENCES public.ventas_tipoproducto(id) DEFERRABLE INITIALLY DEFERRED;


--
-- Name: ventas_producto ventas_producto_estado_id_24db19a3_fk_cuenta_es; Type: FK CONSTRAINT; Schema: public; Owner: postgres
--

ALTER TABLE ONLY public.ventas_producto
    ADD CONSTRAINT ventas_producto_estado_id_24db19a3_fk_cuenta_es FOREIGN KEY (estado_id) REFERENCES public.cuenta_estadoregistro(estado) DEFERRABLE INITIALLY DEFERRED;


--
-- Name: ventas_producto ventas_producto_proyecto_id_50e7196a_fk_marketing_proyecto_id; Type: FK CONSTRAINT; Schema: public; Owner: postgres
--

ALTER TABLE ONLY public.ventas_producto
    ADD CONSTRAINT ventas_producto_proyecto_id_50e7196a_fk_marketing_proyecto_id FOREIGN KEY (proyecto_id) REFERENCES public.marketing_proyecto(id) DEFERRABLE INITIALLY DEFERRED;


--
-- Name: ventas_producto ventas_producto_tipo_id_12a8cb82_fk_ventas_tipoproducto_id; Type: FK CONSTRAINT; Schema: public; Owner: postgres
--

ALTER TABLE ONLY public.ventas_producto
    ADD CONSTRAINT ventas_producto_tipo_id_12a8cb82_fk_ventas_tipoproducto_id FOREIGN KEY (tipo_id) REFERENCES public.ventas_tipoproducto(id) DEFERRABLE INITIALLY DEFERRED;


--
-- Name: ventas_producto ventas_producto_usuarioActualizador__71ae7343_fk_cuenta_us; Type: FK CONSTRAINT; Schema: public; Owner: postgres
--

ALTER TABLE ONLY public.ventas_producto
    ADD CONSTRAINT "ventas_producto_usuarioActualizador__71ae7343_fk_cuenta_us" FOREIGN KEY ("usuarioActualizador_id") REFERENCES public.cuenta_user(id) DEFERRABLE INITIALLY DEFERRED;


--
-- Name: ventas_producto ventas_producto_usuarioCreador_id_69bcb9f9_fk_cuenta_user_id; Type: FK CONSTRAINT; Schema: public; Owner: postgres
--

ALTER TABLE ONLY public.ventas_producto
    ADD CONSTRAINT "ventas_producto_usuarioCreador_id_69bcb9f9_fk_cuenta_user_id" FOREIGN KEY ("usuarioCreador_id") REFERENCES public.cuenta_user(id) DEFERRABLE INITIALLY DEFERRED;


--
-- Name: ventas_proyectotipoproducto ventas_proyectotipop_proyecto_id_49eff36f_fk_marketing; Type: FK CONSTRAINT; Schema: public; Owner: postgres
--

ALTER TABLE ONLY public.ventas_proyectotipoproducto
    ADD CONSTRAINT ventas_proyectotipop_proyecto_id_49eff36f_fk_marketing FOREIGN KEY (proyecto_id) REFERENCES public.marketing_proyecto(id) DEFERRABLE INITIALLY DEFERRED;


--
-- Name: ventas_proyectotipoproducto ventas_proyectotipop_tipo_producto_id_8af26c72_fk_ventas_ti; Type: FK CONSTRAINT; Schema: public; Owner: postgres
--

ALTER TABLE ONLY public.ventas_proyectotipoproducto
    ADD CONSTRAINT ventas_proyectotipop_tipo_producto_id_8af26c72_fk_ventas_ti FOREIGN KEY (tipo_producto_id) REFERENCES public.ventas_tipoproducto(id) DEFERRABLE INITIALLY DEFERRED;


--
-- Name: ventas_tipocotizacion ventas_tipocotizacio_estado_id_65417f55_fk_cuenta_es; Type: FK CONSTRAINT; Schema: public; Owner: postgres
--

ALTER TABLE ONLY public.ventas_tipocotizacion
    ADD CONSTRAINT ventas_tipocotizacio_estado_id_65417f55_fk_cuenta_es FOREIGN KEY (estado_id) REFERENCES public.cuenta_estadoregistro(estado) DEFERRABLE INITIALLY DEFERRED;


--
-- Name: ventas_tipocuota ventas_tipocuota_estado_id_9266ec5f_fk_cuenta_es; Type: FK CONSTRAINT; Schema: public; Owner: postgres
--

ALTER TABLE ONLY public.ventas_tipocuota
    ADD CONSTRAINT ventas_tipocuota_estado_id_9266ec5f_fk_cuenta_es FOREIGN KEY (estado_id) REFERENCES public.cuenta_estadoregistro(estado) DEFERRABLE INITIALLY DEFERRED;


--
-- Name: ventas_tipoevento ventas_tipoevento_estado_id_9c7fb81b_fk_cuenta_es; Type: FK CONSTRAINT; Schema: public; Owner: postgres
--

ALTER TABLE ONLY public.ventas_tipoevento
    ADD CONSTRAINT ventas_tipoevento_estado_id_9c7fb81b_fk_cuenta_es FOREIGN KEY (estado_id) REFERENCES public.cuenta_estadoregistro(estado) DEFERRABLE INITIALLY DEFERRED;


--
-- Name: ventas_tipoproducto ventas_tipoproducto_estado_id_34c73ef0_fk_cuenta_es; Type: FK CONSTRAINT; Schema: public; Owner: postgres
--

ALTER TABLE ONLY public.ventas_tipoproducto
    ADD CONSTRAINT ventas_tipoproducto_estado_id_34c73ef0_fk_cuenta_es FOREIGN KEY (estado_id) REFERENCES public.cuenta_estadoregistro(estado) DEFERRABLE INITIALLY DEFERRED;


--
-- Name: ventas_whatsapp ventas_whatsapp_asesor_id_5ce5d395_fk_cuenta_user_id; Type: FK CONSTRAINT; Schema: public; Owner: postgres
--

ALTER TABLE ONLY public.ventas_whatsapp
    ADD CONSTRAINT ventas_whatsapp_asesor_id_5ce5d395_fk_cuenta_user_id FOREIGN KEY (asesor_id) REFERENCES public.cuenta_user(id) DEFERRABLE INITIALLY DEFERRED;


--
-- Name: ventas_whatsapp ventas_whatsapp_estado_id_6e36a6d1_fk_cuenta_es; Type: FK CONSTRAINT; Schema: public; Owner: postgres
--

ALTER TABLE ONLY public.ventas_whatsapp
    ADD CONSTRAINT ventas_whatsapp_estado_id_6e36a6d1_fk_cuenta_es FOREIGN KEY (estado_id) REFERENCES public.cuenta_estadoregistro(estado) DEFERRABLE INITIALLY DEFERRED;


--
-- Name: ventas_whatsapp ventas_whatsapp_lead_id_49f8bd1e_fk_ventas_lead_id; Type: FK CONSTRAINT; Schema: public; Owner: postgres
--

ALTER TABLE ONLY public.ventas_whatsapp
    ADD CONSTRAINT ventas_whatsapp_lead_id_49f8bd1e_fk_ventas_lead_id FOREIGN KEY (lead_id) REFERENCES public.ventas_lead(id) DEFERRABLE INITIALLY DEFERRED;


--
-- Name: ventas_whatsapp ventas_whatsapp_objecion_id_b79425dd_fk_ventas_objecion_id; Type: FK CONSTRAINT; Schema: public; Owner: postgres
--

ALTER TABLE ONLY public.ventas_whatsapp
    ADD CONSTRAINT ventas_whatsapp_objecion_id_b79425dd_fk_ventas_objecion_id FOREIGN KEY (objecion_id) REFERENCES public.ventas_objecion(id) DEFERRABLE INITIALLY DEFERRED;


--
-- Name: ventas_whatsapp ventas_whatsapp_usuarioActualizador__1d344f29_fk_cuenta_us; Type: FK CONSTRAINT; Schema: public; Owner: postgres
--

ALTER TABLE ONLY public.ventas_whatsapp
    ADD CONSTRAINT "ventas_whatsapp_usuarioActualizador__1d344f29_fk_cuenta_us" FOREIGN KEY ("usuarioActualizador_id") REFERENCES public.cuenta_user(id) DEFERRABLE INITIALLY DEFERRED;


--
-- Name: ventas_whatsapp ventas_whatsapp_usuarioCreador_id_b47920f5_fk_cuenta_user_id; Type: FK CONSTRAINT; Schema: public; Owner: postgres
--

ALTER TABLE ONLY public.ventas_whatsapp
    ADD CONSTRAINT "ventas_whatsapp_usuarioCreador_id_b47920f5_fk_cuenta_user_id" FOREIGN KEY ("usuarioCreador_id") REFERENCES public.cuenta_user(id) DEFERRABLE INITIALLY DEFERRED;


--
-- PostgreSQL database dump complete
--

