--
-- PostgreSQL database dump
--

-- Dumped from database version 14.10 (Ubuntu 14.10-0ubuntu0.22.04.1)
-- Dumped by pg_dump version 14.10 (Ubuntu 14.10-0ubuntu0.22.04.1)

SET statement_timeout = 0;
SET lock_timeout = 0;
SET idle_in_transaction_session_timeout = 0;
SET client_encoding = 'UTF8';
SET standard_conforming_strings = on;
SELECT pg_catalog.set_config('search_path', '', false);
SET check_function_bodies = false;
SET xmloption = content;
SET client_min_messages = warning;
SET row_security = off;

SET default_tablespace = '';

SET default_table_access_method = heap;

--
-- Name: auth_group; Type: TABLE; Schema: public; Owner: postgres
--

CREATE TABLE public.auth_group (
    id integer NOT NULL,
    name character varying(150) NOT NULL
);


ALTER TABLE public.auth_group OWNER TO postgres;

--
-- Name: auth_group_id_seq; Type: SEQUENCE; Schema: public; Owner: postgres
--

ALTER TABLE public.auth_group ALTER COLUMN id ADD GENERATED BY DEFAULT AS IDENTITY (
    SEQUENCE NAME public.auth_group_id_seq
    START WITH 1
    INCREMENT BY 1
    NO MINVALUE
    NO MAXVALUE
    CACHE 1
);


--
-- Name: auth_group_permissions; Type: TABLE; Schema: public; Owner: postgres
--

CREATE TABLE public.auth_group_permissions (
    id bigint NOT NULL,
    group_id integer NOT NULL,
    permission_id integer NOT NULL
);


ALTER TABLE public.auth_group_permissions OWNER TO postgres;

--
-- Name: auth_group_permissions_id_seq; Type: SEQUENCE; Schema: public; Owner: postgres
--

ALTER TABLE public.auth_group_permissions ALTER COLUMN id ADD GENERATED BY DEFAULT AS IDENTITY (
    SEQUENCE NAME public.auth_group_permissions_id_seq
    START WITH 1
    INCREMENT BY 1
    NO MINVALUE
    NO MAXVALUE
    CACHE 1
);


--
-- Name: auth_permission; Type: TABLE; Schema: public; Owner: postgres
--

CREATE TABLE public.auth_permission (
    id integer NOT NULL,
    name character varying(255) NOT NULL,
    content_type_id integer NOT NULL,
    codename character varying(100) NOT NULL
);


ALTER TABLE public.auth_permission OWNER TO postgres;

--
-- Name: auth_permission_id_seq; Type: SEQUENCE; Schema: public; Owner: postgres
--

ALTER TABLE public.auth_permission ALTER COLUMN id ADD GENERATED BY DEFAULT AS IDENTITY (
    SEQUENCE NAME public.auth_permission_id_seq
    START WITH 1
    INCREMENT BY 1
    NO MINVALUE
    NO MAXVALUE
    CACHE 1
);


--
-- Name: cuenta_estadoregistro; Type: TABLE; Schema: public; Owner: postgres
--

CREATE TABLE public.cuenta_estadoregistro (
    estado character varying(1) NOT NULL,
    nombre character varying(50)
);


ALTER TABLE public.cuenta_estadoregistro OWNER TO postgres;

--
-- Name: cuenta_modulo; Type: TABLE; Schema: public; Owner: postgres
--

CREATE TABLE public.cuenta_modulo (
    id bigint NOT NULL,
    nombre character varying(100),
    url character varying(50),
    "contentType_id" integer,
    estado_id character varying(1)
);


ALTER TABLE public.cuenta_modulo OWNER TO postgres;

--
-- Name: cuenta_modulo_id_seq; Type: SEQUENCE; Schema: public; Owner: postgres
--

ALTER TABLE public.cuenta_modulo ALTER COLUMN id ADD GENERATED BY DEFAULT AS IDENTITY (
    SEQUENCE NAME public.cuenta_modulo_id_seq
    START WITH 1
    INCREMENT BY 1
    NO MINVALUE
    NO MAXVALUE
    CACHE 1
);


--
-- Name: cuenta_profile; Type: TABLE; Schema: public; Owner: postgres
--

CREATE TABLE public.cuenta_profile (
    id bigint NOT NULL,
    dni character varying(8),
    fecha timestamp with time zone,
    nacionalidad character varying(200),
    "estadoCivil" character varying(200),
    "correoElectronico" character varying(200),
    celular character varying(17),
    "telefonoFijo" character varying(17),
    profesion character varying(200),
    talla_polo character varying(200),
    cuenta_ahorros character varying(14),
    contacto_caso_accidentes character varying(200),
    parentesco_contacto_caso_accidentes character varying(200),
    grupo_sanguineo character varying(200),
    alergias character varying(15)[],
    fondo_pension character varying(200),
    "primerTrabajo" character varying(200),
    hijos integer,
    conyuge character varying(200),
    p_mp character varying(200),
    fecha_inicio_contrato date,
    fecha_fin_contrato date,
    sueldo double precision,
    horario character varying(200),
    documentos character varying(100),
    estado_registro_id character varying(1) NOT NULL,
    CONSTRAINT cuenta_profile_hijos_check CHECK ((hijos >= 0))
);


ALTER TABLE public.cuenta_profile OWNER TO postgres;

--
-- Name: cuenta_profile_id_seq; Type: SEQUENCE; Schema: public; Owner: postgres
--

ALTER TABLE public.cuenta_profile ALTER COLUMN id ADD GENERATED BY DEFAULT AS IDENTITY (
    SEQUENCE NAME public.cuenta_profile_id_seq
    START WITH 1
    INCREMENT BY 1
    NO MINVALUE
    NO MAXVALUE
    CACHE 1
);


--
-- Name: cuenta_user; Type: TABLE; Schema: public; Owner: postgres
--

CREATE TABLE public.cuenta_user (
    id bigint NOT NULL,
    password character varying(128) NOT NULL,
    last_login timestamp with time zone,
    is_superuser boolean NOT NULL,
    username character varying(150) NOT NULL,
    first_name character varying(150) NOT NULL,
    last_name character varying(150) NOT NULL,
    email character varying(254) NOT NULL,
    is_staff boolean NOT NULL,
    is_active boolean NOT NULL,
    date_joined timestamp with time zone NOT NULL,
    perfil_id bigint
);


ALTER TABLE public.cuenta_user OWNER TO postgres;

--
-- Name: cuenta_user_groups; Type: TABLE; Schema: public; Owner: postgres
--

CREATE TABLE public.cuenta_user_groups (
    id bigint NOT NULL,
    user_id bigint NOT NULL,
    group_id integer NOT NULL
);


ALTER TABLE public.cuenta_user_groups OWNER TO postgres;

--
-- Name: cuenta_user_groups_id_seq; Type: SEQUENCE; Schema: public; Owner: postgres
--

ALTER TABLE public.cuenta_user_groups ALTER COLUMN id ADD GENERATED BY DEFAULT AS IDENTITY (
    SEQUENCE NAME public.cuenta_user_groups_id_seq
    START WITH 1
    INCREMENT BY 1
    NO MINVALUE
    NO MAXVALUE
    CACHE 1
);


--
-- Name: cuenta_user_id_seq; Type: SEQUENCE; Schema: public; Owner: postgres
--

ALTER TABLE public.cuenta_user ALTER COLUMN id ADD GENERATED BY DEFAULT AS IDENTITY (
    SEQUENCE NAME public.cuenta_user_id_seq
    START WITH 1
    INCREMENT BY 1
    NO MINVALUE
    NO MAXVALUE
    CACHE 1
);


--
-- Name: cuenta_user_user_permissions; Type: TABLE; Schema: public; Owner: postgres
--

CREATE TABLE public.cuenta_user_user_permissions (
    id bigint NOT NULL,
    user_id bigint NOT NULL,
    permission_id integer NOT NULL
);


ALTER TABLE public.cuenta_user_user_permissions OWNER TO postgres;

--
-- Name: cuenta_user_user_permissions_id_seq; Type: SEQUENCE; Schema: public; Owner: postgres
--

ALTER TABLE public.cuenta_user_user_permissions ALTER COLUMN id ADD GENERATED BY DEFAULT AS IDENTITY (
    SEQUENCE NAME public.cuenta_user_user_permissions_id_seq
    START WITH 1
    INCREMENT BY 1
    NO MINVALUE
    NO MAXVALUE
    CACHE 1
);


--
-- Name: django_admin_log; Type: TABLE; Schema: public; Owner: postgres
--

CREATE TABLE public.django_admin_log (
    id integer NOT NULL,
    action_time timestamp with time zone NOT NULL,
    object_id text,
    object_repr character varying(200) NOT NULL,
    action_flag smallint NOT NULL,
    change_message text NOT NULL,
    content_type_id integer,
    user_id bigint NOT NULL,
    CONSTRAINT django_admin_log_action_flag_check CHECK ((action_flag >= 0))
);


ALTER TABLE public.django_admin_log OWNER TO postgres;

--
-- Name: django_admin_log_id_seq; Type: SEQUENCE; Schema: public; Owner: postgres
--

ALTER TABLE public.django_admin_log ALTER COLUMN id ADD GENERATED BY DEFAULT AS IDENTITY (
    SEQUENCE NAME public.django_admin_log_id_seq
    START WITH 1
    INCREMENT BY 1
    NO MINVALUE
    NO MAXVALUE
    CACHE 1
);


--
-- Name: django_content_type; Type: TABLE; Schema: public; Owner: postgres
--

CREATE TABLE public.django_content_type (
    id integer NOT NULL,
    app_label character varying(100) NOT NULL,
    model character varying(100) NOT NULL
);


ALTER TABLE public.django_content_type OWNER TO postgres;

--
-- Name: django_content_type_id_seq; Type: SEQUENCE; Schema: public; Owner: postgres
--

ALTER TABLE public.django_content_type ALTER COLUMN id ADD GENERATED BY DEFAULT AS IDENTITY (
    SEQUENCE NAME public.django_content_type_id_seq
    START WITH 1
    INCREMENT BY 1
    NO MINVALUE
    NO MAXVALUE
    CACHE 1
);


--
-- Name: django_migrations; Type: TABLE; Schema: public; Owner: postgres
--

CREATE TABLE public.django_migrations (
    id bigint NOT NULL,
    app character varying(255) NOT NULL,
    name character varying(255) NOT NULL,
    applied timestamp with time zone NOT NULL
);


ALTER TABLE public.django_migrations OWNER TO postgres;

--
-- Name: django_migrations_id_seq; Type: SEQUENCE; Schema: public; Owner: postgres
--

ALTER TABLE public.django_migrations ALTER COLUMN id ADD GENERATED BY DEFAULT AS IDENTITY (
    SEQUENCE NAME public.django_migrations_id_seq
    START WITH 1
    INCREMENT BY 1
    NO MINVALUE
    NO MAXVALUE
    CACHE 1
);


--
-- Name: django_session; Type: TABLE; Schema: public; Owner: postgres
--

CREATE TABLE public.django_session (
    session_key character varying(40) NOT NULL,
    session_data text NOT NULL,
    expire_date timestamp with time zone NOT NULL
);


ALTER TABLE public.django_session OWNER TO postgres;

--
-- Name: marketing_campania; Type: TABLE; Schema: public; Owner: postgres
--

CREATE TABLE public.marketing_campania (
    id bigint NOT NULL,
    nombre character varying(100),
    codigo character varying,
    fecha_creacion timestamp with time zone NOT NULL,
    fecha_estimada date,
    fecha_cierre date,
    coste_estimado double precision NOT NULL,
    coste_real double precision NOT NULL,
    descripcion text,
    categoria_id bigint NOT NULL,
    estado_id character varying(1),
    proyecto_id bigint NOT NULL
);


ALTER TABLE public.marketing_campania OWNER TO postgres;

--
-- Name: marketing_campania_id_seq; Type: SEQUENCE; Schema: public; Owner: postgres
--

ALTER TABLE public.marketing_campania ALTER COLUMN id ADD GENERATED BY DEFAULT AS IDENTITY (
    SEQUENCE NAME public.marketing_campania_id_seq
    START WITH 1
    INCREMENT BY 1
    NO MINVALUE
    NO MAXVALUE
    CACHE 1
);


--
-- Name: marketing_categoria; Type: TABLE; Schema: public; Owner: postgres
--

CREATE TABLE public.marketing_categoria (
    id bigint NOT NULL,
    nombre character varying(100),
    estado_id character varying(1)
);


ALTER TABLE public.marketing_categoria OWNER TO postgres;

--
-- Name: marketing_categoria_id_seq; Type: SEQUENCE; Schema: public; Owner: postgres
--

ALTER TABLE public.marketing_categoria ALTER COLUMN id ADD GENERATED BY DEFAULT AS IDENTITY (
    SEQUENCE NAME public.marketing_categoria_id_seq
    START WITH 1
    INCREMENT BY 1
    NO MINVALUE
    NO MAXVALUE
    CACHE 1
);


--
-- Name: marketing_proyecto; Type: TABLE; Schema: public; Owner: postgres
--

CREATE TABLE public.marketing_proyecto (
    id bigint NOT NULL,
    nombre character varying(100),
    ubicacion character varying(100),
    descripcion text,
    estado_id character varying(1)
);


ALTER TABLE public.marketing_proyecto OWNER TO postgres;

--
-- Name: marketing_proyecto_id_seq; Type: SEQUENCE; Schema: public; Owner: postgres
--

ALTER TABLE public.marketing_proyecto ALTER COLUMN id ADD GENERATED BY DEFAULT AS IDENTITY (
    SEQUENCE NAME public.marketing_proyecto_id_seq
    START WITH 1
    INCREMENT BY 1
    NO MINVALUE
    NO MAXVALUE
    CACHE 1
);


--
-- Name: token_blacklist_blacklistedtoken; Type: TABLE; Schema: public; Owner: postgres
--

CREATE TABLE public.token_blacklist_blacklistedtoken (
    id bigint NOT NULL,
    blacklisted_at timestamp with time zone NOT NULL,
    token_id bigint NOT NULL
);


ALTER TABLE public.token_blacklist_blacklistedtoken OWNER TO postgres;

--
-- Name: token_blacklist_blacklistedtoken_id_seq; Type: SEQUENCE; Schema: public; Owner: postgres
--

ALTER TABLE public.token_blacklist_blacklistedtoken ALTER COLUMN id ADD GENERATED BY DEFAULT AS IDENTITY (
    SEQUENCE NAME public.token_blacklist_blacklistedtoken_id_seq
    START WITH 1
    INCREMENT BY 1
    NO MINVALUE
    NO MAXVALUE
    CACHE 1
);


--
-- Name: token_blacklist_outstandingtoken; Type: TABLE; Schema: public; Owner: postgres
--

CREATE TABLE public.token_blacklist_outstandingtoken (
    id bigint NOT NULL,
    token text NOT NULL,
    created_at timestamp with time zone,
    expires_at timestamp with time zone NOT NULL,
    user_id bigint,
    jti character varying(255) NOT NULL
);


ALTER TABLE public.token_blacklist_outstandingtoken OWNER TO postgres;

--
-- Name: token_blacklist_outstandingtoken_id_seq; Type: SEQUENCE; Schema: public; Owner: postgres
--

ALTER TABLE public.token_blacklist_outstandingtoken ALTER COLUMN id ADD GENERATED BY DEFAULT AS IDENTITY (
    SEQUENCE NAME public.token_blacklist_outstandingtoken_id_seq
    START WITH 1
    INCREMENT BY 1
    NO MINVALUE
    NO MAXVALUE
    CACHE 1
);


--
-- Name: ventas_asesor; Type: TABLE; Schema: public; Owner: postgres
--

CREATE TABLE public.ventas_asesor (
    id bigint NOT NULL,
    codigo character varying NOT NULL,
    "numeroLeads" integer,
    "maximoLeads" integer,
    "fechaCreado" timestamp with time zone NOT NULL,
    "fechaActualizado" timestamp with time zone NOT NULL,
    estado_id character varying(1),
    user_id bigint NOT NULL
);


ALTER TABLE public.ventas_asesor OWNER TO postgres;

--
-- Name: ventas_asesor_id_seq; Type: SEQUENCE; Schema: public; Owner: postgres
--

ALTER TABLE public.ventas_asesor ALTER COLUMN id ADD GENERATED BY DEFAULT AS IDENTITY (
    SEQUENCE NAME public.ventas_asesor_id_seq
    START WITH 1
    INCREMENT BY 1
    NO MINVALUE
    NO MAXVALUE
    CACHE 1
);


--
-- Name: ventas_cotizacion; Type: TABLE; Schema: public; Owner: postgres
--

CREATE TABLE public.ventas_cotizacion (
    id bigint NOT NULL,
    nombre character varying(100) NOT NULL,
    fecha timestamp with time zone,
    duracion integer,
    estado_id character varying(1),
    proyecto_id bigint,
    tipo_id bigint
);


ALTER TABLE public.ventas_cotizacion OWNER TO postgres;

--
-- Name: ventas_cotizacion_id_seq; Type: SEQUENCE; Schema: public; Owner: postgres
--

ALTER TABLE public.ventas_cotizacion ALTER COLUMN id ADD GENERATED BY DEFAULT AS IDENTITY (
    SEQUENCE NAME public.ventas_cotizacion_id_seq
    START WITH 1
    INCREMENT BY 1
    NO MINVALUE
    NO MAXVALUE
    CACHE 1
);


--
-- Name: ventas_cuota; Type: TABLE; Schema: public; Owner: postgres
--

CREATE TABLE public.ventas_cuota (
    id bigint NOT NULL,
    numero integer,
    tiempo integer,
    porcentaje double precision,
    fecha timestamp with time zone,
    cotizacion_id bigint,
    estado_id character varying(1),
    tipo_id bigint
);


ALTER TABLE public.ventas_cuota OWNER TO postgres;

--
-- Name: ventas_cuota_id_seq; Type: SEQUENCE; Schema: public; Owner: postgres
--

ALTER TABLE public.ventas_cuota ALTER COLUMN id ADD GENERATED BY DEFAULT AS IDENTITY (
    SEQUENCE NAME public.ventas_cuota_id_seq
    START WITH 1
    INCREMENT BY 1
    NO MINVALUE
    NO MAXVALUE
    CACHE 1
);


--
-- Name: ventas_estadolead; Type: TABLE; Schema: public; Owner: postgres
--

CREATE TABLE public.ventas_estadolead (
    nombre character varying(2) NOT NULL,
    descripcion character varying(50),
    estado_id character varying(1)
);


ALTER TABLE public.ventas_estadolead OWNER TO postgres;

--
-- Name: ventas_evento; Type: TABLE; Schema: public; Owner: postgres
--

CREATE TABLE public.ventas_evento (
    id bigint NOT NULL,
    titulo character varying(100),
    duracion integer,
    fecha_visita timestamp with time zone,
    ubicacion character varying(100),
    descripcion text,
    asesor_id bigint,
    estado_id character varying(1),
    lead_id bigint,
    proyecto_id bigint NOT NULL,
    tipo_id bigint NOT NULL
);


ALTER TABLE public.ventas_evento OWNER TO postgres;

--
-- Name: ventas_evento_id_seq; Type: SEQUENCE; Schema: public; Owner: postgres
--

ALTER TABLE public.ventas_evento ALTER COLUMN id ADD GENERATED BY DEFAULT AS IDENTITY (
    SEQUENCE NAME public.ventas_evento_id_seq
    START WITH 1
    INCREMENT BY 1
    NO MINVALUE
    NO MAXVALUE
    CACHE 1
);


--
-- Name: ventas_lead; Type: TABLE; Schema: public; Owner: postgres
--

CREATE TABLE public.ventas_lead (
    id bigint NOT NULL,
    nombre character varying(100) NOT NULL,
    apellido character varying(100) NOT NULL,
    asignado boolean NOT NULL,
    celular character varying(100) NOT NULL,
    celular2 character varying(100) NOT NULL,
    comentario text NOT NULL,
    "horaEntrega" timestamp with time zone NOT NULL,
    "horaRecepcion" timestamp with time zone,
    llamar boolean NOT NULL,
    asesor_id bigint,
    campania_id bigint,
    estado_id character varying(1),
    "estadoLead_id" character varying(2),
    objecion_id bigint
);


ALTER TABLE public.ventas_lead OWNER TO postgres;

--
-- Name: ventas_lead_id_seq; Type: SEQUENCE; Schema: public; Owner: postgres
--

ALTER TABLE public.ventas_lead ALTER COLUMN id ADD GENERATED BY DEFAULT AS IDENTITY (
    SEQUENCE NAME public.ventas_lead_id_seq
    START WITH 1
    INCREMENT BY 1
    NO MINVALUE
    NO MAXVALUE
    CACHE 1
);


--
-- Name: ventas_llamada; Type: TABLE; Schema: public; Owner: postgres
--

CREATE TABLE public.ventas_llamada (
    id bigint NOT NULL,
    detalle text,
    estado_id character varying(1),
    lead_id bigint
);


ALTER TABLE public.ventas_llamada OWNER TO postgres;

--
-- Name: ventas_llamada_id_seq; Type: SEQUENCE; Schema: public; Owner: postgres
--

ALTER TABLE public.ventas_llamada ALTER COLUMN id ADD GENERATED BY DEFAULT AS IDENTITY (
    SEQUENCE NAME public.ventas_llamada_id_seq
    START WITH 1
    INCREMENT BY 1
    NO MINVALUE
    NO MAXVALUE
    CACHE 1
);


--
-- Name: ventas_objecion; Type: TABLE; Schema: public; Owner: postgres
--

CREATE TABLE public.ventas_objecion (
    id bigint NOT NULL,
    nombre character varying(100),
    estado_id character varying(1)
);


ALTER TABLE public.ventas_objecion OWNER TO postgres;

--
-- Name: ventas_objecion_id_seq; Type: SEQUENCE; Schema: public; Owner: postgres
--

ALTER TABLE public.ventas_objecion ALTER COLUMN id ADD GENERATED BY DEFAULT AS IDENTITY (
    SEQUENCE NAME public.ventas_objecion_id_seq
    START WITH 1
    INCREMENT BY 1
    NO MINVALUE
    NO MAXVALUE
    CACHE 1
);


--
-- Name: ventas_precio; Type: TABLE; Schema: public; Owner: postgres
--

CREATE TABLE public.ventas_precio (
    id bigint NOT NULL,
    precio double precision,
    cotizacion_id bigint,
    estado_id character varying(1),
    "tipoProducto_id" bigint
);


ALTER TABLE public.ventas_precio OWNER TO postgres;

--
-- Name: ventas_precio_id_seq; Type: SEQUENCE; Schema: public; Owner: postgres
--

ALTER TABLE public.ventas_precio ALTER COLUMN id ADD GENERATED BY DEFAULT AS IDENTITY (
    SEQUENCE NAME public.ventas_precio_id_seq
    START WITH 1
    INCREMENT BY 1
    NO MINVALUE
    NO MAXVALUE
    CACHE 1
);


--
-- Name: ventas_producto; Type: TABLE; Schema: public; Owner: postgres
--

CREATE TABLE public.ventas_producto (
    id bigint NOT NULL,
    nombre character varying(100) NOT NULL,
    codigo character varying(100) NOT NULL,
    numero integer,
    area double precision,
    estado_id character varying(1),
    proyecto_id bigint,
    tipo_id bigint
);


ALTER TABLE public.ventas_producto OWNER TO postgres;

--
-- Name: ventas_producto_id_seq; Type: SEQUENCE; Schema: public; Owner: postgres
--

ALTER TABLE public.ventas_producto ALTER COLUMN id ADD GENERATED BY DEFAULT AS IDENTITY (
    SEQUENCE NAME public.ventas_producto_id_seq
    START WITH 1
    INCREMENT BY 1
    NO MINVALUE
    NO MAXVALUE
    CACHE 1
);


--
-- Name: ventas_proyectotipoproducto; Type: TABLE; Schema: public; Owner: postgres
--

CREATE TABLE public.ventas_proyectotipoproducto (
    id bigint NOT NULL,
    proyecto_id bigint,
    tipo_producto_id bigint
);


ALTER TABLE public.ventas_proyectotipoproducto OWNER TO postgres;

--
-- Name: ventas_proyectotipoproducto_id_seq; Type: SEQUENCE; Schema: public; Owner: postgres
--

ALTER TABLE public.ventas_proyectotipoproducto ALTER COLUMN id ADD GENERATED BY DEFAULT AS IDENTITY (
    SEQUENCE NAME public.ventas_proyectotipoproducto_id_seq
    START WITH 1
    INCREMENT BY 1
    NO MINVALUE
    NO MAXVALUE
    CACHE 1
);


--
-- Name: ventas_tipocotizacion; Type: TABLE; Schema: public; Owner: postgres
--

CREATE TABLE public.ventas_tipocotizacion (
    id bigint NOT NULL,
    nombre character varying(100) NOT NULL,
    estado_id character varying(1)
);


ALTER TABLE public.ventas_tipocotizacion OWNER TO postgres;

--
-- Name: ventas_tipocotizacion_id_seq; Type: SEQUENCE; Schema: public; Owner: postgres
--

ALTER TABLE public.ventas_tipocotizacion ALTER COLUMN id ADD GENERATED BY DEFAULT AS IDENTITY (
    SEQUENCE NAME public.ventas_tipocotizacion_id_seq
    START WITH 1
    INCREMENT BY 1
    NO MINVALUE
    NO MAXVALUE
    CACHE 1
);


--
-- Name: ventas_tipocuota; Type: TABLE; Schema: public; Owner: postgres
--

CREATE TABLE public.ventas_tipocuota (
    id bigint NOT NULL,
    nombre character varying(100) NOT NULL,
    estado_id character varying(1)
);


ALTER TABLE public.ventas_tipocuota OWNER TO postgres;

--
-- Name: ventas_tipocuota_id_seq; Type: SEQUENCE; Schema: public; Owner: postgres
--

ALTER TABLE public.ventas_tipocuota ALTER COLUMN id ADD GENERATED BY DEFAULT AS IDENTITY (
    SEQUENCE NAME public.ventas_tipocuota_id_seq
    START WITH 1
    INCREMENT BY 1
    NO MINVALUE
    NO MAXVALUE
    CACHE 1
);


--
-- Name: ventas_tipoevento; Type: TABLE; Schema: public; Owner: postgres
--

CREATE TABLE public.ventas_tipoevento (
    id bigint NOT NULL,
    nombre character varying(100),
    estado_id character varying(1)
);


ALTER TABLE public.ventas_tipoevento OWNER TO postgres;

--
-- Name: ventas_tipoevento_id_seq; Type: SEQUENCE; Schema: public; Owner: postgres
--

ALTER TABLE public.ventas_tipoevento ALTER COLUMN id ADD GENERATED BY DEFAULT AS IDENTITY (
    SEQUENCE NAME public.ventas_tipoevento_id_seq
    START WITH 1
    INCREMENT BY 1
    NO MINVALUE
    NO MAXVALUE
    CACHE 1
);


--
-- Name: ventas_tipoproducto; Type: TABLE; Schema: public; Owner: postgres
--

CREATE TABLE public.ventas_tipoproducto (
    id bigint NOT NULL,
    nombre character varying(100) NOT NULL,
    estado_id character varying(1)
);


ALTER TABLE public.ventas_tipoproducto OWNER TO postgres;

--
-- Name: ventas_tipoproducto_id_seq; Type: SEQUENCE; Schema: public; Owner: postgres
--

ALTER TABLE public.ventas_tipoproducto ALTER COLUMN id ADD GENERATED BY DEFAULT AS IDENTITY (
    SEQUENCE NAME public.ventas_tipoproducto_id_seq
    START WITH 1
    INCREMENT BY 1
    NO MINVALUE
    NO MAXVALUE
    CACHE 1
);


--
-- Name: ventas_whatsapp; Type: TABLE; Schema: public; Owner: postgres
--

CREATE TABLE public.ventas_whatsapp (
    id bigint NOT NULL,
    detalle text,
    estado_id character varying(1),
    lead_id bigint
);


ALTER TABLE public.ventas_whatsapp OWNER TO postgres;

--
-- Name: ventas_whatsapp_id_seq; Type: SEQUENCE; Schema: public; Owner: postgres
--

ALTER TABLE public.ventas_whatsapp ALTER COLUMN id ADD GENERATED BY DEFAULT AS IDENTITY (
    SEQUENCE NAME public.ventas_whatsapp_id_seq
    START WITH 1
    INCREMENT BY 1
    NO MINVALUE
    NO MAXVALUE
    CACHE 1
);


--
-- Data for Name: auth_group; Type: TABLE DATA; Schema: public; Owner: postgres
--

COPY public.auth_group (id, name) FROM stdin;
1	Jefe de Marketing
2	Asistente de marketing
4	Jefe de Ventas
3	Jefe de Recursos Humanos
\.


--
-- Data for Name: auth_group_permissions; Type: TABLE DATA; Schema: public; Owner: postgres
--

COPY public.auth_group_permissions (id, group_id, permission_id) FROM stdin;
2	1	45
3	1	46
4	1	47
5	1	48
6	1	49
7	1	50
8	1	51
9	1	52
10	1	53
11	1	54
12	1	55
13	1	56
14	2	45
15	2	46
16	2	47
17	2	48
18	2	57
19	2	58
20	2	59
21	2	60
22	3	33
23	3	34
24	3	35
25	3	36
26	3	9
27	3	10
28	3	11
29	3	12
35	3	45
36	3	46
37	3	47
38	3	48
39	3	49
40	3	50
41	3	51
42	3	52
43	3	57
44	3	58
45	3	59
46	3	60
47	4	49
48	4	50
49	4	51
50	4	52
51	4	57
52	4	58
53	4	59
54	4	60
\.


--
-- Data for Name: auth_permission; Type: TABLE DATA; Schema: public; Owner: postgres
--

COPY public.auth_permission (id, name, content_type_id, codename) FROM stdin;
1	Can add log entry	1	add_logentry
2	Can change log entry	1	change_logentry
3	Can delete log entry	1	delete_logentry
4	Can view log entry	1	view_logentry
5	Can add permission	2	add_permission
6	Can change permission	2	change_permission
7	Can delete permission	2	delete_permission
8	Can view permission	2	view_permission
9	Can add group	3	add_group
10	Can change group	3	change_group
11	Can delete group	3	delete_group
12	Can view group	3	view_group
13	Can add content type	4	add_contenttype
14	Can change content type	4	change_contenttype
15	Can delete content type	4	delete_contenttype
16	Can view content type	4	view_contenttype
17	Can add session	5	add_session
18	Can change session	5	change_session
19	Can delete session	5	delete_session
20	Can view session	5	view_session
21	Can add estado registro	6	add_estadoregistro
22	Can change estado registro	6	change_estadoregistro
23	Can delete estado registro	6	delete_estadoregistro
24	Can view estado registro	6	view_estadoregistro
25	Can add profile	7	add_profile
26	Can change profile	7	change_profile
27	Can delete profile	7	delete_profile
28	Can view profile	7	view_profile
29	Can add modulo	8	add_modulo
30	Can change modulo	8	change_modulo
31	Can delete modulo	8	delete_modulo
32	Can view modulo	8	view_modulo
33	Can add user	9	add_user
34	Can change user	9	change_user
35	Can delete user	9	delete_user
36	Can view user	9	view_user
37	Can add proyecto	10	add_proyecto
38	Can change proyecto	10	change_proyecto
39	Can delete proyecto	10	delete_proyecto
40	Can view proyecto	10	view_proyecto
41	Can add categoria	11	add_categoria
42	Can change categoria	11	change_categoria
43	Can delete categoria	11	delete_categoria
44	Can view categoria	11	view_categoria
45	Can add campania	12	add_campania
46	Can change campania	12	change_campania
47	Can delete campania	12	delete_campania
48	Can view campania	12	view_campania
49	Can add asesor	13	add_asesor
50	Can change asesor	13	change_asesor
51	Can delete asesor	13	delete_asesor
52	Can view asesor	13	view_asesor
53	Can add cotizacion	14	add_cotizacion
54	Can change cotizacion	14	change_cotizacion
55	Can delete cotizacion	14	delete_cotizacion
56	Can view cotizacion	14	view_cotizacion
57	Can add estado lead	15	add_estadolead
58	Can change estado lead	15	change_estadolead
59	Can delete estado lead	15	delete_estadolead
60	Can view estado lead	15	view_estadolead
61	Can add lead	16	add_lead
62	Can change lead	16	change_lead
63	Can delete lead	16	delete_lead
64	Can view lead	16	view_lead
65	Can add whats app	17	add_whatsapp
66	Can change whats app	17	change_whatsapp
67	Can delete whats app	17	delete_whatsapp
68	Can view whats app	17	view_whatsapp
69	Can add tipo producto	18	add_tipoproducto
70	Can change tipo producto	18	change_tipoproducto
71	Can delete tipo producto	18	delete_tipoproducto
72	Can view tipo producto	18	view_tipoproducto
73	Can add tipo evento	19	add_tipoevento
74	Can change tipo evento	19	change_tipoevento
75	Can delete tipo evento	19	delete_tipoevento
76	Can view tipo evento	19	view_tipoevento
77	Can add tipo cuota	20	add_tipocuota
78	Can change tipo cuota	20	change_tipocuota
79	Can delete tipo cuota	20	delete_tipocuota
80	Can view tipo cuota	20	view_tipocuota
81	Can add tipo cotizacion	21	add_tipocotizacion
82	Can change tipo cotizacion	21	change_tipocotizacion
83	Can delete tipo cotizacion	21	delete_tipocotizacion
84	Can view tipo cotizacion	21	view_tipocotizacion
85	Can add proyecto tipo producto	22	add_proyectotipoproducto
86	Can change proyecto tipo producto	22	change_proyectotipoproducto
87	Can delete proyecto tipo producto	22	delete_proyectotipoproducto
88	Can view proyecto tipo producto	22	view_proyectotipoproducto
89	Can add producto	23	add_producto
90	Can change producto	23	change_producto
91	Can delete producto	23	delete_producto
92	Can view producto	23	view_producto
93	Can add precio	24	add_precio
94	Can change precio	24	change_precio
95	Can delete precio	24	delete_precio
96	Can view precio	24	view_precio
97	Can add objecion	25	add_objecion
98	Can change objecion	25	change_objecion
99	Can delete objecion	25	delete_objecion
100	Can view objecion	25	view_objecion
101	Can add llamada	26	add_llamada
102	Can change llamada	26	change_llamada
103	Can delete llamada	26	delete_llamada
104	Can view llamada	26	view_llamada
105	Can add evento	27	add_evento
106	Can change evento	27	change_evento
107	Can delete evento	27	delete_evento
108	Can view evento	27	view_evento
109	Can add cuota	28	add_cuota
110	Can change cuota	28	change_cuota
111	Can delete cuota	28	delete_cuota
112	Can view cuota	28	view_cuota
113	Can add blacklisted token	29	add_blacklistedtoken
114	Can change blacklisted token	29	change_blacklistedtoken
115	Can delete blacklisted token	29	delete_blacklistedtoken
116	Can view blacklisted token	29	view_blacklistedtoken
117	Can add outstanding token	30	add_outstandingtoken
118	Can change outstanding token	30	change_outstandingtoken
119	Can delete outstanding token	30	delete_outstandingtoken
120	Can view outstanding token	30	view_outstandingtoken
\.


--
-- Data for Name: cuenta_estadoregistro; Type: TABLE DATA; Schema: public; Owner: postgres
--

COPY public.cuenta_estadoregistro (estado, nombre) FROM stdin;
A	Activo
I	Inactivo
\.


--
-- Data for Name: cuenta_modulo; Type: TABLE DATA; Schema: public; Owner: postgres
--

COPY public.cuenta_modulo (id, nombre, url, "contentType_id", estado_id) FROM stdin;
7	Gestión de leads	lead	15	A
6	Gestion de eventos	evento	21	A
5	Gestion de usuarios	usuario	9	A
4	Gestión de asesores	asesor	13	A
3	Gestion de roles	rol	3	A
2	Gestion de campañas	campania	12	A
\.


--
-- Data for Name: cuenta_profile; Type: TABLE DATA; Schema: public; Owner: postgres
--

COPY public.cuenta_profile (id, dni, fecha, nacionalidad, "estadoCivil", "correoElectronico", celular, "telefonoFijo", profesion, talla_polo, cuenta_ahorros, contacto_caso_accidentes, parentesco_contacto_caso_accidentes, grupo_sanguineo, alergias, fondo_pension, "primerTrabajo", hijos, conyuge, p_mp, fecha_inicio_contrato, fecha_fin_contrato, sueldo, horario, documentos, estado_registro_id) FROM stdin;
2	\N	\N												\N			\N			\N	\N	\N			A
1	\N	\N												\N			\N			\N	\N	\N		\N	A
7	\N	\N												\N			\N			\N	\N	\N			A
8	\N	\N												\N			\N			\N	\N	\N			A
9	\N	\N												\N			\N			\N	\N	\N			A
11	\N	\N												\N			\N			\N	\N	\N			A
12	\N	\N												\N			\N			\N	\N	\N			A
10	\N	\N												\N			\N			\N	\N	\N		\N	A
13	\N	\N	PE	s	\N	\N	\N	\N		\N	\N	\N	\N	\N	p	\N	\N	\N	\N	\N	\N	\N	\N		A
14	\N	\N	PE	s	\N	\N	\N	\N		\N	\N	\N	\N	\N	p	\N	\N	\N	\N	\N	\N	\N	\N		A
\.


--
-- Data for Name: cuenta_user; Type: TABLE DATA; Schema: public; Owner: postgres
--

COPY public.cuenta_user (id, password, last_login, is_superuser, username, first_name, last_name, email, is_staff, is_active, date_joined, perfil_id) FROM stdin;
11	pbkdf2_sha256$600000$X3VayFtrFszOtSzB4B23uz$kMDVQ0eSXbIJEJZR3ZIQFPIrF61cbeg+lhSKtPbtNK8=	\N	f	marketing2				t	t	2023-09-28 22:35:51.638449-05	11
12	pbkdf2_sha256$600000$RSPz8suMDwj0BaaYplKhGJ$HGwhb/1m7ewyonQA7SWDIkJ1OptF5WUbHDTTy1m82hM=	\N	f	marketing3				t	t	2023-09-28 22:36:04.20812-05	12
7	pbkdf2_sha256$600000$UDrk5T3tz7yMPksBVnOFCx$GG4iq1fGvFp80vShtHWzYOAc/+p0vWlvp4iAgx8XfIk=	\N	f	Asesor1				t	t	2023-09-28 22:34:37-05	7
8	pbkdf2_sha256$600000$HsT8Axx7MTH5xF3epsqWEW$0FPSIgRADzbeAz7kFNpwi2ZZ/zGm0+X9uXbj9L+MM2o=	\N	f	Asesor2				t	t	2023-09-28 22:34:52-05	8
9	pbkdf2_sha256$600000$LuqWcX9UZes3p6mij1erYD$zc7Qe29RaoxltH5zX6WINR4QSp5JiVD9SJsydMsQmQM=	\N	f	Asesor3				t	t	2023-09-28 22:35:11-05	9
2	pbkdf2_sha256$600000$tNoWOXjTwQYnhtklT6Kp1X$GxR65ifvHynoX5dl6Nv/6m0fsRkiLOlaHwniLuiVloU=	2023-10-05 11:29:45.841674-05	t	qwerty				t	t	2023-09-27 22:08:50-05	2
10	pbkdf2_sha256$600000$dOkbJU2oh89g9NsyWhd90R$zE8TL27A7VEnOTAoht7AfKZC3SyKV2I1UTwwDJtVqSc=	\N	f	marketing1	Carlos Abel	Chuctaya Ruiz	carlitosabel@portillo.com	t	t	2023-09-28 22:35:40.775624-05	10
13	pbkdf2_sha256$600000$u2J0bMxpdd5pANVeZQtlG3$zpOuVhb35Lfzue5zOlFZUnNUZm1m4+pOZF16vEzPu8o=	\N	f	arihuascar	Robert	Arihuascar	ajacoboc@unsa.edu.pe	f	t	2023-12-10 22:26:38.822584-05	13
14	pbkdf2_sha256$600000$bxcCeVLtcVCNgED3XE7yRJ$bQc5XYU+ZRd50jt3q6Ff3631rHQ19wYGT2zOsvCAcXU=	\N	f	asesorcocoliso	Pedro	De La Cadena	asesor@gmail.com	f	t	2023-12-10 22:28:54.89388-05	14
1	pbkdf2_sha256$600000$XeMWVNeYvgoN3QLYxfsCkW$gJyjaRFRAGC8je7My6z54vkKE5OOmL4G8xDcaKRpCNo=	2023-12-10 22:34:41.072642-05	t	andrew	Andrew	Pold		t	t	2023-09-27 22:08:24.125613-05	1
\.


--
-- Data for Name: cuenta_user_groups; Type: TABLE DATA; Schema: public; Owner: postgres
--

COPY public.cuenta_user_groups (id, user_id, group_id) FROM stdin;
2	1	3
12	11	2
13	12	2
14	7	4
15	8	4
16	9	4
17	2	3
18	10	2
19	13	3
20	14	4
\.


--
-- Data for Name: cuenta_user_user_permissions; Type: TABLE DATA; Schema: public; Owner: postgres
--

COPY public.cuenta_user_user_permissions (id, user_id, permission_id) FROM stdin;
\.


--
-- Data for Name: django_admin_log; Type: TABLE DATA; Schema: public; Owner: postgres
--

COPY public.django_admin_log (id, action_time, object_id, object_repr, action_flag, change_message, content_type_id, user_id) FROM stdin;
1	2023-09-27 23:03:43.456975-05	10	Playa/Campo / Casa	2	[{"changed": {"fields": ["Nombre"]}}]	17	2
2	2023-09-28 22:21:14.881683-05	1	Socabaya	1	[{"added": {}}]	10	2
3	2023-09-28 22:21:32.06774-05	2	Alamos	1	[{"added": {}}]	10	2
4	2023-09-28 22:21:57.280844-05	3	Yanahuara	1	[{"added": {}}]	10	2
5	2023-09-28 22:22:09.462235-05	1	Facebook	1	[{"added": {}}]	11	2
6	2023-09-28 22:22:18.332738-05	2	WhatsApp	1	[{"added": {}}]	11	2
7	2023-09-28 22:22:28.08144-05	3	Bola	1	[{"added": {}}]	11	2
8	2023-09-28 22:22:32.589562-05	4	Cartel	1	[{"added": {}}]	11	2
9	2023-09-28 22:22:39.355044-05	3	Bolante	2	[{"changed": {"fields": ["Nombre"]}}]	11	2
10	2023-09-28 22:23:11.670865-05	1	Navidad	1	[{"added": {}}]	12	2
11	2023-09-28 22:23:31.351836-05	2	Verano	1	[{"added": {}}]	12	2
12	2023-09-28 22:23:46.636484-05	3	Otoño	1	[{"added": {}}]	12	2
13	2023-09-28 22:24:07.853449-05	4	Primavera	1	[{"added": {}}]	12	2
14	2023-09-28 22:28:16.446837-05	4	bbb	2	[{"changed": {"fields": ["Password"]}}]	9	2
15	2023-09-28 22:33:06.821479-05	6	Profile object (6)	3		7	2
16	2023-09-28 22:33:06.826818-05	5	Profile object (5)	3		7	2
17	2023-09-28 22:33:06.828234-05	4	Profile object (4)	3		7	2
18	2023-09-28 22:33:06.829629-05	3	Profile object (3)	3		7	2
19	2023-09-28 22:36:32.751264-05	7	Asesor1	2	[{"changed": {"fields": ["Groups"]}}]	9	2
20	2023-09-28 22:36:40.724619-05	8	Asesor2	2	[{"changed": {"fields": ["Groups"]}}]	9	2
21	2023-09-28 22:36:45.959576-05	9	Asesor3	2	[{"changed": {"fields": ["Groups"]}}]	9	2
22	2023-09-29 20:00:02.425772-05	2	qwerty	2	[{"changed": {"fields": ["Groups"]}}]	9	2
23	2023-10-11 13:38:04.339821-05	6	Escolar	3		12	1
24	2023-10-11 13:38:04.345003-05	5	Invierno	3		12	1
25	2023-10-11 13:38:04.346011-05	4	Primavera	3		12	1
26	2023-10-11 13:38:04.347011-05	3	Otoño	3		12	1
27	2023-10-11 13:38:04.348011-05	2	Verano	3		12	1
28	2023-10-11 13:38:04.349018-05	1	Navidad	3		12	1
29	2023-10-11 13:40:36.424406-05	3	asesor c	3		13	1
30	2023-10-11 13:40:36.430079-05	2	asesor b	3		13	1
31	2023-10-11 13:40:36.431159-05	1	asesor a	3		13	1
32	2023-10-22 12:02:44.285354-05	6	Andrew	2	[{"changed": {"fields": ["HoraRecepcion"]}}]	15	1
33	2023-10-22 12:22:53.382544-05	11	Julian	3		15	1
34	2023-10-22 12:22:53.387397-05	10	Oliver	3		15	1
35	2023-10-22 12:22:53.38894-05	9	Juan	3		15	1
36	2023-10-22 12:33:14.146799-05	8	Dieguillo	3		15	1
37	2023-10-22 12:33:14.152799-05	7	Jesus	3		15	1
38	2023-10-22 12:33:14.153799-05	6	Andrew	3		15	1
39	2023-10-22 12:33:14.15533-05	5		3		15	1
40	2023-10-22 12:33:14.157364-05	4		3		15	1
41	2023-10-22 12:33:14.158373-05	3	Jaimito	3		15	1
42	2023-10-22 12:33:14.160365-05	2	BRIAN	3		15	1
43	2023-10-22 12:39:15.053774-05	16		3		15	1
44	2023-10-22 12:39:15.05827-05	15		3		15	1
45	2023-10-22 12:39:15.059958-05	14		3		15	1
46	2023-10-22 12:39:15.060464-05	13	Jesus	3		15	1
47	2023-10-22 12:39:15.061477-05	12	Andrew	3		15	1
48	2023-10-22 12:49:49.114813-05	21		3		15	1
49	2023-10-22 12:49:49.119147-05	20		3		15	1
50	2023-10-22 12:49:49.120718-05	19		3		15	1
51	2023-10-22 12:49:49.121326-05	18	Jesus	3		15	1
52	2023-10-22 12:49:49.12329-05	17	Andrew	3		15	1
53	2023-10-22 12:52:25.056428-05	26		3		15	1
54	2023-10-22 12:52:25.061431-05	25		3		15	1
55	2023-10-22 12:52:25.062961-05	24		3		15	1
56	2023-10-22 12:52:25.063976-05	23	Jesus	3		15	1
57	2023-10-22 12:52:25.064972-05	22	Andrew	3		15	1
58	2023-10-22 12:55:18.217172-05	31		3		15	1
59	2023-10-22 12:55:18.223917-05	30		3		15	1
60	2023-10-22 12:55:18.224918-05	29		3		15	1
61	2023-10-22 12:55:18.225908-05	28	Jesus	3		15	1
62	2023-10-22 12:55:18.226999-05	27	Andrew	3		15	1
63	2023-10-22 12:57:00.561244-05	36		3		15	1
64	2023-10-22 12:57:00.565197-05	35		3		15	1
65	2023-10-22 12:57:00.566245-05	34		3		15	1
66	2023-10-22 12:57:00.567243-05	33	Jesus	3		15	1
67	2023-10-22 12:57:00.569252-05	32	Andrew	3		15	1
68	2023-10-22 12:58:16.046502-05	41		3		15	1
69	2023-10-22 12:58:16.052578-05	40		3		15	1
70	2023-10-22 12:58:16.053577-05	39		3		15	1
71	2023-10-22 12:58:16.055588-05	38	Jesus	3		15	1
72	2023-10-22 12:58:16.055588-05	37	Andrew	3		15	1
73	2023-10-22 13:34:28.457703-05	48		3		15	1
74	2023-10-22 13:36:30.069402-05	49		3		15	1
75	2023-10-22 13:37:15.514712-05	50		3		15	1
76	2023-10-22 13:38:44.195929-05	51		3		15	1
77	2023-10-22 13:45:02.219609-05	54		3		15	1
78	2023-10-22 13:45:02.223563-05	53		3		15	1
79	2023-10-22 13:45:02.224615-05	52		3		15	1
80	2023-10-22 13:46:36.966026-05	55		3		15	1
81	2023-10-22 13:47:14.531493-05	56		3		15	1
82	2023-10-22 13:48:22.657794-05	47	Dieguillo	3		15	1
83	2023-10-22 13:48:22.664238-05	46		3		15	1
84	2023-10-22 13:48:22.666201-05	45		3		15	1
85	2023-10-22 13:48:22.667764-05	44		3		15	1
86	2023-10-22 13:48:22.669294-05	43	Jesus	3		15	1
87	2023-10-22 13:48:22.670918-05	42	Andrew	3		15	1
88	2023-10-22 20:22:39.279444-05	65	Julian	2	[{"changed": {"fields": ["Asignado", "Asesor"]}}]	15	1
89	2023-10-22 20:22:47.615114-05	64	Oliver	2	[{"changed": {"fields": ["Asignado", "Asesor"]}}]	15	1
90	2023-10-22 20:36:33.856793-05	4	ASESOR_A	2	[{"changed": {"fields": ["NumeroLeads"]}}]	13	1
91	2023-10-22 20:36:40.783091-05	5	ASESOR_B	2	[{"changed": {"fields": ["NumeroLeads"]}}]	13	1
92	2023-10-22 20:36:46.434047-05	6	ASESOR_C	2	[{"changed": {"fields": ["NumeroLeads"]}}]	13	1
93	2023-10-22 20:46:57.785192-05	57	Andrew	3		15	1
94	2023-12-10 23:01:11.217337-05	6	Gestion de eventos	1	[{"added": {}}]	8	1
95	2023-12-10 23:10:42.373713-05	7	Gestión de asesores lead	1	[{"added": {}}]	8	1
96	2023-12-10 23:16:01.540078-05	1	Gestion de leads	2	[{"changed": {"fields": ["Url"]}}]	8	1
97	2023-12-10 23:16:15.540934-05	2	Gestion de campañas	2	[{"changed": {"fields": ["Url"]}}]	8	1
98	2023-12-10 23:16:41.84008-05	3	Gestion de roles	2	[{"changed": {"fields": ["Url"]}}]	8	1
99	2023-12-10 23:16:46.254096-05	4	Gestión de asesores	2	[{"changed": {"fields": ["Url"]}}]	8	1
100	2023-12-10 23:16:50.946415-05	5	Gestion de usuarios	2	[{"changed": {"fields": ["Url"]}}]	8	1
101	2023-12-10 23:16:55.637348-05	6	Gestion de eventos	2	[{"changed": {"fields": ["Url"]}}]	8	1
102	2023-12-10 23:17:04.842496-05	7	Gestión de asesores lead	2	[{"changed": {"fields": ["Url"]}}]	8	1
103	2023-12-10 23:17:32.090879-05	2	Gestion de campañas	2	[]	8	1
104	2023-12-10 23:17:41.617737-05	1	Gestion de marketing leads	2	[{"changed": {"fields": ["Nombre"]}}]	8	1
105	2023-12-10 23:17:49.48224-05	7	Gestión de asesor lead	2	[{"changed": {"fields": ["Nombre"]}}]	8	1
106	2023-12-10 23:18:02.52853-05	1	Gestion de marketing lead	2	[{"changed": {"fields": ["Nombre"]}}]	8	1
107	2023-12-10 23:18:05.798967-05	1	Gestion de marketing lead	2	[]	8	1
108	2023-12-10 23:18:09.434384-05	7	Gestión de asesor lead	2	[]	8	1
109	2023-12-10 23:20:21.718156-05	2	Gestion de campañas	2	[{"changed": {"fields": ["Url"]}}]	8	1
110	2023-12-10 23:29:49.194224-05	7	Gestión de leads	2	[{"changed": {"fields": ["Nombre"]}}]	8	1
111	2023-12-10 23:29:55.982526-05	1	Gestion de marketing lead	3		8	1
112	2023-12-10 23:34:11.696824-05	7	Gestión de leads	2	[{"changed": {"fields": ["Url"]}}]	8	1
113	2023-12-10 23:34:18.098547-05	6	Gestion de eventos	2	[]	8	1
114	2023-12-10 23:34:20.745059-05	5	Gestion de usuarios	2	[]	8	1
115	2023-12-10 23:34:23.507148-05	4	Gestión de asesores	2	[]	8	1
116	2023-12-10 23:34:25.533787-05	3	Gestion de roles	2	[]	8	1
117	2023-12-10 23:34:27.706564-05	2	Gestion de campañas	2	[]	8	1
118	2023-12-18 23:01:05.025009-05	1	Departamento	1	[{"added": {}}]	18	1
119	2023-12-18 23:01:23.750757-05	2	Cochera	1	[{"added": {}}]	18	1
120	2023-12-18 23:01:34.582496-05	3	Depósito	1	[{"added": {}}]	18	1
121	2023-12-18 23:01:41.770486-05	4	Condominio	1	[{"added": {}}]	18	1
122	2023-12-18 23:02:11.311774-05	1	Inicial	1	[{"added": {}}]	19	1
123	2023-12-18 23:02:22.986733-05	2	Obra culminada	1	[{"added": {}}]	19	1
124	2023-12-18 23:02:30.413173-05	3	Credito	1	[{"added": {}}]	19	1
125	2023-12-18 23:02:37.857042-05	3	Crédito	2	[{"changed": {"fields": ["Nombre"]}}]	19	1
126	2023-12-18 23:02:58.019582-05	1	Pago Contado	1	[{"added": {}}]	21	1
127	2023-12-18 23:03:09.38226-05	2	Crédito Hipotecario	1	[{"added": {}}]	21	1
128	2023-12-18 23:03:16.939499-05	3	Pago 18 meses	1	[{"added": {}}]	21	1
129	2023-12-18 23:09:14.244288-05	1	Departamento 1	1	[{"added": {}}]	22	1
130	2023-12-18 23:09:46.668272-05	2	Departamento 2	1	[{"added": {}}]	22	1
131	2023-12-18 23:11:44.316664-05	3	Estacionamiento carpor 1	1	[{"added": {}}]	22	1
132	2023-12-18 23:12:22.418914-05	4	Estacionamiento semi 2	1	[{"added": {}}]	22	1
133	2023-12-18 23:13:01.772857-05	5	Depósito 1	1	[{"added": {}}]	22	1
134	2023-12-18 23:13:40.358706-05	6	Depósito 2	1	[{"added": {}}]	22	1
135	2023-12-18 23:14:58.330376-05	1	Pago Contado	1	[{"added": {}}]	14	1
136	2023-12-18 23:15:32.660193-05	2	Crédito hipotecario	1	[{"added": {}}]	14	1
137	2023-12-18 23:15:53.446572-05	3	Pago 18 meses	1	[{"added": {}}]	14	1
138	2023-12-18 23:22:54.117725-05	1	Inicial	1	[{"added": {}}]	20	1
139	2023-12-18 23:23:00.571624-05	2	Obra culminada	1	[{"added": {}}]	20	1
140	2023-12-18 23:23:06.054277-05	3	Crédito	1	[{"added": {}}]	20	1
141	2023-12-18 23:23:29.638202-05	1	Llamada	2	[{"changed": {"fields": ["Nombre"]}}]	19	1
142	2023-12-18 23:23:36.313745-05	2	Visita	2	[{"changed": {"fields": ["Nombre"]}}]	19	1
143	2023-12-18 23:23:43.102154-05	3	Firma contrato	2	[{"changed": {"fields": ["Nombre"]}}]	19	1
144	2023-12-18 23:35:16.499471-05	7	Inicial	1	[{"added": {}}]	27	1
145	2023-12-18 23:42:06.93822-05	8	Pago Contado -  Cuota 2: Obra culminada	1	[{"added": {}}]	27	1
146	2023-12-18 23:42:15.082735-05	8	Pago Contado -  Cuota 2: Crédito	2	[{"changed": {"fields": ["Tipo"]}}]	27	1
147	2023-12-18 23:43:20.393508-05	1	Automático	2	[{"changed": {"fields": ["Nombre"]}}]	20	1
148	2023-12-18 23:43:35.156823-05	2	Periodo	2	[{"changed": {"fields": ["Nombre"]}}]	20	1
149	2023-12-18 23:43:47.481205-05	3	Periodo aproximado	2	[{"changed": {"fields": ["Nombre"]}}]	20	1
150	2023-12-18 23:43:57.785098-05	4	Estático	1	[{"added": {}}]	20	1
151	2023-12-18 23:44:26.684915-05	8	Pago Contado -  Cuota 2: Periodo	2	[{"changed": {"fields": ["Tipo"]}}]	27	1
152	2023-12-18 23:44:49.818377-05	9	Pago Contado -  Cuota 3: Periodo aproximado	1	[{"added": {}}]	27	1
153	2023-12-18 23:47:37.907978-05	1	Precio object (1)	1	[{"added": {}}]	23	1
154	2023-12-18 23:48:45.317389-05	2	Pago Contado - Cochera	1	[{"added": {}}]	23	1
155	2023-12-18 23:48:58.292137-05	3	Pago Contado - Depósito	1	[{"added": {}}]	23	1
156	2023-12-18 23:50:18.320272-05	10	Crédito Hipotecario -  Cuota 1: Automático	1	[{"added": {}}]	27	1
157	2023-12-18 23:51:42.354337-05	11	Crédito Hipotecario -  Cuota 2: Periodo	1	[{"added": {}}]	27	1
158	2023-12-18 23:52:07.690271-05	10	Crédito Hipotecario -  Cuota 1: Automático	2	[{"changed": {"fields": ["Porcentaje"]}}]	27	1
159	2023-12-18 23:53:10.355171-05	12	Crédito Hipotecario -  Cuota 3: Estático	1	[{"added": {}}]	27	1
160	2023-12-18 23:54:32.71542-05	9	Pago Contado -  Cuota 3: Estático	2	[{"changed": {"fields": ["Tipo", "Tiempo", "Fecha"]}}]	27	1
161	2023-12-18 23:55:28.924051-05	13	Pago 18 meses -  Cuota 1: Automático	1	[{"added": {}}]	27	1
162	2023-12-18 23:56:07.952434-05	14	Pago 18 meses -  Cuota 2: Periodo	1	[{"added": {}}]	27	1
163	2023-12-18 23:56:28.461357-05	15	Pago 18 meses -  Cuota 3: Periodo	1	[{"added": {}}]	27	1
164	2023-12-18 23:57:00.181138-05	16	Pago 18 meses -  Cuota 4: Periodo aproximado	1	[{"added": {}}]	27	1
\.


--
-- Data for Name: django_content_type; Type: TABLE DATA; Schema: public; Owner: postgres
--

COPY public.django_content_type (id, app_label, model) FROM stdin;
1	admin	logentry
2	auth	permission
3	auth	group
4	contenttypes	contenttype
5	sessions	session
6	cuenta	estadoregistro
7	cuenta	profile
8	cuenta	modulo
9	cuenta	user
10	marketing	proyecto
11	marketing	categoria
12	marketing	campania
13	ventas	asesor
14	ventas	cotizacion
15	ventas	estadolead
16	ventas	lead
17	ventas	whatsapp
18	ventas	tipoproducto
19	ventas	tipoevento
20	ventas	tipocuota
21	ventas	tipocotizacion
22	ventas	proyectotipoproducto
23	ventas	producto
24	ventas	precio
25	ventas	objecion
26	ventas	llamada
27	ventas	evento
28	ventas	cuota
29	token_blacklist	blacklistedtoken
30	token_blacklist	outstandingtoken
\.


--
-- Data for Name: django_migrations; Type: TABLE DATA; Schema: public; Owner: postgres
--

COPY public.django_migrations (id, app, name, applied) FROM stdin;
1	contenttypes	0001_initial	2023-12-29 13:37:42.421168-05
2	contenttypes	0002_remove_content_type_name	2023-12-29 13:37:42.435146-05
3	auth	0001_initial	2023-12-29 13:37:42.486233-05
4	auth	0002_alter_permission_name_max_length	2023-12-29 13:37:42.495104-05
5	auth	0003_alter_user_email_max_length	2023-12-29 13:37:42.50516-05
6	auth	0004_alter_user_username_opts	2023-12-29 13:37:42.514026-05
7	auth	0005_alter_user_last_login_null	2023-12-29 13:37:42.52284-05
8	auth	0006_require_contenttypes_0002	2023-12-29 13:37:42.530475-05
9	auth	0007_alter_validators_add_error_messages	2023-12-29 13:37:42.541961-05
10	auth	0008_alter_user_username_max_length	2023-12-29 13:37:42.555972-05
11	auth	0009_alter_user_last_name_max_length	2023-12-29 13:37:42.571437-05
12	auth	0010_alter_group_name_max_length	2023-12-29 13:37:42.584638-05
13	auth	0011_update_proxy_permissions	2023-12-29 13:37:42.600966-05
14	auth	0012_alter_user_first_name_max_length	2023-12-29 13:37:42.611294-05
15	cuenta	0001_initial	2023-12-29 13:37:42.699862-05
16	admin	0001_initial	2023-12-29 13:37:42.726593-05
17	admin	0002_logentry_remove_auto_add	2023-12-29 13:37:42.745224-05
18	admin	0003_logentry_add_action_flag_choices	2023-12-29 13:37:42.770016-05
19	marketing	0001_initial	2023-12-29 13:37:42.856108-05
20	sessions	0001_initial	2023-12-29 13:37:42.871448-05
21	token_blacklist	0001_initial	2023-12-29 13:37:42.920442-05
22	token_blacklist	0002_outstandingtoken_jti_hex	2023-12-29 13:37:42.930893-05
23	token_blacklist	0003_auto_20171017_2007	2023-12-29 13:37:42.951489-05
24	token_blacklist	0004_auto_20171017_2013	2023-12-29 13:37:42.968349-05
25	token_blacklist	0005_remove_outstandingtoken_jti	2023-12-29 13:37:42.980962-05
26	token_blacklist	0006_auto_20171017_2113	2023-12-29 13:37:43.002156-05
27	token_blacklist	0007_auto_20171017_2214	2023-12-29 13:37:43.032081-05
28	token_blacklist	0008_migrate_to_bigautofield	2023-12-29 13:37:43.077263-05
29	token_blacklist	0010_fix_migrate_to_bigautofield	2023-12-29 13:37:43.150339-05
30	token_blacklist	0011_linearizes_history	2023-12-29 13:37:43.158831-05
31	token_blacklist	0012_alter_outstandingtoken_user	2023-12-29 13:37:43.174976-05
32	ventas	0001_initial	2023-12-29 13:37:43.673809-05
\.


--
-- Data for Name: django_session; Type: TABLE DATA; Schema: public; Owner: postgres
--

COPY public.django_session (session_key, session_data, expire_date) FROM stdin;
iw3o7a3a20chnn5recx241af4slqmztb	.eJxVjDsOwjAQBe_iGlleY_yhpOcM1q53jQMokeKkQtwdIqWA9s3Me6mM69Ly2mXOA6uzsurwuxGWh4wb4DuOt0mXaVzmgfSm6J12fZ1Ynpfd_Tto2Nu3TtWSWHRQg6scT0dOMRAUiB4gUXVgYiFfgbmIFxfQSiWTPGAKJop6fwDv9zhA:1qliFL:OKbHP2VIWcMGCEe-UgR1YrI-HstinO_J_4DNuBkc-qY	2023-10-11 23:03:27.192767-05
37f4n6sphsec7oswti59elchrw7tgrf3	.eJxVjDsOwjAQBe_iGlleY_yhpOcM1q53jQMokeKkQtwdIqWA9s3Me6mM69Ly2mXOA6uzsurwuxGWh4wb4DuOt0mXaVzmgfSm6J12fZ1Ynpfd_Tto2Nu3TtWSWHRQg6scT0dOMRAUiB4gUXVgYiFfgbmIFxfQSiWTPGAKJop6fwDv9zhA:1qoREP:q_8oLr5QClD83MTPwh4kzLrqI6oSPrhSNc-IpYyNe7s	2023-10-19 11:29:45.844214-05
77kbso3539trzfzs20cekl6gk8rfj5ln	.eJxVjEEOwiAQRe_C2hAGylBcuvcMZGBAqoYmpV0Z765NutDtf-_9lwi0rTVsPS9hYnEWIE6_W6T0yG0HfKd2m2Wa27pMUe6KPGiX15nz83K4fweVev3WtmjwPg7gEKFol9ApcD6DSqgtGIDBJK-NKsQJWZtRIRW0cQTriJV4fwCjxzZ1:1qqe2U:LFY7opKKwPIW2KKcM4vD42p-zKfqlb2ZelnRxghwK64	2023-10-25 13:34:34.953156-05
lv0bpy4j8js3o674caxyk73f3omcnqdb	.eJxVjEEOwiAQRe_C2hAGylBcuvcMZGBAqoYmpV0Z765NutDtf-_9lwi0rTVsPS9hYnEWIE6_W6T0yG0HfKd2m2Wa27pMUe6KPGiX15nz83K4fweVev3WtmjwPg7gEKFol9ApcD6DSqgtGIDBJK-NKsQJWZtRIRW0cQTriJV4fwCjxzZ1:1quaKd:BJVN_hkWyJGl5nNEnhcE10-5rfvwMXBxI7DDYtL1u5I	2023-11-05 10:25:35.204856-05
jp124q4bmx473ieanv3hkvv2jd8ft7vj	.eJxVjEEOwiAQRe_C2hAGylBcuvcMZGBAqoYmpV0Z765NutDtf-_9lwi0rTVsPS9hYnEWIE6_W6T0yG0HfKd2m2Wa27pMUe6KPGiX15nz83K4fweVev3WtmjwPg7gEKFol9ApcD6DSqgtGIDBJK-NKsQJWZtRIRW0cQTriJV4fwCjxzZ1:1rCX45:1C1ul5x8RJSuXJntlHewGWaae9TbnWtbdLwL6dkVfMQ	2023-12-24 22:34:41.075707-05
\.


--
-- Data for Name: marketing_campania; Type: TABLE DATA; Schema: public; Owner: postgres
--

COPY public.marketing_campania (id, nombre, codigo, fecha_creacion, fecha_estimada, fecha_cierre, coste_estimado, coste_real, descripcion, categoria_id, estado_id, proyecto_id) FROM stdin;
7	Campaña navideña - Alamos - Online- Facebook	campañanavideña-alamos-online-facebook_facebook_10_7	2023-10-11 13:39:07.030298-05	2023-10-11	2023-10-31	1200	1200		1	A	2
8	Campaña fisica - Alamos	campañafisica-alamos_bolante_10_8	2023-10-11 13:39:57.41461-05	2023-10-11	2023-10-24	300	300		3	A	2
\.


--
-- Data for Name: marketing_categoria; Type: TABLE DATA; Schema: public; Owner: postgres
--

COPY public.marketing_categoria (id, nombre, estado_id) FROM stdin;
1	Facebook	A
2	WhatsApp	A
4	Cartel	A
3	Bolante	A
\.


--
-- Data for Name: marketing_proyecto; Type: TABLE DATA; Schema: public; Owner: postgres
--

COPY public.marketing_proyecto (id, nombre, ubicacion, descripcion, estado_id) FROM stdin;
1	Socabaya	socabaya	descripcion.....	A
2	Alamos	Arequipa	blablabla	A
3	Yanahuara	Arequipa - Yanahuara	blablablaaaa	A
\.


--
-- Data for Name: token_blacklist_blacklistedtoken; Type: TABLE DATA; Schema: public; Owner: postgres
--

COPY public.token_blacklist_blacklistedtoken (id, blacklisted_at, token_id) FROM stdin;
\.


--
-- Data for Name: token_blacklist_outstandingtoken; Type: TABLE DATA; Schema: public; Owner: postgres
--

COPY public.token_blacklist_outstandingtoken (id, token, created_at, expires_at, user_id, jti) FROM stdin;
1	eyJhbGciOiJIUzI1NiIsInR5cCI6IkpXVCJ9.eyJ0b2tlbl90eXBlIjoicmVmcmVzaCIsImV4cCI6MTY5NzEzNTc0MSwiaWF0IjoxNjk3MDQ5MzQxLCJqdGkiOiJjZTY0NDY3YjIxNTg0YzdiODFjMmMwOWNiYzMxYWI2YyIsInVzZXJfaWQiOjF9.b5tS4grG2PR2Slt6H5DWV1HY0eWaDh5i8vjWCuX0NeA	2023-10-11 13:35:41.745409-05	2023-10-12 13:35:41-05	1	ce64467b21584c7b81c2c09cbc31ab6c
2	eyJhbGciOiJIUzI1NiIsInR5cCI6IkpXVCJ9.eyJ0b2tlbl90eXBlIjoicmVmcmVzaCIsImV4cCI6MTY5NzEzNTc3NywiaWF0IjoxNjk3MDQ5Mzc3LCJqdGkiOiIzODU5YjgzNmIzMWM0YjYxYjY5ZDM3ZGU3NDAwMTQ0MCIsInVzZXJfaWQiOjF9.pHbf1Z8xusuDl-8mjB981nnw__3TZ5ymXPqrlxWG6bA	2023-10-11 13:36:17.920954-05	2023-10-12 13:36:17-05	1	3859b836b31c4b61b69d37de74001440
3	eyJhbGciOiJIUzI1NiIsInR5cCI6IkpXVCJ9.eyJ0b2tlbl90eXBlIjoicmVmcmVzaCIsImV4cCI6MTY5ODA3NDA5NiwiaWF0IjoxNjk3OTg3Njk2LCJqdGkiOiIzZDlhODBiZjYwODY0YWQwODQ5M2JkZjZiZTYzZDVkYSIsInVzZXJfaWQiOjF9.28P7BAvrJlrTUCKMNYpJOx_zJuuc1yYnWH3sD2Eqh0M	2023-10-22 10:14:56.983154-05	2023-10-23 10:14:56-05	1	3d9a80bf60864ad08493bdf6be63d5da
4	eyJhbGciOiJIUzI1NiIsInR5cCI6IkpXVCJ9.eyJ0b2tlbl90eXBlIjoicmVmcmVzaCIsImV4cCI6MTcwMTk5MjkxOCwiaWF0IjoxNzAxOTA2NTE4LCJqdGkiOiI5NmRmNzM0OTZkODQ0YWI2YjIxM2U4NWUwYWQ4Yjg2MCIsInVzZXJfaWQiOjF9.VAhwy6qXLMftV485aBE6Bvgyjqj43I5OvgyAq6qQtUY	2023-12-06 18:48:38.99438-05	2023-12-07 18:48:38-05	1	96df73496d844ab6b213e85e0ad8b860
5	eyJhbGciOiJIUzI1NiIsInR5cCI6IkpXVCJ9.eyJ0b2tlbl90eXBlIjoicmVmcmVzaCIsImV4cCI6MTcwMTk5MzMyMiwiaWF0IjoxNzAxOTA2OTIyLCJqdGkiOiJkM2M1M2I2ZDc0NzA0ZDBkYTM2YmQ4OWM1NzdmMjQ4NSIsInVzZXJfaWQiOjF9.hdSiVBtXbiUXz6njARaZI_oyTHQ478d0Nrxx9NZb6Jg	2023-12-06 18:55:22.97325-05	2023-12-07 18:55:22-05	1	d3c53b6d74704d0da36bd89c577f2485
6	eyJhbGciOiJIUzI1NiIsInR5cCI6IkpXVCJ9.eyJ0b2tlbl90eXBlIjoicmVmcmVzaCIsImV4cCI6MTcwMjM1MDkxNywiaWF0IjoxNzAyMjY0NTE3LCJqdGkiOiJhMWNhNmQ3ODBjMjA0OTcyYjg5MDM5NTZjODI1OTk2OSIsInVzZXJfaWQiOjF9.x2_guouIvoeEp6-B-5WyA9wfH4LZMTvSM0iJb91j8Bk	2023-12-10 22:15:17.899295-05	2023-12-11 22:15:17-05	1	a1ca6d780c204972b8903956c8259969
7	eyJhbGciOiJIUzI1NiIsInR5cCI6IkpXVCJ9.eyJ0b2tlbl90eXBlIjoicmVmcmVzaCIsImV4cCI6MTcwMjM1MTYxMywiaWF0IjoxNzAyMjY1MjEzLCJqdGkiOiI4NGYyN2QwOWQ4YmY0MDk1YmU3ZDYyMjg5YjUwYzEwNyIsInVzZXJfaWQiOjEzfQ.8lFZ3pZ-nXD2I8n5hLsUj-ZMyr8eUaSdtpvW1V2axk8	2023-12-10 22:26:53.761826-05	2023-12-11 22:26:53-05	13	84f27d09d8bf4095be7d62289b50c107
8	eyJhbGciOiJIUzI1NiIsInR5cCI6IkpXVCJ9.eyJ0b2tlbl90eXBlIjoicmVmcmVzaCIsImV4cCI6MTcwMjM1MTc0MSwiaWF0IjoxNzAyMjY1MzQxLCJqdGkiOiIyMDM3Y2M2ZWMzN2M0MmM2OTU2ZTE3MDdiMThiMWQzZSIsInVzZXJfaWQiOjE0fQ.rjkgn--GCPgw6aHJhCuWV4i6FoI3NMGBVLGCr0iBKGk	2023-12-10 22:29:01.159321-05	2023-12-11 22:29:01-05	14	2037cc6ec37c42c6956e1707b18b1d3e
9	eyJhbGciOiJIUzI1NiIsInR5cCI6IkpXVCJ9.eyJ0b2tlbl90eXBlIjoicmVmcmVzaCIsImV4cCI6MTcwMjM1MTc1MSwiaWF0IjoxNzAyMjY1MzUxLCJqdGkiOiIzZGRkOTg1ZjBiZmI0NzViYTc2ZDJjZjQ0ZjBlZTdlMiIsInVzZXJfaWQiOjE0fQ.y9_cD7ExPxrlZ4ovLJdLig9FGqBOqeQE7uDd9PeGbI8	2023-12-10 22:29:11.449476-05	2023-12-11 22:29:11-05	14	3ddd985f0bfb475ba76d2cf44f0ee7e2
10	eyJhbGciOiJIUzI1NiIsInR5cCI6IkpXVCJ9.eyJ0b2tlbl90eXBlIjoicmVmcmVzaCIsImV4cCI6MTcwMjM1MTc5OCwiaWF0IjoxNzAyMjY1Mzk4LCJqdGkiOiI5ZjY1NTM4ZTE5YWI0NWIwOWUyMDliNDIxOGVjZWQyZSIsInVzZXJfaWQiOjE0fQ.vP5oiygqybu9eWGFWm-k_FSUnGl8cIEkBriHfT_YU4A	2023-12-10 22:29:58.085154-05	2023-12-11 22:29:58-05	14	9f65538e19ab45b09e209b4218eced2e
11	eyJhbGciOiJIUzI1NiIsInR5cCI6IkpXVCJ9.eyJ0b2tlbl90eXBlIjoicmVmcmVzaCIsImV4cCI6MTcwMjM1MTgzNCwiaWF0IjoxNzAyMjY1NDM0LCJqdGkiOiI0ZTdhNWRmNTZjYWI0NDM2ODlhOGJlYmRlZWI4Zjc2OCIsInVzZXJfaWQiOjE0fQ.cGYZRQS4Ss3gqyg0nP3KSLeagDt0F_B_lWudESpLXao	2023-12-10 22:30:34.523695-05	2023-12-11 22:30:34-05	14	4e7a5df56cab443689a8bebdeeb8f768
12	eyJhbGciOiJIUzI1NiIsInR5cCI6IkpXVCJ9.eyJ0b2tlbl90eXBlIjoicmVmcmVzaCIsImV4cCI6MTcwMjM1MTk2NywiaWF0IjoxNzAyMjY1NTY3LCJqdGkiOiJkZjliMGYyNGZkNDc0NDUwOTk3NTE3ODc2ZWNiZWRiMCIsInVzZXJfaWQiOjF9.49YWzpJjCC9mfl9Wxou029XWxnnieu57O1xKuswBjpE	2023-12-10 22:32:47.387741-05	2023-12-11 22:32:47-05	1	df9b0f24fd474450997517876ecbedb0
13	eyJhbGciOiJIUzI1NiIsInR5cCI6IkpXVCJ9.eyJ0b2tlbl90eXBlIjoicmVmcmVzaCIsImV4cCI6MTcwMjM1MjAxMCwiaWF0IjoxNzAyMjY1NjEwLCJqdGkiOiIyZTJmYWYxOTExYmM0N2UzOTI0Yjk5OWUzNjdhNjI5ZCIsInVzZXJfaWQiOjE0fQ.tOGLnU8T_NcYorKUnfZxh3JFNbLn2vOt3VeQvO9iiqE	2023-12-10 22:33:30.508507-05	2023-12-11 22:33:30-05	14	2e2faf1911bc47e3924b999e367a629d
14	eyJhbGciOiJIUzI1NiIsInR5cCI6IkpXVCJ9.eyJ0b2tlbl90eXBlIjoicmVmcmVzaCIsImV4cCI6MTcwMjM1NDI2MCwiaWF0IjoxNzAyMjY3ODYwLCJqdGkiOiJmOTBjMTA4ZDQ3MGQ0MWNmOGY2YzNhMmU4ZWUyMDk1ZSIsInVzZXJfaWQiOjF9.tRCzAwTJwOKjd9jSBnICfL2ZU5PqxuJMG7J4og2W-YU	2023-12-10 23:11:00.692321-05	2023-12-11 23:11:00-05	1	f90c108d470d41cf8f6c3a2e8ee2095e
15	eyJhbGciOiJIUzI1NiIsInR5cCI6IkpXVCJ9.eyJ0b2tlbl90eXBlIjoicmVmcmVzaCIsImV4cCI6MTcwMjM1NDc0MSwiaWF0IjoxNzAyMjY4MzQxLCJqdGkiOiIzYzVkYTE0N2VmMzE0OGE4OTc0ZDFlY2NhOTQ4YTViNSIsInVzZXJfaWQiOjF9.ND_-DzYpeirdwkn1dbfGM2Yy9UXdRdqbgjpoKvkMlpk	2023-12-10 23:19:01.059383-05	2023-12-11 23:19:01-05	1	3c5da147ef3148a8974d1ecca948a5b5
16	eyJhbGciOiJIUzI1NiIsInR5cCI6IkpXVCJ9.eyJ0b2tlbl90eXBlIjoicmVmcmVzaCIsImV4cCI6MTcwMjM1NDgzMywiaWF0IjoxNzAyMjY4NDMzLCJqdGkiOiI5M2EwY2QzMzJkNjc0MzA0YWRjNWU2MGM2NDZhNTBlOSIsInVzZXJfaWQiOjF9.mN6lRm7TRbxQdJBjhKNWoh9KOLRjGUGmqHSesxM4LI0	2023-12-10 23:20:33.082698-05	2023-12-11 23:20:33-05	1	93a0cd332d674304adc5e60c646a50e9
17	eyJhbGciOiJIUzI1NiIsInR5cCI6IkpXVCJ9.eyJ0b2tlbl90eXBlIjoicmVmcmVzaCIsImV4cCI6MTcwMjM1NTQxNywiaWF0IjoxNzAyMjY5MDE3LCJqdGkiOiI0MzY1ZGI4OTk5OWE0MjVmOWNhZmNmYjBlYTE4Y2M5NCIsInVzZXJfaWQiOjF9.l6GmMO4-4JmRnFoTgjB7A-UmA4jlcbJs5p0sR3CTDAk	2023-12-10 23:30:17.478449-05	2023-12-11 23:30:17-05	1	4365db89999a425f9cafcfb0ea18cc94
18	eyJhbGciOiJIUzI1NiIsInR5cCI6IkpXVCJ9.eyJ0b2tlbl90eXBlIjoicmVmcmVzaCIsImV4cCI6MTcwMjM1NTY3NiwiaWF0IjoxNzAyMjY5Mjc2LCJqdGkiOiI1YmZjN2Y4MjRkYjU0ZTQwOTdhMDM2N2U1MjA4OGNlMSIsInVzZXJfaWQiOjF9.TWD1fBDsZ0U8O3JbOpL92V29BB0VzSTgdNJ-Ji9RZTo	2023-12-10 23:34:36.138252-05	2023-12-11 23:34:36-05	1	5bfc7f824db54e4097a0367e52088ce1
\.


--
-- Data for Name: ventas_asesor; Type: TABLE DATA; Schema: public; Owner: postgres
--

COPY public.ventas_asesor (id, codigo, "numeroLeads", "maximoLeads", "fechaCreado", "fechaActualizado", estado_id, user_id) FROM stdin;
5	ASESOR_B	0	-1	2023-10-11 13:41:07.994231-05	2023-10-22 20:36:40.775033-05	A	8
6	ASESOR_C	0	10	2023-10-11 13:41:16.896662-05	2023-10-22 20:36:46.431552-05	A	9
4	ASESOR_A	0	10	2023-10-11 13:40:56.615997-05	2023-12-10 22:36:49.829904-05	A	7
\.


--
-- Data for Name: ventas_cotizacion; Type: TABLE DATA; Schema: public; Owner: postgres
--

COPY public.ventas_cotizacion (id, nombre, fecha, duracion, estado_id, proyecto_id, tipo_id) FROM stdin;
1	Pago Contado	2023-12-18 23:14:51-05	4	A	1	1
2	Crédito hipotecario	2023-12-18 23:15:25-05	4	A	1	2
3	Pago 18 meses	2023-12-18 23:15:48-05	4	A	1	3
\.


--
-- Data for Name: ventas_cuota; Type: TABLE DATA; Schema: public; Owner: postgres
--

COPY public.ventas_cuota (id, numero, tiempo, porcentaje, fecha, cotizacion_id, estado_id, tipo_id) FROM stdin;
7	1	0	40	\N	1	A	1
8	2	6	50	\N	1	A	2
11	2	6	25	\N	2	A	2
10	1	0	25	\N	2	A	1
12	3	0	50	2024-02-29 23:53:03-05	2	A	4
9	3	0	10	2024-02-22 23:54:29-05	1	A	4
13	1	0	25	\N	3	A	1
14	2	6	25	\N	3	A	2
15	3	0	0	\N	3	A	2
16	4	6	0	\N	3	A	3
\.


--
-- Data for Name: ventas_estadolead; Type: TABLE DATA; Schema: public; Owner: postgres
--

COPY public.ventas_estadolead (nombre, descripcion, estado_id) FROM stdin;
NR	No responde	A
EP	En proceso	A
FR	Frio	A
TB	Tibio	A
CH	Caliente	A
SE	Separaciones	A
CI	Cierre	A
\.


--
-- Data for Name: ventas_evento; Type: TABLE DATA; Schema: public; Owner: postgres
--

COPY public.ventas_evento (id, titulo, duracion, fecha_visita, ubicacion, descripcion, asesor_id, estado_id, lead_id, proyecto_id, tipo_id) FROM stdin;
\.


--
-- Data for Name: ventas_lead; Type: TABLE DATA; Schema: public; Owner: postgres
--

COPY public.ventas_lead (id, nombre, apellido, asignado, celular, celular2, comentario, "horaEntrega", "horaRecepcion", llamar, asesor_id, campania_id, estado_id, "estadoLead_id", objecion_id) FROM stdin;
59	Jesus		t	987123544			2023-10-22 20:16:42.759802-05	2023-10-05 00:00:00-05	t	6	7	A	EP	1
60			t	987123549			2023-10-22 20:16:42.760825-05	2023-10-22 20:16:42.719326-05	t	5	7	A	EP	1
61			t	973451234			2023-10-22 20:16:42.764556-05	2023-10-22 20:16:42.722041-05	t	6	8	A	EP	1
62			t	973451233			2023-10-22 20:16:42.766625-05	2023-10-22 20:16:42.726457-05	t	5	8	A	EP	1
63	Juan	Reynoso	t	984512312			2023-10-22 20:20:46.890163-05	2023-10-06 00:00:00-05	t	5	8	A	EP	1
65	Julian	Alavarez	f	993913299			2023-10-22 20:20:46.957541-05	2023-10-08 00:00:00-05	t	\N	7	A	EP	1
64	Oliver	Sone	f	983838133			2023-10-22 20:20:46.935649-05	2023-10-08 00:00:00-05	t	\N	7	A	EP	1
58	Andrew	Jacobo Castillo	t	970455267		Pidio un asesor personal	2023-10-22 20:16:42.745117-05	2023-10-04 00:00:00-05	t	5	8	I	EP	1
\.


--
-- Data for Name: ventas_llamada; Type: TABLE DATA; Schema: public; Owner: postgres
--

COPY public.ventas_llamada (id, detalle, estado_id, lead_id) FROM stdin;
\.


--
-- Data for Name: ventas_objecion; Type: TABLE DATA; Schema: public; Owner: postgres
--

COPY public.ventas_objecion (id, nombre, estado_id) FROM stdin;
1	Ninguna	A
2	Precio	A
3	No indica / No Interesado	A
4	Ocupado / Trabajando	A
6	Solo mensajes / Wsp	A
7	Inmediatez	A
8	No contesta / Apagado	A
9	Equivocado / No existe	A
5	Ubicación	A
10	Playa/Campo / Casa	A
\.


--
-- Data for Name: ventas_precio; Type: TABLE DATA; Schema: public; Owner: postgres
--

COPY public.ventas_precio (id, precio, cotizacion_id, estado_id, "tipoProducto_id") FROM stdin;
1	1350	1	A	1
2	800	1	A	2
3	800	1	A	3
\.


--
-- Data for Name: ventas_producto; Type: TABLE DATA; Schema: public; Owner: postgres
--

COPY public.ventas_producto (id, nombre, codigo, numero, area, estado_id, proyecto_id, tipo_id) FROM stdin;
1	Departamento 1	SD000001	101	79.5	A	1	1
2	Departamento 2	SD000002	102	114.6	A	1	1
3	Estacionamiento carpor 1	SE000001	1	14.85	A	1	2
4	Estacionamiento semi 2	SE0000002	2	13.15	A	1	2
5	Depósito 1	SDE000001	1	4.55	A	1	3
6	Depósito 2	SDE000002	2	2.15	A	1	3
\.


--
-- Data for Name: ventas_proyectotipoproducto; Type: TABLE DATA; Schema: public; Owner: postgres
--

COPY public.ventas_proyectotipoproducto (id, proyecto_id, tipo_producto_id) FROM stdin;
\.


--
-- Data for Name: ventas_tipocotizacion; Type: TABLE DATA; Schema: public; Owner: postgres
--

COPY public.ventas_tipocotizacion (id, nombre, estado_id) FROM stdin;
1	Pago Contado	A
2	Crédito Hipotecario	A
3	Pago 18 meses	A
\.


--
-- Data for Name: ventas_tipocuota; Type: TABLE DATA; Schema: public; Owner: postgres
--

COPY public.ventas_tipocuota (id, nombre, estado_id) FROM stdin;
1	Automático	A
2	Periodo	A
3	Periodo aproximado	A
4	Estático	A
\.


--
-- Data for Name: ventas_tipoevento; Type: TABLE DATA; Schema: public; Owner: postgres
--

COPY public.ventas_tipoevento (id, nombre, estado_id) FROM stdin;
1	Llamada	A
2	Visita	A
3	Firma contrato	A
\.


--
-- Data for Name: ventas_tipoproducto; Type: TABLE DATA; Schema: public; Owner: postgres
--

COPY public.ventas_tipoproducto (id, nombre, estado_id) FROM stdin;
1	Departamento	A
2	Cochera	A
3	Depósito	A
4	Condominio	A
\.


--
-- Data for Name: ventas_whatsapp; Type: TABLE DATA; Schema: public; Owner: postgres
--

COPY public.ventas_whatsapp (id, detalle, estado_id, lead_id) FROM stdin;
\.


--
-- Name: auth_group_id_seq; Type: SEQUENCE SET; Schema: public; Owner: postgres
--

SELECT pg_catalog.setval('public.auth_group_id_seq', 4, true);


--
-- Name: auth_group_permissions_id_seq; Type: SEQUENCE SET; Schema: public; Owner: postgres
--

SELECT pg_catalog.setval('public.auth_group_permissions_id_seq', 54, true);


--
-- Name: auth_permission_id_seq; Type: SEQUENCE SET; Schema: public; Owner: postgres
--

SELECT pg_catalog.setval('public.auth_permission_id_seq', 88, true);


--
-- Name: cuenta_modulo_id_seq; Type: SEQUENCE SET; Schema: public; Owner: postgres
--

SELECT pg_catalog.setval('public.cuenta_modulo_id_seq', 7, true);


--
-- Name: cuenta_profile_id_seq; Type: SEQUENCE SET; Schema: public; Owner: postgres
--

SELECT pg_catalog.setval('public.cuenta_profile_id_seq', 1, false);


--
-- Name: cuenta_user_groups_id_seq; Type: SEQUENCE SET; Schema: public; Owner: postgres
--

SELECT pg_catalog.setval('public.cuenta_user_groups_id_seq', 20, true);


--
-- Name: cuenta_user_id_seq; Type: SEQUENCE SET; Schema: public; Owner: postgres
--

SELECT pg_catalog.setval('public.cuenta_user_id_seq', 14, true);


--
-- Name: cuenta_user_user_permissions_id_seq; Type: SEQUENCE SET; Schema: public; Owner: postgres
--

SELECT pg_catalog.setval('public.cuenta_user_user_permissions_id_seq', 1, false);


--
-- Name: django_admin_log_id_seq; Type: SEQUENCE SET; Schema: public; Owner: postgres
--

SELECT pg_catalog.setval('public.django_admin_log_id_seq', 164, true);


--
-- Name: django_content_type_id_seq; Type: SEQUENCE SET; Schema: public; Owner: postgres
--

SELECT pg_catalog.setval('public.django_content_type_id_seq', 22, true);


--
-- Name: django_migrations_id_seq; Type: SEQUENCE SET; Schema: public; Owner: postgres
--

SELECT pg_catalog.setval('public.django_migrations_id_seq', 43, true);


--
-- Name: marketing_campania_id_seq; Type: SEQUENCE SET; Schema: public; Owner: postgres
--

SELECT pg_catalog.setval('public.marketing_campania_id_seq', 8, true);


--
-- Name: marketing_categoria_id_seq; Type: SEQUENCE SET; Schema: public; Owner: postgres
--

SELECT pg_catalog.setval('public.marketing_categoria_id_seq', 4, true);


--
-- Name: marketing_proyecto_id_seq; Type: SEQUENCE SET; Schema: public; Owner: postgres
--

SELECT pg_catalog.setval('public.marketing_proyecto_id_seq', 3, true);


--
-- Name: token_blacklist_blacklistedtoken_id_seq; Type: SEQUENCE SET; Schema: public; Owner: postgres
--

SELECT pg_catalog.setval('public.token_blacklist_blacklistedtoken_id_seq', 1, false);


--
-- Name: token_blacklist_outstandingtoken_id_seq; Type: SEQUENCE SET; Schema: public; Owner: postgres
--

SELECT pg_catalog.setval('public.token_blacklist_outstandingtoken_id_seq', 18, true);


--
-- Name: ventas_asesor_id_seq; Type: SEQUENCE SET; Schema: public; Owner: postgres
--

SELECT pg_catalog.setval('public.ventas_asesor_id_seq', 6, true);


--
-- Name: ventas_cotizacion_id_seq; Type: SEQUENCE SET; Schema: public; Owner: postgres
--

SELECT pg_catalog.setval('public.ventas_cotizacion_id_seq', 3, true);


--
-- Name: ventas_cuota_id_seq; Type: SEQUENCE SET; Schema: public; Owner: postgres
--

SELECT pg_catalog.setval('public.ventas_cuota_id_seq', 16, true);


--
-- Name: ventas_evento_id_seq; Type: SEQUENCE SET; Schema: public; Owner: postgres
--

SELECT pg_catalog.setval('public.ventas_evento_id_seq', 1, false);


--
-- Name: ventas_lead_id_seq; Type: SEQUENCE SET; Schema: public; Owner: postgres
--

SELECT pg_catalog.setval('public.ventas_lead_id_seq', 65, true);


--
-- Name: ventas_llamada_id_seq; Type: SEQUENCE SET; Schema: public; Owner: postgres
--

SELECT pg_catalog.setval('public.ventas_llamada_id_seq', 1, false);


--
-- Name: ventas_objecion_id_seq; Type: SEQUENCE SET; Schema: public; Owner: postgres
--

SELECT pg_catalog.setval('public.ventas_objecion_id_seq', 10, true);


--
-- Name: ventas_precio_id_seq; Type: SEQUENCE SET; Schema: public; Owner: postgres
--

SELECT pg_catalog.setval('public.ventas_precio_id_seq', 3, true);


--
-- Name: ventas_producto_id_seq; Type: SEQUENCE SET; Schema: public; Owner: postgres
--

SELECT pg_catalog.setval('public.ventas_producto_id_seq', 6, true);


--
-- Name: ventas_proyectotipoproducto_id_seq; Type: SEQUENCE SET; Schema: public; Owner: postgres
--

SELECT pg_catalog.setval('public.ventas_proyectotipoproducto_id_seq', 1, false);


--
-- Name: ventas_tipocotizacion_id_seq; Type: SEQUENCE SET; Schema: public; Owner: postgres
--

SELECT pg_catalog.setval('public.ventas_tipocotizacion_id_seq', 3, true);


--
-- Name: ventas_tipocuota_id_seq; Type: SEQUENCE SET; Schema: public; Owner: postgres
--

SELECT pg_catalog.setval('public.ventas_tipocuota_id_seq', 4, true);


--
-- Name: ventas_tipoevento_id_seq; Type: SEQUENCE SET; Schema: public; Owner: postgres
--

SELECT pg_catalog.setval('public.ventas_tipoevento_id_seq', 3, true);


--
-- Name: ventas_tipoproducto_id_seq; Type: SEQUENCE SET; Schema: public; Owner: postgres
--

SELECT pg_catalog.setval('public.ventas_tipoproducto_id_seq', 4, true);


--
-- Name: ventas_whatsapp_id_seq; Type: SEQUENCE SET; Schema: public; Owner: postgres
--

SELECT pg_catalog.setval('public.ventas_whatsapp_id_seq', 1, false);


--
-- Name: auth_group auth_group_name_key; Type: CONSTRAINT; Schema: public; Owner: postgres
--

ALTER TABLE ONLY public.auth_group
    ADD CONSTRAINT auth_group_name_key UNIQUE (name);


--
-- Name: auth_group_permissions auth_group_permissions_group_id_permission_id_0cd325b0_uniq; Type: CONSTRAINT; Schema: public; Owner: postgres
--

ALTER TABLE ONLY public.auth_group_permissions
    ADD CONSTRAINT auth_group_permissions_group_id_permission_id_0cd325b0_uniq UNIQUE (group_id, permission_id);


--
-- Name: auth_group_permissions auth_group_permissions_pkey; Type: CONSTRAINT; Schema: public; Owner: postgres
--

ALTER TABLE ONLY public.auth_group_permissions
    ADD CONSTRAINT auth_group_permissions_pkey PRIMARY KEY (id);


--
-- Name: auth_group auth_group_pkey; Type: CONSTRAINT; Schema: public; Owner: postgres
--

ALTER TABLE ONLY public.auth_group
    ADD CONSTRAINT auth_group_pkey PRIMARY KEY (id);


--
-- Name: auth_permission auth_permission_content_type_id_codename_01ab375a_uniq; Type: CONSTRAINT; Schema: public; Owner: postgres
--

ALTER TABLE ONLY public.auth_permission
    ADD CONSTRAINT auth_permission_content_type_id_codename_01ab375a_uniq UNIQUE (content_type_id, codename);


--
-- Name: auth_permission auth_permission_pkey; Type: CONSTRAINT; Schema: public; Owner: postgres
--

ALTER TABLE ONLY public.auth_permission
    ADD CONSTRAINT auth_permission_pkey PRIMARY KEY (id);


--
-- Name: cuenta_estadoregistro cuenta_estadoregistro_pkey; Type: CONSTRAINT; Schema: public; Owner: postgres
--

ALTER TABLE ONLY public.cuenta_estadoregistro
    ADD CONSTRAINT cuenta_estadoregistro_pkey PRIMARY KEY (estado);


--
-- Name: cuenta_modulo cuenta_modulo_pkey; Type: CONSTRAINT; Schema: public; Owner: postgres
--

ALTER TABLE ONLY public.cuenta_modulo
    ADD CONSTRAINT cuenta_modulo_pkey PRIMARY KEY (id);


--
-- Name: cuenta_profile cuenta_profile_pkey; Type: CONSTRAINT; Schema: public; Owner: postgres
--

ALTER TABLE ONLY public.cuenta_profile
    ADD CONSTRAINT cuenta_profile_pkey PRIMARY KEY (id);


--
-- Name: cuenta_user_groups cuenta_user_groups_pkey; Type: CONSTRAINT; Schema: public; Owner: postgres
--

ALTER TABLE ONLY public.cuenta_user_groups
    ADD CONSTRAINT cuenta_user_groups_pkey PRIMARY KEY (id);


--
-- Name: cuenta_user_groups cuenta_user_groups_user_id_group_id_aa2c9476_uniq; Type: CONSTRAINT; Schema: public; Owner: postgres
--

ALTER TABLE ONLY public.cuenta_user_groups
    ADD CONSTRAINT cuenta_user_groups_user_id_group_id_aa2c9476_uniq UNIQUE (user_id, group_id);


--
-- Name: cuenta_user cuenta_user_perfil_id_key; Type: CONSTRAINT; Schema: public; Owner: postgres
--

ALTER TABLE ONLY public.cuenta_user
    ADD CONSTRAINT cuenta_user_perfil_id_key UNIQUE (perfil_id);


--
-- Name: cuenta_user cuenta_user_pkey; Type: CONSTRAINT; Schema: public; Owner: postgres
--

ALTER TABLE ONLY public.cuenta_user
    ADD CONSTRAINT cuenta_user_pkey PRIMARY KEY (id);


--
-- Name: cuenta_user_user_permissions cuenta_user_user_permiss_user_id_permission_id_4ab227af_uniq; Type: CONSTRAINT; Schema: public; Owner: postgres
--

ALTER TABLE ONLY public.cuenta_user_user_permissions
    ADD CONSTRAINT cuenta_user_user_permiss_user_id_permission_id_4ab227af_uniq UNIQUE (user_id, permission_id);


--
-- Name: cuenta_user_user_permissions cuenta_user_user_permissions_pkey; Type: CONSTRAINT; Schema: public; Owner: postgres
--

ALTER TABLE ONLY public.cuenta_user_user_permissions
    ADD CONSTRAINT cuenta_user_user_permissions_pkey PRIMARY KEY (id);


--
-- Name: cuenta_user cuenta_user_username_key; Type: CONSTRAINT; Schema: public; Owner: postgres
--

ALTER TABLE ONLY public.cuenta_user
    ADD CONSTRAINT cuenta_user_username_key UNIQUE (username);


--
-- Name: django_admin_log django_admin_log_pkey; Type: CONSTRAINT; Schema: public; Owner: postgres
--

ALTER TABLE ONLY public.django_admin_log
    ADD CONSTRAINT django_admin_log_pkey PRIMARY KEY (id);


--
-- Name: django_content_type django_content_type_app_label_model_76bd3d3b_uniq; Type: CONSTRAINT; Schema: public; Owner: postgres
--

ALTER TABLE ONLY public.django_content_type
    ADD CONSTRAINT django_content_type_app_label_model_76bd3d3b_uniq UNIQUE (app_label, model);


--
-- Name: django_content_type django_content_type_pkey; Type: CONSTRAINT; Schema: public; Owner: postgres
--

ALTER TABLE ONLY public.django_content_type
    ADD CONSTRAINT django_content_type_pkey PRIMARY KEY (id);


--
-- Name: django_migrations django_migrations_pkey; Type: CONSTRAINT; Schema: public; Owner: postgres
--

ALTER TABLE ONLY public.django_migrations
    ADD CONSTRAINT django_migrations_pkey PRIMARY KEY (id);


--
-- Name: django_session django_session_pkey; Type: CONSTRAINT; Schema: public; Owner: postgres
--

ALTER TABLE ONLY public.django_session
    ADD CONSTRAINT django_session_pkey PRIMARY KEY (session_key);


--
-- Name: marketing_campania marketing_campania_codigo_key; Type: CONSTRAINT; Schema: public; Owner: postgres
--

ALTER TABLE ONLY public.marketing_campania
    ADD CONSTRAINT marketing_campania_codigo_key UNIQUE (codigo);


--
-- Name: marketing_campania marketing_campania_pkey; Type: CONSTRAINT; Schema: public; Owner: postgres
--

ALTER TABLE ONLY public.marketing_campania
    ADD CONSTRAINT marketing_campania_pkey PRIMARY KEY (id);


--
-- Name: marketing_categoria marketing_categoria_pkey; Type: CONSTRAINT; Schema: public; Owner: postgres
--

ALTER TABLE ONLY public.marketing_categoria
    ADD CONSTRAINT marketing_categoria_pkey PRIMARY KEY (id);


--
-- Name: marketing_proyecto marketing_proyecto_pkey; Type: CONSTRAINT; Schema: public; Owner: postgres
--

ALTER TABLE ONLY public.marketing_proyecto
    ADD CONSTRAINT marketing_proyecto_pkey PRIMARY KEY (id);


--
-- Name: token_blacklist_blacklistedtoken token_blacklist_blacklistedtoken_pkey; Type: CONSTRAINT; Schema: public; Owner: postgres
--

ALTER TABLE ONLY public.token_blacklist_blacklistedtoken
    ADD CONSTRAINT token_blacklist_blacklistedtoken_pkey PRIMARY KEY (id);


--
-- Name: token_blacklist_blacklistedtoken token_blacklist_blacklistedtoken_token_id_key; Type: CONSTRAINT; Schema: public; Owner: postgres
--

ALTER TABLE ONLY public.token_blacklist_blacklistedtoken
    ADD CONSTRAINT token_blacklist_blacklistedtoken_token_id_key UNIQUE (token_id);


--
-- Name: token_blacklist_outstandingtoken token_blacklist_outstandingtoken_jti_hex_d9bdf6f7_uniq; Type: CONSTRAINT; Schema: public; Owner: postgres
--

ALTER TABLE ONLY public.token_blacklist_outstandingtoken
    ADD CONSTRAINT token_blacklist_outstandingtoken_jti_hex_d9bdf6f7_uniq UNIQUE (jti);


--
-- Name: token_blacklist_outstandingtoken token_blacklist_outstandingtoken_pkey; Type: CONSTRAINT; Schema: public; Owner: postgres
--

ALTER TABLE ONLY public.token_blacklist_outstandingtoken
    ADD CONSTRAINT token_blacklist_outstandingtoken_pkey PRIMARY KEY (id);


--
-- Name: ventas_asesor ventas_asesor_codigo_key; Type: CONSTRAINT; Schema: public; Owner: postgres
--

ALTER TABLE ONLY public.ventas_asesor
    ADD CONSTRAINT ventas_asesor_codigo_key UNIQUE (codigo);


--
-- Name: ventas_asesor ventas_asesor_pkey; Type: CONSTRAINT; Schema: public; Owner: postgres
--

ALTER TABLE ONLY public.ventas_asesor
    ADD CONSTRAINT ventas_asesor_pkey PRIMARY KEY (id);


--
-- Name: ventas_asesor ventas_asesor_user_id_key; Type: CONSTRAINT; Schema: public; Owner: postgres
--

ALTER TABLE ONLY public.ventas_asesor
    ADD CONSTRAINT ventas_asesor_user_id_key UNIQUE (user_id);


--
-- Name: ventas_cotizacion ventas_cotizacion_pkey; Type: CONSTRAINT; Schema: public; Owner: postgres
--

ALTER TABLE ONLY public.ventas_cotizacion
    ADD CONSTRAINT ventas_cotizacion_pkey PRIMARY KEY (id);


--
-- Name: ventas_cuota ventas_cuota_pkey; Type: CONSTRAINT; Schema: public; Owner: postgres
--

ALTER TABLE ONLY public.ventas_cuota
    ADD CONSTRAINT ventas_cuota_pkey PRIMARY KEY (id);


--
-- Name: ventas_estadolead ventas_estadolead_pkey; Type: CONSTRAINT; Schema: public; Owner: postgres
--

ALTER TABLE ONLY public.ventas_estadolead
    ADD CONSTRAINT ventas_estadolead_pkey PRIMARY KEY (nombre);


--
-- Name: ventas_evento ventas_evento_pkey; Type: CONSTRAINT; Schema: public; Owner: postgres
--

ALTER TABLE ONLY public.ventas_evento
    ADD CONSTRAINT ventas_evento_pkey PRIMARY KEY (id);


--
-- Name: ventas_lead ventas_lead_pkey; Type: CONSTRAINT; Schema: public; Owner: postgres
--

ALTER TABLE ONLY public.ventas_lead
    ADD CONSTRAINT ventas_lead_pkey PRIMARY KEY (id);


--
-- Name: ventas_llamada ventas_llamada_pkey; Type: CONSTRAINT; Schema: public; Owner: postgres
--

ALTER TABLE ONLY public.ventas_llamada
    ADD CONSTRAINT ventas_llamada_pkey PRIMARY KEY (id);


--
-- Name: ventas_objecion ventas_objecion_pkey; Type: CONSTRAINT; Schema: public; Owner: postgres
--

ALTER TABLE ONLY public.ventas_objecion
    ADD CONSTRAINT ventas_objecion_pkey PRIMARY KEY (id);


--
-- Name: ventas_precio ventas_precio_pkey; Type: CONSTRAINT; Schema: public; Owner: postgres
--

ALTER TABLE ONLY public.ventas_precio
    ADD CONSTRAINT ventas_precio_pkey PRIMARY KEY (id);


--
-- Name: ventas_producto ventas_producto_codigo_key; Type: CONSTRAINT; Schema: public; Owner: postgres
--

ALTER TABLE ONLY public.ventas_producto
    ADD CONSTRAINT ventas_producto_codigo_key UNIQUE (codigo);


--
-- Name: ventas_producto ventas_producto_pkey; Type: CONSTRAINT; Schema: public; Owner: postgres
--

ALTER TABLE ONLY public.ventas_producto
    ADD CONSTRAINT ventas_producto_pkey PRIMARY KEY (id);


--
-- Name: ventas_proyectotipoproducto ventas_proyectotipoproducto_pkey; Type: CONSTRAINT; Schema: public; Owner: postgres
--

ALTER TABLE ONLY public.ventas_proyectotipoproducto
    ADD CONSTRAINT ventas_proyectotipoproducto_pkey PRIMARY KEY (id);


--
-- Name: ventas_tipocotizacion ventas_tipocotizacion_pkey; Type: CONSTRAINT; Schema: public; Owner: postgres
--

ALTER TABLE ONLY public.ventas_tipocotizacion
    ADD CONSTRAINT ventas_tipocotizacion_pkey PRIMARY KEY (id);


--
-- Name: ventas_tipocuota ventas_tipocuota_pkey; Type: CONSTRAINT; Schema: public; Owner: postgres
--

ALTER TABLE ONLY public.ventas_tipocuota
    ADD CONSTRAINT ventas_tipocuota_pkey PRIMARY KEY (id);


--
-- Name: ventas_tipoevento ventas_tipoevento_pkey; Type: CONSTRAINT; Schema: public; Owner: postgres
--

ALTER TABLE ONLY public.ventas_tipoevento
    ADD CONSTRAINT ventas_tipoevento_pkey PRIMARY KEY (id);


--
-- Name: ventas_tipoproducto ventas_tipoproducto_pkey; Type: CONSTRAINT; Schema: public; Owner: postgres
--

ALTER TABLE ONLY public.ventas_tipoproducto
    ADD CONSTRAINT ventas_tipoproducto_pkey PRIMARY KEY (id);


--
-- Name: ventas_whatsapp ventas_whatsapp_pkey; Type: CONSTRAINT; Schema: public; Owner: postgres
--

ALTER TABLE ONLY public.ventas_whatsapp
    ADD CONSTRAINT ventas_whatsapp_pkey PRIMARY KEY (id);


--
-- Name: auth_group_name_a6ea08ec_like; Type: INDEX; Schema: public; Owner: postgres
--

CREATE INDEX auth_group_name_a6ea08ec_like ON public.auth_group USING btree (name varchar_pattern_ops);


--
-- Name: auth_group_permissions_group_id_b120cbf9; Type: INDEX; Schema: public; Owner: postgres
--

CREATE INDEX auth_group_permissions_group_id_b120cbf9 ON public.auth_group_permissions USING btree (group_id);


--
-- Name: auth_group_permissions_permission_id_84c5c92e; Type: INDEX; Schema: public; Owner: postgres
--

CREATE INDEX auth_group_permissions_permission_id_84c5c92e ON public.auth_group_permissions USING btree (permission_id);


--
-- Name: auth_permission_content_type_id_2f476e4b; Type: INDEX; Schema: public; Owner: postgres
--

CREATE INDEX auth_permission_content_type_id_2f476e4b ON public.auth_permission USING btree (content_type_id);


--
-- Name: cuenta_estadoregistro_estado_97a7a969_like; Type: INDEX; Schema: public; Owner: postgres
--

CREATE INDEX cuenta_estadoregistro_estado_97a7a969_like ON public.cuenta_estadoregistro USING btree (estado varchar_pattern_ops);


--
-- Name: cuenta_modulo_contentType_id_2a61d120; Type: INDEX; Schema: public; Owner: postgres
--

CREATE INDEX "cuenta_modulo_contentType_id_2a61d120" ON public.cuenta_modulo USING btree ("contentType_id");


--
-- Name: cuenta_modulo_estado_id_5859d6c7; Type: INDEX; Schema: public; Owner: postgres
--

CREATE INDEX cuenta_modulo_estado_id_5859d6c7 ON public.cuenta_modulo USING btree (estado_id);


--
-- Name: cuenta_modulo_estado_id_5859d6c7_like; Type: INDEX; Schema: public; Owner: postgres
--

CREATE INDEX cuenta_modulo_estado_id_5859d6c7_like ON public.cuenta_modulo USING btree (estado_id varchar_pattern_ops);


--
-- Name: cuenta_profile_estado_registro_id_e19978fc; Type: INDEX; Schema: public; Owner: postgres
--

CREATE INDEX cuenta_profile_estado_registro_id_e19978fc ON public.cuenta_profile USING btree (estado_registro_id);


--
-- Name: cuenta_profile_estado_registro_id_e19978fc_like; Type: INDEX; Schema: public; Owner: postgres
--

CREATE INDEX cuenta_profile_estado_registro_id_e19978fc_like ON public.cuenta_profile USING btree (estado_registro_id varchar_pattern_ops);


--
-- Name: cuenta_user_groups_group_id_cf2ca9f2; Type: INDEX; Schema: public; Owner: postgres
--

CREATE INDEX cuenta_user_groups_group_id_cf2ca9f2 ON public.cuenta_user_groups USING btree (group_id);


--
-- Name: cuenta_user_groups_user_id_70f894f5; Type: INDEX; Schema: public; Owner: postgres
--

CREATE INDEX cuenta_user_groups_user_id_70f894f5 ON public.cuenta_user_groups USING btree (user_id);


--
-- Name: cuenta_user_user_permissions_permission_id_401431f5; Type: INDEX; Schema: public; Owner: postgres
--

CREATE INDEX cuenta_user_user_permissions_permission_id_401431f5 ON public.cuenta_user_user_permissions USING btree (permission_id);


--
-- Name: cuenta_user_user_permissions_user_id_7b5627c2; Type: INDEX; Schema: public; Owner: postgres
--

CREATE INDEX cuenta_user_user_permissions_user_id_7b5627c2 ON public.cuenta_user_user_permissions USING btree (user_id);


--
-- Name: cuenta_user_username_7a232732_like; Type: INDEX; Schema: public; Owner: postgres
--

CREATE INDEX cuenta_user_username_7a232732_like ON public.cuenta_user USING btree (username varchar_pattern_ops);


--
-- Name: django_admin_log_content_type_id_c4bce8eb; Type: INDEX; Schema: public; Owner: postgres
--

CREATE INDEX django_admin_log_content_type_id_c4bce8eb ON public.django_admin_log USING btree (content_type_id);


--
-- Name: django_admin_log_user_id_c564eba6; Type: INDEX; Schema: public; Owner: postgres
--

CREATE INDEX django_admin_log_user_id_c564eba6 ON public.django_admin_log USING btree (user_id);


--
-- Name: django_session_expire_date_a5c62663; Type: INDEX; Schema: public; Owner: postgres
--

CREATE INDEX django_session_expire_date_a5c62663 ON public.django_session USING btree (expire_date);


--
-- Name: django_session_session_key_c0390e0f_like; Type: INDEX; Schema: public; Owner: postgres
--

CREATE INDEX django_session_session_key_c0390e0f_like ON public.django_session USING btree (session_key varchar_pattern_ops);


--
-- Name: marketing_campania_categoria_id_947d87f4; Type: INDEX; Schema: public; Owner: postgres
--

CREATE INDEX marketing_campania_categoria_id_947d87f4 ON public.marketing_campania USING btree (categoria_id);


--
-- Name: marketing_campania_codigo_3ca493fd_like; Type: INDEX; Schema: public; Owner: postgres
--

CREATE INDEX marketing_campania_codigo_3ca493fd_like ON public.marketing_campania USING btree (codigo varchar_pattern_ops);


--
-- Name: marketing_campania_estado_id_8af5896d; Type: INDEX; Schema: public; Owner: postgres
--

CREATE INDEX marketing_campania_estado_id_8af5896d ON public.marketing_campania USING btree (estado_id);


--
-- Name: marketing_campania_estado_id_8af5896d_like; Type: INDEX; Schema: public; Owner: postgres
--

CREATE INDEX marketing_campania_estado_id_8af5896d_like ON public.marketing_campania USING btree (estado_id varchar_pattern_ops);


--
-- Name: marketing_campania_proyecto_id_c61271da; Type: INDEX; Schema: public; Owner: postgres
--

CREATE INDEX marketing_campania_proyecto_id_c61271da ON public.marketing_campania USING btree (proyecto_id);


--
-- Name: marketing_categoria_estado_id_0601d1ae; Type: INDEX; Schema: public; Owner: postgres
--

CREATE INDEX marketing_categoria_estado_id_0601d1ae ON public.marketing_categoria USING btree (estado_id);


--
-- Name: marketing_categoria_estado_id_0601d1ae_like; Type: INDEX; Schema: public; Owner: postgres
--

CREATE INDEX marketing_categoria_estado_id_0601d1ae_like ON public.marketing_categoria USING btree (estado_id varchar_pattern_ops);


--
-- Name: marketing_proyecto_estado_id_a4076a2a; Type: INDEX; Schema: public; Owner: postgres
--

CREATE INDEX marketing_proyecto_estado_id_a4076a2a ON public.marketing_proyecto USING btree (estado_id);


--
-- Name: marketing_proyecto_estado_id_a4076a2a_like; Type: INDEX; Schema: public; Owner: postgres
--

CREATE INDEX marketing_proyecto_estado_id_a4076a2a_like ON public.marketing_proyecto USING btree (estado_id varchar_pattern_ops);


--
-- Name: token_blacklist_outstandingtoken_jti_hex_d9bdf6f7_like; Type: INDEX; Schema: public; Owner: postgres
--

CREATE INDEX token_blacklist_outstandingtoken_jti_hex_d9bdf6f7_like ON public.token_blacklist_outstandingtoken USING btree (jti varchar_pattern_ops);


--
-- Name: token_blacklist_outstandingtoken_user_id_83bc629a; Type: INDEX; Schema: public; Owner: postgres
--

CREATE INDEX token_blacklist_outstandingtoken_user_id_83bc629a ON public.token_blacklist_outstandingtoken USING btree (user_id);


--
-- Name: ventas_asesor_codigo_d5d4fe16_like; Type: INDEX; Schema: public; Owner: postgres
--

CREATE INDEX ventas_asesor_codigo_d5d4fe16_like ON public.ventas_asesor USING btree (codigo varchar_pattern_ops);


--
-- Name: ventas_asesor_estado_id_442df60b; Type: INDEX; Schema: public; Owner: postgres
--

CREATE INDEX ventas_asesor_estado_id_442df60b ON public.ventas_asesor USING btree (estado_id);


--
-- Name: ventas_asesor_estado_id_442df60b_like; Type: INDEX; Schema: public; Owner: postgres
--

CREATE INDEX ventas_asesor_estado_id_442df60b_like ON public.ventas_asesor USING btree (estado_id varchar_pattern_ops);


--
-- Name: ventas_cotizacion_estado_id_4c03ed64; Type: INDEX; Schema: public; Owner: postgres
--

CREATE INDEX ventas_cotizacion_estado_id_4c03ed64 ON public.ventas_cotizacion USING btree (estado_id);


--
-- Name: ventas_cotizacion_estado_id_4c03ed64_like; Type: INDEX; Schema: public; Owner: postgres
--

CREATE INDEX ventas_cotizacion_estado_id_4c03ed64_like ON public.ventas_cotizacion USING btree (estado_id varchar_pattern_ops);


--
-- Name: ventas_cotizacion_proyecto_id_5133ce3a; Type: INDEX; Schema: public; Owner: postgres
--

CREATE INDEX ventas_cotizacion_proyecto_id_5133ce3a ON public.ventas_cotizacion USING btree (proyecto_id);


--
-- Name: ventas_cotizacion_tipo_id_76158ba5; Type: INDEX; Schema: public; Owner: postgres
--

CREATE INDEX ventas_cotizacion_tipo_id_76158ba5 ON public.ventas_cotizacion USING btree (tipo_id);


--
-- Name: ventas_cuota_cotizacion_id_03c69e16; Type: INDEX; Schema: public; Owner: postgres
--

CREATE INDEX ventas_cuota_cotizacion_id_03c69e16 ON public.ventas_cuota USING btree (cotizacion_id);


--
-- Name: ventas_cuota_estado_id_7e2e6470; Type: INDEX; Schema: public; Owner: postgres
--

CREATE INDEX ventas_cuota_estado_id_7e2e6470 ON public.ventas_cuota USING btree (estado_id);


--
-- Name: ventas_cuota_estado_id_7e2e6470_like; Type: INDEX; Schema: public; Owner: postgres
--

CREATE INDEX ventas_cuota_estado_id_7e2e6470_like ON public.ventas_cuota USING btree (estado_id varchar_pattern_ops);


--
-- Name: ventas_cuota_tipo_id_7ef78424; Type: INDEX; Schema: public; Owner: postgres
--

CREATE INDEX ventas_cuota_tipo_id_7ef78424 ON public.ventas_cuota USING btree (tipo_id);


--
-- Name: ventas_estadolead_estado_id_bb594f1b; Type: INDEX; Schema: public; Owner: postgres
--

CREATE INDEX ventas_estadolead_estado_id_bb594f1b ON public.ventas_estadolead USING btree (estado_id);


--
-- Name: ventas_estadolead_estado_id_bb594f1b_like; Type: INDEX; Schema: public; Owner: postgres
--

CREATE INDEX ventas_estadolead_estado_id_bb594f1b_like ON public.ventas_estadolead USING btree (estado_id varchar_pattern_ops);


--
-- Name: ventas_estadolead_nombre_70866519_like; Type: INDEX; Schema: public; Owner: postgres
--

CREATE INDEX ventas_estadolead_nombre_70866519_like ON public.ventas_estadolead USING btree (nombre varchar_pattern_ops);


--
-- Name: ventas_evento_asesor_id_ea375381; Type: INDEX; Schema: public; Owner: postgres
--

CREATE INDEX ventas_evento_asesor_id_ea375381 ON public.ventas_evento USING btree (asesor_id);


--
-- Name: ventas_evento_estado_id_e829db5d; Type: INDEX; Schema: public; Owner: postgres
--

CREATE INDEX ventas_evento_estado_id_e829db5d ON public.ventas_evento USING btree (estado_id);


--
-- Name: ventas_evento_estado_id_e829db5d_like; Type: INDEX; Schema: public; Owner: postgres
--

CREATE INDEX ventas_evento_estado_id_e829db5d_like ON public.ventas_evento USING btree (estado_id varchar_pattern_ops);


--
-- Name: ventas_evento_lead_id_08e70c93; Type: INDEX; Schema: public; Owner: postgres
--

CREATE INDEX ventas_evento_lead_id_08e70c93 ON public.ventas_evento USING btree (lead_id);


--
-- Name: ventas_evento_proyecto_id_5e65b7da; Type: INDEX; Schema: public; Owner: postgres
--

CREATE INDEX ventas_evento_proyecto_id_5e65b7da ON public.ventas_evento USING btree (proyecto_id);


--
-- Name: ventas_evento_tipo_id_78657756; Type: INDEX; Schema: public; Owner: postgres
--

CREATE INDEX ventas_evento_tipo_id_78657756 ON public.ventas_evento USING btree (tipo_id);


--
-- Name: ventas_lead_asesor_id_dd870e0e; Type: INDEX; Schema: public; Owner: postgres
--

CREATE INDEX ventas_lead_asesor_id_dd870e0e ON public.ventas_lead USING btree (asesor_id);


--
-- Name: ventas_lead_campania_id_f4e01b2b; Type: INDEX; Schema: public; Owner: postgres
--

CREATE INDEX ventas_lead_campania_id_f4e01b2b ON public.ventas_lead USING btree (campania_id);


--
-- Name: ventas_lead_estadoLead_id_d1be3161; Type: INDEX; Schema: public; Owner: postgres
--

CREATE INDEX "ventas_lead_estadoLead_id_d1be3161" ON public.ventas_lead USING btree ("estadoLead_id");


--
-- Name: ventas_lead_estadoLead_id_d1be3161_like; Type: INDEX; Schema: public; Owner: postgres
--

CREATE INDEX "ventas_lead_estadoLead_id_d1be3161_like" ON public.ventas_lead USING btree ("estadoLead_id" varchar_pattern_ops);


--
-- Name: ventas_lead_estado_id_54a193d0; Type: INDEX; Schema: public; Owner: postgres
--

CREATE INDEX ventas_lead_estado_id_54a193d0 ON public.ventas_lead USING btree (estado_id);


--
-- Name: ventas_lead_estado_id_54a193d0_like; Type: INDEX; Schema: public; Owner: postgres
--

CREATE INDEX ventas_lead_estado_id_54a193d0_like ON public.ventas_lead USING btree (estado_id varchar_pattern_ops);


--
-- Name: ventas_lead_objecion_id_0176a2b4; Type: INDEX; Schema: public; Owner: postgres
--

CREATE INDEX ventas_lead_objecion_id_0176a2b4 ON public.ventas_lead USING btree (objecion_id);


--
-- Name: ventas_llamada_estado_id_0cfebce4; Type: INDEX; Schema: public; Owner: postgres
--

CREATE INDEX ventas_llamada_estado_id_0cfebce4 ON public.ventas_llamada USING btree (estado_id);


--
-- Name: ventas_llamada_estado_id_0cfebce4_like; Type: INDEX; Schema: public; Owner: postgres
--

CREATE INDEX ventas_llamada_estado_id_0cfebce4_like ON public.ventas_llamada USING btree (estado_id varchar_pattern_ops);


--
-- Name: ventas_llamada_lead_id_78d422d7; Type: INDEX; Schema: public; Owner: postgres
--

CREATE INDEX ventas_llamada_lead_id_78d422d7 ON public.ventas_llamada USING btree (lead_id);


--
-- Name: ventas_objecion_estado_id_e3665317; Type: INDEX; Schema: public; Owner: postgres
--

CREATE INDEX ventas_objecion_estado_id_e3665317 ON public.ventas_objecion USING btree (estado_id);


--
-- Name: ventas_objecion_estado_id_e3665317_like; Type: INDEX; Schema: public; Owner: postgres
--

CREATE INDEX ventas_objecion_estado_id_e3665317_like ON public.ventas_objecion USING btree (estado_id varchar_pattern_ops);


--
-- Name: ventas_precio_cotizacion_id_723444f0; Type: INDEX; Schema: public; Owner: postgres
--

CREATE INDEX ventas_precio_cotizacion_id_723444f0 ON public.ventas_precio USING btree (cotizacion_id);


--
-- Name: ventas_precio_estado_id_0c23bcdc; Type: INDEX; Schema: public; Owner: postgres
--

CREATE INDEX ventas_precio_estado_id_0c23bcdc ON public.ventas_precio USING btree (estado_id);


--
-- Name: ventas_precio_estado_id_0c23bcdc_like; Type: INDEX; Schema: public; Owner: postgres
--

CREATE INDEX ventas_precio_estado_id_0c23bcdc_like ON public.ventas_precio USING btree (estado_id varchar_pattern_ops);


--
-- Name: ventas_precio_tipoProducto_id_db5855af; Type: INDEX; Schema: public; Owner: postgres
--

CREATE INDEX "ventas_precio_tipoProducto_id_db5855af" ON public.ventas_precio USING btree ("tipoProducto_id");


--
-- Name: ventas_producto_codigo_7c2d1be4_like; Type: INDEX; Schema: public; Owner: postgres
--

CREATE INDEX ventas_producto_codigo_7c2d1be4_like ON public.ventas_producto USING btree (codigo varchar_pattern_ops);


--
-- Name: ventas_producto_estado_id_24db19a3; Type: INDEX; Schema: public; Owner: postgres
--

CREATE INDEX ventas_producto_estado_id_24db19a3 ON public.ventas_producto USING btree (estado_id);


--
-- Name: ventas_producto_estado_id_24db19a3_like; Type: INDEX; Schema: public; Owner: postgres
--

CREATE INDEX ventas_producto_estado_id_24db19a3_like ON public.ventas_producto USING btree (estado_id varchar_pattern_ops);


--
-- Name: ventas_producto_proyecto_id_50e7196a; Type: INDEX; Schema: public; Owner: postgres
--

CREATE INDEX ventas_producto_proyecto_id_50e7196a ON public.ventas_producto USING btree (proyecto_id);


--
-- Name: ventas_producto_tipo_id_12a8cb82; Type: INDEX; Schema: public; Owner: postgres
--

CREATE INDEX ventas_producto_tipo_id_12a8cb82 ON public.ventas_producto USING btree (tipo_id);


--
-- Name: ventas_proyectotipoproducto_proyecto_id_49eff36f; Type: INDEX; Schema: public; Owner: postgres
--

CREATE INDEX ventas_proyectotipoproducto_proyecto_id_49eff36f ON public.ventas_proyectotipoproducto USING btree (proyecto_id);


--
-- Name: ventas_proyectotipoproducto_tipo_producto_id_8af26c72; Type: INDEX; Schema: public; Owner: postgres
--

CREATE INDEX ventas_proyectotipoproducto_tipo_producto_id_8af26c72 ON public.ventas_proyectotipoproducto USING btree (tipo_producto_id);


--
-- Name: ventas_tipocotizacion_estado_id_65417f55; Type: INDEX; Schema: public; Owner: postgres
--

CREATE INDEX ventas_tipocotizacion_estado_id_65417f55 ON public.ventas_tipocotizacion USING btree (estado_id);


--
-- Name: ventas_tipocotizacion_estado_id_65417f55_like; Type: INDEX; Schema: public; Owner: postgres
--

CREATE INDEX ventas_tipocotizacion_estado_id_65417f55_like ON public.ventas_tipocotizacion USING btree (estado_id varchar_pattern_ops);


--
-- Name: ventas_tipocuota_estado_id_9266ec5f; Type: INDEX; Schema: public; Owner: postgres
--

CREATE INDEX ventas_tipocuota_estado_id_9266ec5f ON public.ventas_tipocuota USING btree (estado_id);


--
-- Name: ventas_tipocuota_estado_id_9266ec5f_like; Type: INDEX; Schema: public; Owner: postgres
--

CREATE INDEX ventas_tipocuota_estado_id_9266ec5f_like ON public.ventas_tipocuota USING btree (estado_id varchar_pattern_ops);


--
-- Name: ventas_tipoevento_estado_id_9c7fb81b; Type: INDEX; Schema: public; Owner: postgres
--

CREATE INDEX ventas_tipoevento_estado_id_9c7fb81b ON public.ventas_tipoevento USING btree (estado_id);


--
-- Name: ventas_tipoevento_estado_id_9c7fb81b_like; Type: INDEX; Schema: public; Owner: postgres
--

CREATE INDEX ventas_tipoevento_estado_id_9c7fb81b_like ON public.ventas_tipoevento USING btree (estado_id varchar_pattern_ops);


--
-- Name: ventas_tipoproducto_estado_id_34c73ef0; Type: INDEX; Schema: public; Owner: postgres
--

CREATE INDEX ventas_tipoproducto_estado_id_34c73ef0 ON public.ventas_tipoproducto USING btree (estado_id);


--
-- Name: ventas_tipoproducto_estado_id_34c73ef0_like; Type: INDEX; Schema: public; Owner: postgres
--

CREATE INDEX ventas_tipoproducto_estado_id_34c73ef0_like ON public.ventas_tipoproducto USING btree (estado_id varchar_pattern_ops);


--
-- Name: ventas_whatsapp_estado_id_6e36a6d1; Type: INDEX; Schema: public; Owner: postgres
--

CREATE INDEX ventas_whatsapp_estado_id_6e36a6d1 ON public.ventas_whatsapp USING btree (estado_id);


--
-- Name: ventas_whatsapp_estado_id_6e36a6d1_like; Type: INDEX; Schema: public; Owner: postgres
--

CREATE INDEX ventas_whatsapp_estado_id_6e36a6d1_like ON public.ventas_whatsapp USING btree (estado_id varchar_pattern_ops);


--
-- Name: ventas_whatsapp_lead_id_49f8bd1e; Type: INDEX; Schema: public; Owner: postgres
--

CREATE INDEX ventas_whatsapp_lead_id_49f8bd1e ON public.ventas_whatsapp USING btree (lead_id);


--
-- Name: auth_group_permissions auth_group_permissio_permission_id_84c5c92e_fk_auth_perm; Type: FK CONSTRAINT; Schema: public; Owner: postgres
--

ALTER TABLE ONLY public.auth_group_permissions
    ADD CONSTRAINT auth_group_permissio_permission_id_84c5c92e_fk_auth_perm FOREIGN KEY (permission_id) REFERENCES public.auth_permission(id) DEFERRABLE INITIALLY DEFERRED;


--
-- Name: auth_group_permissions auth_group_permissions_group_id_b120cbf9_fk_auth_group_id; Type: FK CONSTRAINT; Schema: public; Owner: postgres
--

ALTER TABLE ONLY public.auth_group_permissions
    ADD CONSTRAINT auth_group_permissions_group_id_b120cbf9_fk_auth_group_id FOREIGN KEY (group_id) REFERENCES public.auth_group(id) DEFERRABLE INITIALLY DEFERRED;


--
-- Name: auth_permission auth_permission_content_type_id_2f476e4b_fk_django_co; Type: FK CONSTRAINT; Schema: public; Owner: postgres
--

ALTER TABLE ONLY public.auth_permission
    ADD CONSTRAINT auth_permission_content_type_id_2f476e4b_fk_django_co FOREIGN KEY (content_type_id) REFERENCES public.django_content_type(id) DEFERRABLE INITIALLY DEFERRED;


--
-- Name: cuenta_modulo cuenta_modulo_contentType_id_2a61d120_fk_django_content_type_id; Type: FK CONSTRAINT; Schema: public; Owner: postgres
--

ALTER TABLE ONLY public.cuenta_modulo
    ADD CONSTRAINT "cuenta_modulo_contentType_id_2a61d120_fk_django_content_type_id" FOREIGN KEY ("contentType_id") REFERENCES public.django_content_type(id) DEFERRABLE INITIALLY DEFERRED;


--
-- Name: cuenta_modulo cuenta_modulo_estado_id_5859d6c7_fk_cuenta_es; Type: FK CONSTRAINT; Schema: public; Owner: postgres
--

ALTER TABLE ONLY public.cuenta_modulo
    ADD CONSTRAINT cuenta_modulo_estado_id_5859d6c7_fk_cuenta_es FOREIGN KEY (estado_id) REFERENCES public.cuenta_estadoregistro(estado) DEFERRABLE INITIALLY DEFERRED;


--
-- Name: cuenta_profile cuenta_profile_estado_registro_id_e19978fc_fk_cuenta_es; Type: FK CONSTRAINT; Schema: public; Owner: postgres
--

ALTER TABLE ONLY public.cuenta_profile
    ADD CONSTRAINT cuenta_profile_estado_registro_id_e19978fc_fk_cuenta_es FOREIGN KEY (estado_registro_id) REFERENCES public.cuenta_estadoregistro(estado) DEFERRABLE INITIALLY DEFERRED;


--
-- Name: cuenta_user_groups cuenta_user_groups_group_id_cf2ca9f2_fk_auth_group_id; Type: FK CONSTRAINT; Schema: public; Owner: postgres
--

ALTER TABLE ONLY public.cuenta_user_groups
    ADD CONSTRAINT cuenta_user_groups_group_id_cf2ca9f2_fk_auth_group_id FOREIGN KEY (group_id) REFERENCES public.auth_group(id) DEFERRABLE INITIALLY DEFERRED;


--
-- Name: cuenta_user_groups cuenta_user_groups_user_id_70f894f5_fk_cuenta_user_id; Type: FK CONSTRAINT; Schema: public; Owner: postgres
--

ALTER TABLE ONLY public.cuenta_user_groups
    ADD CONSTRAINT cuenta_user_groups_user_id_70f894f5_fk_cuenta_user_id FOREIGN KEY (user_id) REFERENCES public.cuenta_user(id) DEFERRABLE INITIALLY DEFERRED;


--
-- Name: cuenta_user cuenta_user_perfil_id_c5ac231b_fk_cuenta_profile_id; Type: FK CONSTRAINT; Schema: public; Owner: postgres
--

ALTER TABLE ONLY public.cuenta_user
    ADD CONSTRAINT cuenta_user_perfil_id_c5ac231b_fk_cuenta_profile_id FOREIGN KEY (perfil_id) REFERENCES public.cuenta_profile(id) DEFERRABLE INITIALLY DEFERRED;


--
-- Name: cuenta_user_user_permissions cuenta_user_user_per_permission_id_401431f5_fk_auth_perm; Type: FK CONSTRAINT; Schema: public; Owner: postgres
--

ALTER TABLE ONLY public.cuenta_user_user_permissions
    ADD CONSTRAINT cuenta_user_user_per_permission_id_401431f5_fk_auth_perm FOREIGN KEY (permission_id) REFERENCES public.auth_permission(id) DEFERRABLE INITIALLY DEFERRED;


--
-- Name: cuenta_user_user_permissions cuenta_user_user_permissions_user_id_7b5627c2_fk_cuenta_user_id; Type: FK CONSTRAINT; Schema: public; Owner: postgres
--

ALTER TABLE ONLY public.cuenta_user_user_permissions
    ADD CONSTRAINT cuenta_user_user_permissions_user_id_7b5627c2_fk_cuenta_user_id FOREIGN KEY (user_id) REFERENCES public.cuenta_user(id) DEFERRABLE INITIALLY DEFERRED;


--
-- Name: django_admin_log django_admin_log_content_type_id_c4bce8eb_fk_django_co; Type: FK CONSTRAINT; Schema: public; Owner: postgres
--

ALTER TABLE ONLY public.django_admin_log
    ADD CONSTRAINT django_admin_log_content_type_id_c4bce8eb_fk_django_co FOREIGN KEY (content_type_id) REFERENCES public.django_content_type(id) DEFERRABLE INITIALLY DEFERRED;


--
-- Name: django_admin_log django_admin_log_user_id_c564eba6_fk_cuenta_user_id; Type: FK CONSTRAINT; Schema: public; Owner: postgres
--

ALTER TABLE ONLY public.django_admin_log
    ADD CONSTRAINT django_admin_log_user_id_c564eba6_fk_cuenta_user_id FOREIGN KEY (user_id) REFERENCES public.cuenta_user(id) DEFERRABLE INITIALLY DEFERRED;


--
-- Name: marketing_campania marketing_campania_categoria_id_947d87f4_fk_marketing; Type: FK CONSTRAINT; Schema: public; Owner: postgres
--

ALTER TABLE ONLY public.marketing_campania
    ADD CONSTRAINT marketing_campania_categoria_id_947d87f4_fk_marketing FOREIGN KEY (categoria_id) REFERENCES public.marketing_categoria(id) DEFERRABLE INITIALLY DEFERRED;


--
-- Name: marketing_campania marketing_campania_estado_id_8af5896d_fk_cuenta_es; Type: FK CONSTRAINT; Schema: public; Owner: postgres
--

ALTER TABLE ONLY public.marketing_campania
    ADD CONSTRAINT marketing_campania_estado_id_8af5896d_fk_cuenta_es FOREIGN KEY (estado_id) REFERENCES public.cuenta_estadoregistro(estado) DEFERRABLE INITIALLY DEFERRED;


--
-- Name: marketing_campania marketing_campania_proyecto_id_c61271da_fk_marketing; Type: FK CONSTRAINT; Schema: public; Owner: postgres
--

ALTER TABLE ONLY public.marketing_campania
    ADD CONSTRAINT marketing_campania_proyecto_id_c61271da_fk_marketing FOREIGN KEY (proyecto_id) REFERENCES public.marketing_proyecto(id) DEFERRABLE INITIALLY DEFERRED;


--
-- Name: marketing_categoria marketing_categoria_estado_id_0601d1ae_fk_cuenta_es; Type: FK CONSTRAINT; Schema: public; Owner: postgres
--

ALTER TABLE ONLY public.marketing_categoria
    ADD CONSTRAINT marketing_categoria_estado_id_0601d1ae_fk_cuenta_es FOREIGN KEY (estado_id) REFERENCES public.cuenta_estadoregistro(estado) DEFERRABLE INITIALLY DEFERRED;


--
-- Name: marketing_proyecto marketing_proyecto_estado_id_a4076a2a_fk_cuenta_es; Type: FK CONSTRAINT; Schema: public; Owner: postgres
--

ALTER TABLE ONLY public.marketing_proyecto
    ADD CONSTRAINT marketing_proyecto_estado_id_a4076a2a_fk_cuenta_es FOREIGN KEY (estado_id) REFERENCES public.cuenta_estadoregistro(estado) DEFERRABLE INITIALLY DEFERRED;


--
-- Name: token_blacklist_blacklistedtoken token_blacklist_blacklistedtoken_token_id_3cc7fe56_fk; Type: FK CONSTRAINT; Schema: public; Owner: postgres
--

ALTER TABLE ONLY public.token_blacklist_blacklistedtoken
    ADD CONSTRAINT token_blacklist_blacklistedtoken_token_id_3cc7fe56_fk FOREIGN KEY (token_id) REFERENCES public.token_blacklist_outstandingtoken(id) DEFERRABLE INITIALLY DEFERRED;


--
-- Name: token_blacklist_outstandingtoken token_blacklist_outs_user_id_83bc629a_fk_cuenta_us; Type: FK CONSTRAINT; Schema: public; Owner: postgres
--

ALTER TABLE ONLY public.token_blacklist_outstandingtoken
    ADD CONSTRAINT token_blacklist_outs_user_id_83bc629a_fk_cuenta_us FOREIGN KEY (user_id) REFERENCES public.cuenta_user(id) DEFERRABLE INITIALLY DEFERRED;


--
-- Name: ventas_asesor ventas_asesor_estado_id_442df60b_fk_cuenta_es; Type: FK CONSTRAINT; Schema: public; Owner: postgres
--

ALTER TABLE ONLY public.ventas_asesor
    ADD CONSTRAINT ventas_asesor_estado_id_442df60b_fk_cuenta_es FOREIGN KEY (estado_id) REFERENCES public.cuenta_estadoregistro(estado) DEFERRABLE INITIALLY DEFERRED;


--
-- Name: ventas_asesor ventas_asesor_user_id_fde430e7_fk_cuenta_user_id; Type: FK CONSTRAINT; Schema: public; Owner: postgres
--

ALTER TABLE ONLY public.ventas_asesor
    ADD CONSTRAINT ventas_asesor_user_id_fde430e7_fk_cuenta_user_id FOREIGN KEY (user_id) REFERENCES public.cuenta_user(id) DEFERRABLE INITIALLY DEFERRED;


--
-- Name: ventas_cotizacion ventas_cotizacion_estado_id_4c03ed64_fk_cuenta_es; Type: FK CONSTRAINT; Schema: public; Owner: postgres
--

ALTER TABLE ONLY public.ventas_cotizacion
    ADD CONSTRAINT ventas_cotizacion_estado_id_4c03ed64_fk_cuenta_es FOREIGN KEY (estado_id) REFERENCES public.cuenta_estadoregistro(estado) DEFERRABLE INITIALLY DEFERRED;


--
-- Name: ventas_cotizacion ventas_cotizacion_proyecto_id_5133ce3a_fk_marketing_proyecto_id; Type: FK CONSTRAINT; Schema: public; Owner: postgres
--

ALTER TABLE ONLY public.ventas_cotizacion
    ADD CONSTRAINT ventas_cotizacion_proyecto_id_5133ce3a_fk_marketing_proyecto_id FOREIGN KEY (proyecto_id) REFERENCES public.marketing_proyecto(id) DEFERRABLE INITIALLY DEFERRED;


--
-- Name: ventas_cotizacion ventas_cotizacion_tipo_id_76158ba5_fk_ventas_tipocotizacion_id; Type: FK CONSTRAINT; Schema: public; Owner: postgres
--

ALTER TABLE ONLY public.ventas_cotizacion
    ADD CONSTRAINT ventas_cotizacion_tipo_id_76158ba5_fk_ventas_tipocotizacion_id FOREIGN KEY (tipo_id) REFERENCES public.ventas_tipocotizacion(id) DEFERRABLE INITIALLY DEFERRED;


--
-- Name: ventas_cuota ventas_cuota_cotizacion_id_03c69e16_fk_ventas_cotizacion_id; Type: FK CONSTRAINT; Schema: public; Owner: postgres
--

ALTER TABLE ONLY public.ventas_cuota
    ADD CONSTRAINT ventas_cuota_cotizacion_id_03c69e16_fk_ventas_cotizacion_id FOREIGN KEY (cotizacion_id) REFERENCES public.ventas_cotizacion(id) DEFERRABLE INITIALLY DEFERRED;


--
-- Name: ventas_cuota ventas_cuota_estado_id_7e2e6470_fk_cuenta_estadoregistro_estado; Type: FK CONSTRAINT; Schema: public; Owner: postgres
--

ALTER TABLE ONLY public.ventas_cuota
    ADD CONSTRAINT ventas_cuota_estado_id_7e2e6470_fk_cuenta_estadoregistro_estado FOREIGN KEY (estado_id) REFERENCES public.cuenta_estadoregistro(estado) DEFERRABLE INITIALLY DEFERRED;


--
-- Name: ventas_cuota ventas_cuota_tipo_id_7ef78424_fk_ventas_tipocuota_id; Type: FK CONSTRAINT; Schema: public; Owner: postgres
--

ALTER TABLE ONLY public.ventas_cuota
    ADD CONSTRAINT ventas_cuota_tipo_id_7ef78424_fk_ventas_tipocuota_id FOREIGN KEY (tipo_id) REFERENCES public.ventas_tipocuota(id) DEFERRABLE INITIALLY DEFERRED;


--
-- Name: ventas_estadolead ventas_estadolead_estado_id_bb594f1b_fk_cuenta_es; Type: FK CONSTRAINT; Schema: public; Owner: postgres
--

ALTER TABLE ONLY public.ventas_estadolead
    ADD CONSTRAINT ventas_estadolead_estado_id_bb594f1b_fk_cuenta_es FOREIGN KEY (estado_id) REFERENCES public.cuenta_estadoregistro(estado) DEFERRABLE INITIALLY DEFERRED;


--
-- Name: ventas_evento ventas_evento_asesor_id_ea375381_fk_ventas_asesor_id; Type: FK CONSTRAINT; Schema: public; Owner: postgres
--

ALTER TABLE ONLY public.ventas_evento
    ADD CONSTRAINT ventas_evento_asesor_id_ea375381_fk_ventas_asesor_id FOREIGN KEY (asesor_id) REFERENCES public.ventas_asesor(id) DEFERRABLE INITIALLY DEFERRED;


--
-- Name: ventas_evento ventas_evento_estado_id_e829db5d_fk_cuenta_es; Type: FK CONSTRAINT; Schema: public; Owner: postgres
--

ALTER TABLE ONLY public.ventas_evento
    ADD CONSTRAINT ventas_evento_estado_id_e829db5d_fk_cuenta_es FOREIGN KEY (estado_id) REFERENCES public.cuenta_estadoregistro(estado) DEFERRABLE INITIALLY DEFERRED;


--
-- Name: ventas_evento ventas_evento_lead_id_08e70c93_fk_ventas_lead_id; Type: FK CONSTRAINT; Schema: public; Owner: postgres
--

ALTER TABLE ONLY public.ventas_evento
    ADD CONSTRAINT ventas_evento_lead_id_08e70c93_fk_ventas_lead_id FOREIGN KEY (lead_id) REFERENCES public.ventas_lead(id) DEFERRABLE INITIALLY DEFERRED;


--
-- Name: ventas_evento ventas_evento_proyecto_id_5e65b7da_fk_marketing_proyecto_id; Type: FK CONSTRAINT; Schema: public; Owner: postgres
--

ALTER TABLE ONLY public.ventas_evento
    ADD CONSTRAINT ventas_evento_proyecto_id_5e65b7da_fk_marketing_proyecto_id FOREIGN KEY (proyecto_id) REFERENCES public.marketing_proyecto(id) DEFERRABLE INITIALLY DEFERRED;


--
-- Name: ventas_evento ventas_evento_tipo_id_78657756_fk_ventas_tipoevento_id; Type: FK CONSTRAINT; Schema: public; Owner: postgres
--

ALTER TABLE ONLY public.ventas_evento
    ADD CONSTRAINT ventas_evento_tipo_id_78657756_fk_ventas_tipoevento_id FOREIGN KEY (tipo_id) REFERENCES public.ventas_tipoevento(id) DEFERRABLE INITIALLY DEFERRED;


--
-- Name: ventas_lead ventas_lead_asesor_id_dd870e0e_fk_ventas_asesor_id; Type: FK CONSTRAINT; Schema: public; Owner: postgres
--

ALTER TABLE ONLY public.ventas_lead
    ADD CONSTRAINT ventas_lead_asesor_id_dd870e0e_fk_ventas_asesor_id FOREIGN KEY (asesor_id) REFERENCES public.ventas_asesor(id) DEFERRABLE INITIALLY DEFERRED;


--
-- Name: ventas_lead ventas_lead_campania_id_f4e01b2b_fk_marketing_campania_id; Type: FK CONSTRAINT; Schema: public; Owner: postgres
--

ALTER TABLE ONLY public.ventas_lead
    ADD CONSTRAINT ventas_lead_campania_id_f4e01b2b_fk_marketing_campania_id FOREIGN KEY (campania_id) REFERENCES public.marketing_campania(id) DEFERRABLE INITIALLY DEFERRED;


--
-- Name: ventas_lead ventas_lead_estadoLead_id_d1be3161_fk_ventas_estadolead_nombre; Type: FK CONSTRAINT; Schema: public; Owner: postgres
--

ALTER TABLE ONLY public.ventas_lead
    ADD CONSTRAINT "ventas_lead_estadoLead_id_d1be3161_fk_ventas_estadolead_nombre" FOREIGN KEY ("estadoLead_id") REFERENCES public.ventas_estadolead(nombre) DEFERRABLE INITIALLY DEFERRED;


--
-- Name: ventas_lead ventas_lead_estado_id_54a193d0_fk_cuenta_estadoregistro_estado; Type: FK CONSTRAINT; Schema: public; Owner: postgres
--

ALTER TABLE ONLY public.ventas_lead
    ADD CONSTRAINT ventas_lead_estado_id_54a193d0_fk_cuenta_estadoregistro_estado FOREIGN KEY (estado_id) REFERENCES public.cuenta_estadoregistro(estado) DEFERRABLE INITIALLY DEFERRED;


--
-- Name: ventas_lead ventas_lead_objecion_id_0176a2b4_fk_ventas_objecion_id; Type: FK CONSTRAINT; Schema: public; Owner: postgres
--

ALTER TABLE ONLY public.ventas_lead
    ADD CONSTRAINT ventas_lead_objecion_id_0176a2b4_fk_ventas_objecion_id FOREIGN KEY (objecion_id) REFERENCES public.ventas_objecion(id) DEFERRABLE INITIALLY DEFERRED;


--
-- Name: ventas_llamada ventas_llamada_estado_id_0cfebce4_fk_cuenta_es; Type: FK CONSTRAINT; Schema: public; Owner: postgres
--

ALTER TABLE ONLY public.ventas_llamada
    ADD CONSTRAINT ventas_llamada_estado_id_0cfebce4_fk_cuenta_es FOREIGN KEY (estado_id) REFERENCES public.cuenta_estadoregistro(estado) DEFERRABLE INITIALLY DEFERRED;


--
-- Name: ventas_llamada ventas_llamada_lead_id_78d422d7_fk_ventas_lead_id; Type: FK CONSTRAINT; Schema: public; Owner: postgres
--

ALTER TABLE ONLY public.ventas_llamada
    ADD CONSTRAINT ventas_llamada_lead_id_78d422d7_fk_ventas_lead_id FOREIGN KEY (lead_id) REFERENCES public.ventas_lead(id) DEFERRABLE INITIALLY DEFERRED;


--
-- Name: ventas_objecion ventas_objecion_estado_id_e3665317_fk_cuenta_es; Type: FK CONSTRAINT; Schema: public; Owner: postgres
--

ALTER TABLE ONLY public.ventas_objecion
    ADD CONSTRAINT ventas_objecion_estado_id_e3665317_fk_cuenta_es FOREIGN KEY (estado_id) REFERENCES public.cuenta_estadoregistro(estado) DEFERRABLE INITIALLY DEFERRED;


--
-- Name: ventas_precio ventas_precio_cotizacion_id_723444f0_fk_ventas_cotizacion_id; Type: FK CONSTRAINT; Schema: public; Owner: postgres
--

ALTER TABLE ONLY public.ventas_precio
    ADD CONSTRAINT ventas_precio_cotizacion_id_723444f0_fk_ventas_cotizacion_id FOREIGN KEY (cotizacion_id) REFERENCES public.ventas_cotizacion(id) DEFERRABLE INITIALLY DEFERRED;


--
-- Name: ventas_precio ventas_precio_estado_id_0c23bcdc_fk_cuenta_es; Type: FK CONSTRAINT; Schema: public; Owner: postgres
--

ALTER TABLE ONLY public.ventas_precio
    ADD CONSTRAINT ventas_precio_estado_id_0c23bcdc_fk_cuenta_es FOREIGN KEY (estado_id) REFERENCES public.cuenta_estadoregistro(estado) DEFERRABLE INITIALLY DEFERRED;


--
-- Name: ventas_precio ventas_precio_tipoProducto_id_db5855af_fk_ventas_ti; Type: FK CONSTRAINT; Schema: public; Owner: postgres
--

ALTER TABLE ONLY public.ventas_precio
    ADD CONSTRAINT "ventas_precio_tipoProducto_id_db5855af_fk_ventas_ti" FOREIGN KEY ("tipoProducto_id") REFERENCES public.ventas_tipoproducto(id) DEFERRABLE INITIALLY DEFERRED;


--
-- Name: ventas_producto ventas_producto_estado_id_24db19a3_fk_cuenta_es; Type: FK CONSTRAINT; Schema: public; Owner: postgres
--

ALTER TABLE ONLY public.ventas_producto
    ADD CONSTRAINT ventas_producto_estado_id_24db19a3_fk_cuenta_es FOREIGN KEY (estado_id) REFERENCES public.cuenta_estadoregistro(estado) DEFERRABLE INITIALLY DEFERRED;


--
-- Name: ventas_producto ventas_producto_proyecto_id_50e7196a_fk_marketing_proyecto_id; Type: FK CONSTRAINT; Schema: public; Owner: postgres
--

ALTER TABLE ONLY public.ventas_producto
    ADD CONSTRAINT ventas_producto_proyecto_id_50e7196a_fk_marketing_proyecto_id FOREIGN KEY (proyecto_id) REFERENCES public.marketing_proyecto(id) DEFERRABLE INITIALLY DEFERRED;


--
-- Name: ventas_producto ventas_producto_tipo_id_12a8cb82_fk_ventas_tipoproducto_id; Type: FK CONSTRAINT; Schema: public; Owner: postgres
--

ALTER TABLE ONLY public.ventas_producto
    ADD CONSTRAINT ventas_producto_tipo_id_12a8cb82_fk_ventas_tipoproducto_id FOREIGN KEY (tipo_id) REFERENCES public.ventas_tipoproducto(id) DEFERRABLE INITIALLY DEFERRED;


--
-- Name: ventas_proyectotipoproducto ventas_proyectotipop_proyecto_id_49eff36f_fk_marketing; Type: FK CONSTRAINT; Schema: public; Owner: postgres
--

ALTER TABLE ONLY public.ventas_proyectotipoproducto
    ADD CONSTRAINT ventas_proyectotipop_proyecto_id_49eff36f_fk_marketing FOREIGN KEY (proyecto_id) REFERENCES public.marketing_proyecto(id) DEFERRABLE INITIALLY DEFERRED;


--
-- Name: ventas_proyectotipoproducto ventas_proyectotipop_tipo_producto_id_8af26c72_fk_ventas_ti; Type: FK CONSTRAINT; Schema: public; Owner: postgres
--

ALTER TABLE ONLY public.ventas_proyectotipoproducto
    ADD CONSTRAINT ventas_proyectotipop_tipo_producto_id_8af26c72_fk_ventas_ti FOREIGN KEY (tipo_producto_id) REFERENCES public.ventas_tipoproducto(id) DEFERRABLE INITIALLY DEFERRED;


--
-- Name: ventas_tipocotizacion ventas_tipocotizacio_estado_id_65417f55_fk_cuenta_es; Type: FK CONSTRAINT; Schema: public; Owner: postgres
--

ALTER TABLE ONLY public.ventas_tipocotizacion
    ADD CONSTRAINT ventas_tipocotizacio_estado_id_65417f55_fk_cuenta_es FOREIGN KEY (estado_id) REFERENCES public.cuenta_estadoregistro(estado) DEFERRABLE INITIALLY DEFERRED;


--
-- Name: ventas_tipocuota ventas_tipocuota_estado_id_9266ec5f_fk_cuenta_es; Type: FK CONSTRAINT; Schema: public; Owner: postgres
--

ALTER TABLE ONLY public.ventas_tipocuota
    ADD CONSTRAINT ventas_tipocuota_estado_id_9266ec5f_fk_cuenta_es FOREIGN KEY (estado_id) REFERENCES public.cuenta_estadoregistro(estado) DEFERRABLE INITIALLY DEFERRED;


--
-- Name: ventas_tipoevento ventas_tipoevento_estado_id_9c7fb81b_fk_cuenta_es; Type: FK CONSTRAINT; Schema: public; Owner: postgres
--

ALTER TABLE ONLY public.ventas_tipoevento
    ADD CONSTRAINT ventas_tipoevento_estado_id_9c7fb81b_fk_cuenta_es FOREIGN KEY (estado_id) REFERENCES public.cuenta_estadoregistro(estado) DEFERRABLE INITIALLY DEFERRED;


--
-- Name: ventas_tipoproducto ventas_tipoproducto_estado_id_34c73ef0_fk_cuenta_es; Type: FK CONSTRAINT; Schema: public; Owner: postgres
--

ALTER TABLE ONLY public.ventas_tipoproducto
    ADD CONSTRAINT ventas_tipoproducto_estado_id_34c73ef0_fk_cuenta_es FOREIGN KEY (estado_id) REFERENCES public.cuenta_estadoregistro(estado) DEFERRABLE INITIALLY DEFERRED;


--
-- Name: ventas_whatsapp ventas_whatsapp_estado_id_6e36a6d1_fk_cuenta_es; Type: FK CONSTRAINT; Schema: public; Owner: postgres
--

ALTER TABLE ONLY public.ventas_whatsapp
    ADD CONSTRAINT ventas_whatsapp_estado_id_6e36a6d1_fk_cuenta_es FOREIGN KEY (estado_id) REFERENCES public.cuenta_estadoregistro(estado) DEFERRABLE INITIALLY DEFERRED;


--
-- Name: ventas_whatsapp ventas_whatsapp_lead_id_49f8bd1e_fk_ventas_lead_id; Type: FK CONSTRAINT; Schema: public; Owner: postgres
--

ALTER TABLE ONLY public.ventas_whatsapp
    ADD CONSTRAINT ventas_whatsapp_lead_id_49f8bd1e_fk_ventas_lead_id FOREIGN KEY (lead_id) REFERENCES public.ventas_lead(id) DEFERRABLE INITIALLY DEFERRED;


--
-- PostgreSQL database dump complete
--

